# Blender 3.4.0
# www.blender.org
mtllib board_collision.mtl
o BalanceBoard_Upper_Collision
v -0.006599 0.197390 0.033000
v -0.009327 0.197280 0.033000
v -0.009325 0.197249 0.033347
v -0.019769 0.196508 0.033000
v -0.023272 0.196124 0.033000
v -0.023268 0.196094 0.033347
v -0.026324 0.195738 0.033000
v -0.027897 0.195520 0.033000
v -0.027893 0.195490 0.033347
v -0.032850 0.194749 0.033000
v -0.037099 0.193984 0.033000
v -0.037094 0.193954 0.033347
v -0.039339 0.193542 0.033000
v -0.041671 0.193054 0.033000
v -0.041664 0.193024 0.033347
v -0.052179 0.190483 0.033000
v -0.055235 0.189619 0.033000
v -0.055227 0.189590 0.033347
v -0.058514 0.188633 0.033000
v -0.059698 0.188261 0.033000
v -0.059689 0.188232 0.033347
v -0.064785 0.186572 0.033000
v -0.068522 0.185232 0.033000
v -0.068512 0.185204 0.033347
v -0.070983 0.184303 0.033000
v -0.072878 0.183562 0.033000
v -0.072867 0.183534 0.033347
v -0.077102 0.181828 0.033000
v -0.077193 0.181790 0.033000
v -0.077181 0.181762 0.033347
v -0.083135 0.179150 0.033000
v -0.085692 0.177941 0.033000
v -0.085679 0.177914 0.033347
v -0.094915 0.173198 0.033000
v -0.098076 0.171427 0.033000
v -0.098061 0.171401 0.033347
v -0.100649 0.169929 0.033000
v -0.102097 0.169063 0.033000
v -0.102082 0.169037 0.033347
v -0.106271 0.166471 0.033000
v -0.109967 0.164053 0.033000
v -0.109951 0.164028 0.033347
v -0.111775 0.162827 0.033000
v -0.113811 0.161410 0.033000
v -0.113794 0.161385 0.033347
v -0.122401 0.154998 0.033000
v -0.124954 0.152947 0.033000
v -0.124935 0.152923 0.033347
v -0.127512 0.150821 0.033000
v -0.128532 0.149953 0.033000
v -0.128512 0.149930 0.033347
v -0.132480 0.146476 0.033000
v -0.135470 0.143716 0.033000
v -0.135449 0.143693 0.033347
v -0.137301 0.141968 0.033000
v -0.138826 0.140476 0.033000
v -0.138805 0.140454 0.033347
v -0.141968 0.137301 0.033000
v -0.142106 0.137158 0.033000
v -0.142084 0.137137 0.033347
v -0.146476 0.132480 0.033000
v -0.148424 0.130294 0.033000
v -0.148401 0.130274 0.033347
v -0.154998 0.122401 0.033000
v -0.157277 0.119458 0.033000
v -0.157253 0.119439 0.033347
v -0.159001 0.117153 0.033000
v -0.160055 0.115710 0.033000
v -0.160030 0.115692 0.033347
v -0.162827 0.111775 0.033000
v -0.165340 0.108022 0.033000
v -0.165315 0.108006 0.033347
v -0.166471 0.106271 0.033000
v -0.167846 0.104087 0.033000
v -0.167820 0.104071 0.033347
v -0.173198 0.094915 0.033000
v -0.174794 0.091942 0.033000
v -0.174767 0.091928 0.033347
v -0.176272 0.089074 0.033000
v -0.176917 0.087788 0.033000
v -0.176890 0.087774 0.033347
v -0.179150 0.083135 0.033000
v -0.180865 0.079335 0.033000
v -0.180837 0.079323 0.033347
v -0.181828 0.077102 0.033000
v -0.182689 0.075041 0.033000
v -0.182660 0.075029 0.033347
v -0.186572 0.064785 0.033000
v -0.187543 0.061918 0.033000
v -0.187514 0.061908 0.033347
v -0.188633 0.058514 0.033000
v -0.188953 0.057471 0.033000
v -0.188924 0.057462 0.033347
v -0.190483 0.052179 0.033000
v -0.191457 0.048483 0.033000
v -0.191427 0.048476 0.033347
v -0.192120 0.045784 0.033000
v -0.192548 0.043948 0.033000
v -0.192519 0.043941 0.033347
v -0.193542 0.039339 0.033000
v -0.194409 0.034806 0.033000
v -0.194379 0.034801 0.033347
v -0.194749 0.032850 0.033000
v -0.195177 0.030204 0.033000
v -0.195147 0.030200 0.033347
v -0.196508 0.019769 0.033000
v -0.196825 0.016309 0.033000
v -0.196795 0.016307 0.033347
v -0.197059 0.013192 0.033000
v -0.197156 0.011656 0.033000
v -0.197125 0.011654 0.033347
v -0.197390 0.006599 0.033000
v -0.197486 0.002333 0.033000
v -0.197456 0.002332 0.033347
v -0.197500 0.000000 0.033000
v -0.197486 -0.002333 0.033000
v -0.197456 -0.002332 0.033347
v -0.197059 -0.013192 0.033000
v -0.196825 -0.016309 0.033000
v -0.196795 -0.016307 0.033347
v -0.196508 -0.019769 0.033000
v -0.196385 -0.020954 0.033000
v -0.196355 -0.020950 0.033347
v -0.195738 -0.026324 0.033000
v -0.195177 -0.030204 0.033000
v -0.195147 -0.030200 0.033347
v -0.194749 -0.032850 0.033000
v -0.194409 -0.034806 0.033000
v -0.194379 -0.034801 0.033347
v -0.193542 -0.039339 0.033000
v -0.193533 -0.039388 0.033000
v -0.193503 -0.039382 0.033347
v -0.192120 -0.045784 0.033000
v -0.191457 -0.048483 0.033000
v -0.191427 -0.048476 0.033347
v -0.188633 -0.058514 0.033000
v -0.187543 -0.061918 0.033000
v -0.187514 -0.061908 0.033347
v -0.186572 -0.064785 0.033000
v -0.186029 -0.066330 0.033000
v -0.186000 -0.066320 0.033347
v -0.184303 -0.070983 0.033000
v -0.182689 -0.075041 0.033000
v -0.182660 -0.075029 0.033347
v -0.181828 -0.077102 0.033000
v -0.180865 -0.079335 0.033000
v -0.180837 -0.079323 0.033347
v -0.176272 -0.089074 0.033000
v -0.174794 -0.091942 0.033000
v -0.174767 -0.091928 0.033347
v -0.173198 -0.094915 0.033000
v -0.172574 -0.096044 0.033000
v -0.172547 -0.096030 0.033347
v -0.169929 -0.100649 0.033000
v -0.167846 -0.104087 0.033000
v -0.167820 -0.104071 0.033347
v -0.166471 -0.106271 0.033000
v -0.165340 -0.108022 0.033000
v -0.165315 -0.108006 0.033347
v -0.162827 -0.111775 0.033000
v -0.162743 -0.111897 0.033000
v -0.162718 -0.111880 0.033347
v -0.159001 -0.117153 0.033000
v -0.157277 -0.119458 0.033000
v -0.157253 -0.119439 0.033347
v -0.150821 -0.127512 0.033000
v -0.148424 -0.130294 0.033000
v -0.148401 -0.130274 0.033347
v -0.146476 -0.132480 0.033000
v -0.145305 -0.133763 0.033000
v -0.145283 -0.133743 0.033347
v -0.141968 -0.137301 0.033000
v -0.138826 -0.140476 0.033000
v -0.138805 -0.140454 0.033347
v -0.137301 -0.141968 0.033000
v -0.135470 -0.143716 0.033000
v -0.135449 -0.143693 0.033347
v -0.127512 -0.150821 0.033000
v -0.124954 -0.152947 0.033000
v -0.124935 -0.152923 0.033347
v -0.122401 -0.154998 0.033000
v -0.121307 -0.155855 0.033000
v -0.121288 -0.155831 0.033347
v -0.117153 -0.159001 0.033000
v -0.113811 -0.161410 0.033000
v -0.113794 -0.161385 0.033347
v -0.111775 -0.162827 0.033000
v -0.109967 -0.164053 0.033000
v -0.109951 -0.164028 0.033347
v -0.100649 -0.169929 0.033000
v -0.098076 -0.171427 0.033000
v -0.098061 -0.171401 0.033347
v -0.089074 -0.176272 0.033000
v -0.085692 -0.177941 0.033000
v -0.085679 -0.177914 0.033347
v -0.083135 -0.179150 0.033000
v -0.081465 -0.179916 0.033000
v -0.081453 -0.179888 0.033347
v -0.077102 -0.181828 0.033000
v -0.072878 -0.183562 0.033000
v -0.072867 -0.183534 0.033347
v -0.070983 -0.184303 0.033000
v -0.068522 -0.185232 0.033000
v -0.068512 -0.185204 0.033347
v -0.058514 -0.188633 0.033000
v -0.055235 -0.189619 0.033000
v -0.055227 -0.189590 0.033347
v -0.052179 -0.190483 0.033000
v -0.050741 -0.190871 0.033000
v -0.050733 -0.190841 0.033347
v -0.045784 -0.192120 0.033000
v -0.041671 -0.193054 0.033000
v -0.041664 -0.193024 0.033347
v -0.039339 -0.193542 0.033000
v -0.037099 -0.193984 0.033000
v -0.037094 -0.193954 0.033347
v -0.026324 -0.195738 0.033000
v -0.023272 -0.196124 0.033000
v -0.023268 -0.196094 0.033347
v -0.019769 -0.196508 0.033000
v -0.018633 -0.196619 0.033000
v -0.018630 -0.196589 0.033347
v -0.013192 -0.197059 0.033000
v -0.009327 -0.197280 0.033000
v -0.009325 -0.197249 0.033347
v -0.006599 -0.197390 0.033000
v -0.004665 -0.197445 0.033000
v -0.004664 -0.197415 0.033347
v -0.032178 -0.192834 0.035000
v -0.036724 -0.192020 0.035000
v -0.032235 -0.193176 0.034970
v -0.036789 -0.192361 0.034970
v -0.032291 -0.193508 0.034879
v -0.036852 -0.192692 0.034879
v -0.032343 -0.193820 0.034732
v -0.036912 -0.193002 0.034732
v -0.032390 -0.194102 0.034532
v -0.036965 -0.193283 0.034532
v -0.032430 -0.194345 0.034286
v -0.037012 -0.193525 0.034286
v -0.032463 -0.194542 0.034000
v -0.037049 -0.193721 0.034000
v -0.032488 -0.194687 0.033684
v -0.037077 -0.193866 0.033684
v -0.032502 -0.194776 0.033347
v -0.063479 -0.184907 0.035000
v -0.067828 -0.183356 0.035000
v -0.063592 -0.185236 0.034970
v -0.067949 -0.183682 0.034970
v -0.063701 -0.185554 0.034879
v -0.068066 -0.183998 0.034879
v -0.063803 -0.185853 0.034732
v -0.068175 -0.184294 0.034732
v -0.063896 -0.186123 0.034532
v -0.068274 -0.184562 0.034532
v -0.063976 -0.186356 0.034286
v -0.068360 -0.184793 0.034286
v -0.064041 -0.186545 0.034000
v -0.068429 -0.184981 0.034000
v -0.064089 -0.186685 0.033684
v -0.068480 -0.185119 0.033684
v -0.064118 -0.186770 0.033347
v -0.093048 -0.171937 0.035000
v -0.097083 -0.169691 0.035000
v -0.093213 -0.172243 0.034970
v -0.097255 -0.169993 0.034970
v -0.093373 -0.172539 0.034879
v -0.097422 -0.170285 0.034879
v -0.093524 -0.172817 0.034732
v -0.097579 -0.170559 0.034732
v -0.093660 -0.173068 0.034532
v -0.097721 -0.170807 0.034532
v -0.093777 -0.173285 0.034286
v -0.097844 -0.171021 0.034286
v -0.093872 -0.173460 0.034000
v -0.097943 -0.171195 0.034000
v -0.093942 -0.173590 0.033684
v -0.098016 -0.171323 0.033684
v -0.093985 -0.173669 0.033347
v -0.104988 -0.164917 0.035000
v -0.108854 -0.162392 0.035000
v -0.105174 -0.165210 0.034970
v -0.109047 -0.162680 0.034970
v -0.105355 -0.165495 0.034879
v -0.109235 -0.162960 0.034879
v -0.105525 -0.165761 0.034732
v -0.109411 -0.163222 0.034732
v -0.105678 -0.166002 0.034532
v -0.109570 -0.163460 0.034532
v -0.105811 -0.166210 0.034286
v -0.109707 -0.163664 0.034286
v -0.105918 -0.166379 0.034000
v -0.109818 -0.163831 0.034000
v -0.105997 -0.166503 0.033684
v -0.109900 -0.163953 0.033684
v -0.106046 -0.166579 0.033347
v -0.130701 -0.145388 0.035000
v -0.134098 -0.142260 0.035000
v -0.130933 -0.145646 0.034970
v -0.134336 -0.142513 0.034970
v -0.131158 -0.145896 0.034879
v -0.134567 -0.142758 0.034879
v -0.131369 -0.146131 0.034732
v -0.134784 -0.142988 0.034732
v -0.131560 -0.146344 0.034532
v -0.134980 -0.143196 0.034532
v -0.131725 -0.146527 0.034286
v -0.135149 -0.143375 0.034286
v -0.131859 -0.146676 0.034000
v -0.135286 -0.143521 0.034000
v -0.131957 -0.146785 0.033684
v -0.135387 -0.143628 0.033684
v -0.132017 -0.146853 0.033347
v -0.152848 -0.121892 0.035000
v -0.155684 -0.118248 0.035000
v -0.153120 -0.122109 0.034970
v -0.155961 -0.118458 0.034970
v -0.153383 -0.122319 0.034879
v -0.156229 -0.118662 0.034879
v -0.153630 -0.122516 0.034732
v -0.156481 -0.118853 0.034732
v -0.153853 -0.122694 0.034532
v -0.156708 -0.119026 0.034532
v -0.154046 -0.122847 0.034286
v -0.156904 -0.119175 0.034286
v -0.154202 -0.122972 0.034000
v -0.157064 -0.119296 0.034000
v -0.154317 -0.123064 0.033684
v -0.157181 -0.119385 0.033684
v -0.154388 -0.123120 0.033347
v -0.177129 -0.082738 0.035000
v -0.179034 -0.078531 0.035000
v -0.177444 -0.082885 0.034970
v -0.179352 -0.078671 0.034970
v -0.177749 -0.083028 0.034879
v -0.179660 -0.078806 0.034879
v -0.178035 -0.083161 0.034732
v -0.179949 -0.078933 0.034732
v -0.178294 -0.083282 0.034532
v -0.180211 -0.079048 0.034532
v -0.178517 -0.083387 0.034286
v -0.180437 -0.079147 0.034286
v -0.178698 -0.083471 0.034000
v -0.180620 -0.079227 0.034000
v -0.178832 -0.083533 0.033684
v -0.180755 -0.079286 0.033684
v -0.178913 -0.083572 0.033347
v -0.188331 -0.052455 0.035000
v -0.189518 -0.047992 0.035000
v -0.188666 -0.052548 0.034970
v -0.189854 -0.048078 0.034970
v -0.188990 -0.052639 0.034879
v -0.190181 -0.048160 0.034879
v -0.189295 -0.052724 0.034732
v -0.190487 -0.048238 0.034732
v -0.189570 -0.052800 0.034532
v -0.190764 -0.048308 0.034532
v -0.189807 -0.052866 0.034286
v -0.191003 -0.048369 0.034286
v -0.190000 -0.052920 0.034000
v -0.191197 -0.048418 0.034000
v -0.190142 -0.052959 0.033684
v -0.191340 -0.048454 0.033684
v -0.190229 -0.052984 0.033347
v -0.195377 -0.006925 0.035000
v -0.195486 -0.002309 0.035000
v -0.195724 -0.006938 0.034970
v -0.195834 -0.002313 0.034970
v -0.196061 -0.006950 0.034879
v -0.196170 -0.002317 0.034879
v -0.196377 -0.006961 0.034732
v -0.196486 -0.002321 0.034732
v -0.196662 -0.006971 0.034532
v -0.196772 -0.002324 0.034532
v -0.196908 -0.006980 0.034286
v -0.197018 -0.002327 0.034286
v -0.197108 -0.006987 0.034000
v -0.197218 -0.002329 0.034000
v -0.197256 -0.006992 0.033684
v -0.197366 -0.002331 0.033684
v -0.197346 -0.006995 0.033347
v -0.193852 0.025327 0.035000
v -0.193200 0.029899 0.035000
v -0.194197 0.025372 0.034970
v -0.193543 0.029952 0.034970
v -0.194531 0.025416 0.034879
v -0.193876 0.030003 0.034879
v -0.194844 0.025457 0.034732
v -0.194188 0.030052 0.034732
v -0.195127 0.025494 0.034532
v -0.194471 0.030095 0.034532
v -0.195372 0.025526 0.034286
v -0.194714 0.030133 0.034286
v -0.195570 0.025551 0.034000
v -0.194912 0.030163 0.034000
v -0.195716 0.025571 0.033684
v -0.195057 0.030186 0.033684
v -0.195806 0.025582 0.033347
v -0.182543 0.069989 0.035000
v -0.180839 0.074281 0.035000
v -0.182867 0.070113 0.034970
v -0.181160 0.074413 0.034970
v -0.183181 0.070234 0.034879
v -0.181471 0.074541 0.034879
v -0.183476 0.070347 0.034732
v -0.181764 0.074661 0.034732
v -0.183743 0.070449 0.034532
v -0.182028 0.074769 0.034532
v -0.183973 0.070538 0.034286
v -0.182256 0.074863 0.034286
v -0.184160 0.070609 0.034000
v -0.182441 0.074939 0.034000
v -0.184297 0.070662 0.033684
v -0.182577 0.074995 0.033684
v -0.184382 0.070694 0.033347
v -0.168533 0.099080 0.035000
v -0.166146 0.103033 0.035000
v -0.168832 0.099256 0.034970
v -0.166441 0.103216 0.034970
v -0.169123 0.099427 0.034879
v -0.166727 0.103393 0.034879
v -0.169395 0.099587 0.034732
v -0.166996 0.103560 0.034732
v -0.169641 0.099732 0.034532
v -0.167238 0.103710 0.034532
v -0.169854 0.099856 0.034286
v -0.167448 0.103840 0.034286
v -0.170026 0.099958 0.034000
v -0.167618 0.103946 0.034000
v -0.170153 0.100033 0.033684
v -0.167743 0.104023 0.033684
v -0.170231 0.100078 0.033347
v -0.149926 0.125468 0.035000
v -0.146921 0.128974 0.035000
v -0.150193 0.125691 0.034970
v -0.147182 0.129204 0.034970
v -0.150451 0.125907 0.034879
v -0.147435 0.129426 0.034879
v -0.150693 0.126110 0.034732
v -0.147673 0.129634 0.034732
v -0.150912 0.126293 0.034532
v -0.147887 0.129823 0.034532
v -0.151101 0.126452 0.034286
v -0.148073 0.129985 0.034286
v -0.151255 0.126580 0.034000
v -0.148223 0.130117 0.034000
v -0.151368 0.126675 0.033684
v -0.148334 0.130214 0.033684
v -0.151437 0.126732 0.033347
v -0.116401 0.157070 0.035000
v -0.112659 0.159775 0.035000
v -0.116608 0.157349 0.034970
v -0.112859 0.160059 0.034970
v -0.116809 0.157620 0.034879
v -0.113053 0.160335 0.034879
v -0.116997 0.157873 0.034732
v -0.113235 0.160593 0.034732
v -0.117167 0.158103 0.034532
v -0.113400 0.160826 0.034532
v -0.117313 0.158301 0.034286
v -0.113542 0.161028 0.034286
v -0.117433 0.158462 0.034000
v -0.113657 0.161191 0.034000
v -0.117520 0.158580 0.033684
v -0.113742 0.161311 0.033684
v -0.117574 0.158652 0.033347
v -0.088961 0.174087 0.035000
v -0.084824 0.176139 0.035000
v -0.089119 0.174396 0.034970
v -0.084975 0.176452 0.034970
v -0.089272 0.174696 0.034879
v -0.085121 0.176756 0.034879
v -0.089416 0.174977 0.034732
v -0.085258 0.177040 0.034732
v -0.089546 0.175232 0.034532
v -0.085382 0.177298 0.034532
v -0.089658 0.175451 0.034286
v -0.085489 0.177520 0.034286
v -0.089749 0.175629 0.034000
v -0.085576 0.177700 0.034000
v -0.089816 0.175760 0.033684
v -0.085640 0.177833 0.033684
v -0.089857 0.175841 0.033347
v -0.045751 0.190071 0.035000
v -0.041249 0.191099 0.035000
v -0.045832 0.190409 0.034970
v -0.041322 0.191438 0.034970
v -0.045911 0.190736 0.034879
v -0.041393 0.191768 0.034879
v -0.045985 0.191044 0.034732
v -0.041460 0.192076 0.034732
v -0.046052 0.191321 0.034532
v -0.041520 0.192356 0.034532
v -0.046109 0.191561 0.034286
v -0.041572 0.192596 0.034286
v -0.046156 0.191755 0.034000
v -0.041614 0.192792 0.034000
v -0.046191 0.191899 0.033684
v -0.041645 0.192936 0.033684
v -0.046212 0.191986 0.033347
v -0.013842 0.195009 0.035000
v -0.009232 0.195282 0.035000
v -0.013867 0.195356 0.034970
v -0.009249 0.195629 0.034970
v -0.013891 0.195692 0.034879
v -0.009265 0.195965 0.034879
v -0.013913 0.196007 0.034732
v -0.009280 0.196281 0.034732
v -0.013933 0.196292 0.034532
v -0.009293 0.196566 0.034532
v -0.013951 0.196538 0.034286
v -0.009305 0.196812 0.034286
v -0.013965 0.196737 0.034000
v -0.009314 0.197012 0.034000
v -0.013975 0.196884 0.033684
v -0.009321 0.197159 0.033684
v -0.013982 0.196974 0.033347
v -0.000000 -0.195500 0.035000
v -0.004617 -0.195445 0.035000
v -0.000000 -0.195847 0.034970
v -0.004626 -0.195793 0.034970
v -0.000000 -0.196184 0.034879
v -0.004634 -0.196129 0.034879
v -0.000000 -0.196500 0.034732
v -0.004641 -0.196445 0.034732
v -0.000000 -0.196786 0.034532
v -0.004648 -0.196731 0.034532
v -0.000000 -0.197032 0.034286
v -0.004654 -0.196977 0.034286
v -0.000000 -0.197232 0.034000
v -0.004658 -0.197177 0.034000
v -0.000000 -0.197379 0.033684
v -0.004662 -0.197324 0.033684
v -0.000000 -0.197470 0.033347
v -0.000000 -0.197500 0.033000
v -0.009232 -0.195282 0.035000
v -0.009249 -0.195629 0.034970
v -0.009265 -0.195965 0.034879
v -0.009280 -0.196281 0.034732
v -0.009293 -0.196566 0.034532
v -0.009305 -0.196812 0.034286
v -0.009314 -0.197012 0.034000
v -0.009321 -0.197159 0.033684
v -0.013984 -0.197004 0.033000
v -0.013982 -0.196974 0.033347
v -0.013975 -0.196884 0.033684
v -0.013965 -0.196737 0.034000
v -0.013951 -0.196538 0.034286
v -0.013933 -0.196292 0.034532
v -0.013913 -0.196007 0.034732
v -0.013891 -0.195692 0.034879
v -0.013867 -0.195356 0.034970
v -0.013842 -0.195009 0.035000
v -0.018444 -0.194628 0.035000
v -0.018477 -0.194974 0.034970
v -0.018509 -0.195309 0.034879
v -0.018538 -0.195624 0.034732
v -0.018565 -0.195908 0.034532
v -0.018589 -0.196153 0.034286
v -0.018608 -0.196352 0.034000
v -0.018621 -0.196499 0.033684
v -0.023036 -0.194138 0.035000
v -0.023077 -0.194483 0.034970
v -0.023116 -0.194817 0.034879
v -0.023154 -0.195131 0.034732
v -0.023187 -0.195415 0.034532
v -0.023216 -0.195660 0.034286
v -0.023240 -0.195858 0.034000
v -0.023257 -0.196004 0.033684
v -0.027897 -0.195520 0.033000
v -0.027893 -0.195490 0.033347
v -0.027880 -0.195400 0.033684
v -0.027859 -0.195255 0.034000
v -0.027831 -0.195057 0.034286
v -0.027796 -0.194813 0.034532
v -0.027756 -0.194530 0.034732
v -0.027711 -0.194217 0.034879
v -0.027664 -0.193884 0.034970
v -0.027615 -0.193540 0.035000
v -0.032507 -0.194806 0.033000
v -0.032850 -0.194749 0.033000
v -0.041249 -0.191099 0.035000
v -0.041322 -0.191438 0.034970
v -0.041393 -0.191768 0.034879
v -0.041460 -0.192076 0.034732
v -0.041520 -0.192356 0.034532
v -0.041572 -0.192596 0.034286
v -0.041614 -0.192792 0.034000
v -0.041645 -0.192936 0.033684
v -0.046219 -0.192016 0.033000
v -0.046212 -0.191986 0.033347
v -0.046191 -0.191899 0.033684
v -0.046156 -0.191755 0.034000
v -0.046109 -0.191561 0.034286
v -0.046052 -0.191321 0.034532
v -0.045985 -0.191044 0.034732
v -0.045911 -0.190736 0.034879
v -0.045832 -0.190409 0.034970
v -0.045751 -0.190071 0.035000
v -0.050227 -0.188938 0.035000
v -0.050317 -0.189273 0.034970
v -0.050403 -0.189599 0.034879
v -0.050484 -0.189904 0.034732
v -0.050558 -0.190180 0.034532
v -0.050621 -0.190418 0.034286
v -0.050672 -0.190612 0.034000
v -0.050710 -0.190754 0.033684
v -0.054676 -0.187699 0.035000
v -0.054773 -0.188032 0.034970
v -0.054867 -0.188355 0.034879
v -0.054955 -0.188659 0.034732
v -0.055035 -0.188933 0.034532
v -0.055104 -0.189170 0.034286
v -0.055160 -0.189362 0.034000
v -0.055201 -0.189503 0.033684
v -0.059698 -0.188261 0.033000
v -0.059689 -0.188232 0.033347
v -0.059662 -0.188146 0.033684
v -0.059617 -0.188006 0.034000
v -0.059557 -0.187815 0.034286
v -0.059482 -0.187580 0.034532
v -0.059396 -0.187308 0.034732
v -0.059301 -0.187007 0.034879
v -0.059199 -0.186686 0.034970
v -0.059094 -0.186355 0.035000
v -0.064128 -0.186799 0.033000
v -0.064785 -0.186572 0.033000
v -0.072834 -0.183450 0.033684
v -0.072779 -0.183313 0.034000
v -0.072705 -0.183127 0.034286
v -0.072614 -0.182898 0.034532
v -0.072509 -0.182633 0.034732
v -0.072392 -0.182339 0.034879
v -0.072268 -0.182026 0.034970
v -0.072140 -0.181703 0.035000
v -0.077193 -0.181790 0.033000
v -0.077181 -0.181762 0.033347
v -0.077146 -0.181679 0.033684
v -0.077089 -0.181543 0.034000
v -0.077010 -0.181359 0.034286
v -0.076914 -0.181132 0.034532
v -0.076802 -0.180869 0.034732
v -0.076679 -0.180578 0.034879
v -0.076547 -0.180268 0.034970
v -0.076412 -0.179949 0.035000
v -0.080640 -0.178094 0.035000
v -0.080784 -0.178410 0.034970
v -0.080923 -0.178717 0.034879
v -0.081053 -0.179005 0.034732
v -0.081171 -0.179265 0.034532
v -0.081272 -0.179489 0.034286
v -0.081355 -0.179672 0.034000
v -0.081416 -0.179806 0.033684
v -0.084824 -0.176139 0.035000
v -0.084975 -0.176452 0.034970
v -0.085121 -0.176756 0.034879
v -0.085258 -0.177040 0.034732
v -0.085382 -0.177298 0.034532
v -0.085489 -0.177520 0.034286
v -0.085576 -0.177700 0.034000
v -0.085640 -0.177833 0.033684
v -0.089871 -0.175868 0.033000
v -0.089857 -0.175841 0.033347
v -0.089816 -0.175760 0.033684
v -0.089749 -0.175629 0.034000
v -0.089658 -0.175451 0.034286
v -0.089546 -0.175232 0.034532
v -0.089416 -0.174977 0.034732
v -0.089272 -0.174696 0.034879
v -0.089119 -0.174396 0.034970
v -0.088961 -0.174087 0.035000
v -0.094000 -0.173696 0.033000
v -0.094915 -0.173198 0.033000
v -0.102097 -0.169063 0.033000
v -0.102082 -0.169037 0.033347
v -0.102035 -0.168960 0.033684
v -0.101959 -0.168834 0.034000
v -0.101856 -0.168663 0.034286
v -0.101728 -0.168452 0.034532
v -0.101580 -0.168207 0.034732
v -0.101417 -0.167937 0.034879
v -0.101243 -0.167648 0.034970
v -0.101064 -0.167351 0.035000
v -0.106062 -0.166605 0.033000
v -0.106271 -0.166471 0.033000
v -0.112659 -0.159775 0.035000
v -0.112859 -0.160059 0.034970
v -0.113053 -0.160335 0.034879
v -0.113235 -0.160593 0.034732
v -0.113400 -0.160826 0.034532
v -0.113542 -0.161028 0.034286
v -0.113657 -0.161191 0.034000
v -0.113742 -0.161311 0.033684
v -0.117592 -0.158677 0.033000
v -0.117574 -0.158652 0.033347
v -0.117520 -0.158580 0.033684
v -0.117433 -0.158462 0.034000
v -0.117313 -0.158301 0.034286
v -0.117167 -0.158103 0.034532
v -0.116997 -0.157873 0.034732
v -0.116809 -0.157620 0.034879
v -0.116608 -0.157349 0.034970
v -0.116401 -0.157070 0.035000
v -0.120079 -0.154277 0.035000
v -0.120292 -0.154551 0.034970
v -0.120499 -0.154817 0.034879
v -0.120693 -0.155066 0.034732
v -0.120868 -0.155291 0.034532
v -0.121020 -0.155486 0.034286
v -0.121142 -0.155644 0.034000
v -0.121233 -0.155760 0.033684
v -0.123689 -0.151398 0.035000
v -0.123909 -0.151667 0.034970
v -0.124122 -0.151928 0.034879
v -0.124322 -0.152172 0.034732
v -0.124502 -0.152393 0.034532
v -0.124658 -0.152584 0.034286
v -0.124785 -0.152739 0.034000
v -0.124878 -0.152853 0.033684
v -0.128532 -0.149953 0.033000
v -0.128512 -0.149930 0.033347
v -0.128453 -0.149861 0.033684
v -0.128357 -0.149749 0.034000
v -0.128227 -0.149597 0.034286
v -0.128067 -0.149410 0.034532
v -0.127881 -0.149193 0.034732
v -0.127675 -0.148954 0.034879
v -0.127456 -0.148698 0.034970
v -0.127230 -0.148434 0.035000
v -0.132038 -0.146875 0.033000
v -0.132480 -0.146476 0.033000
v -0.138742 -0.140390 0.033684
v -0.138638 -0.140285 0.034000
v -0.138498 -0.140143 0.034286
v -0.138324 -0.139968 0.034532
v -0.138124 -0.139765 0.034732
v -0.137901 -0.139540 0.034879
v -0.137665 -0.139300 0.034970
v -0.137421 -0.139053 0.035000
v -0.142106 -0.137158 0.033000
v -0.142084 -0.137137 0.033347
v -0.142019 -0.137074 0.033684
v -0.141913 -0.136972 0.034000
v -0.141769 -0.136833 0.034286
v -0.141592 -0.136662 0.034532
v -0.141386 -0.136463 0.034732
v -0.141159 -0.136244 0.034879
v -0.140916 -0.136010 0.034970
v -0.140667 -0.135769 0.035000
v -0.143834 -0.132409 0.035000
v -0.144090 -0.132644 0.034970
v -0.144337 -0.132872 0.034879
v -0.144570 -0.133086 0.034732
v -0.144780 -0.133279 0.034532
v -0.144961 -0.133446 0.034286
v -0.145108 -0.133582 0.034000
v -0.145217 -0.133681 0.033684
v -0.146921 -0.128974 0.035000
v -0.147182 -0.129204 0.034970
v -0.147435 -0.129426 0.034879
v -0.147673 -0.129634 0.034732
v -0.147887 -0.129823 0.034532
v -0.148073 -0.129985 0.034286
v -0.148223 -0.130117 0.034000
v -0.148334 -0.130214 0.033684
v -0.151460 -0.126752 0.033000
v -0.151437 -0.126732 0.033347
v -0.151368 -0.126675 0.033684
v -0.151255 -0.126580 0.034000
v -0.151101 -0.126452 0.034286
v -0.150912 -0.126293 0.034532
v -0.150693 -0.126110 0.034732
v -0.150451 -0.125907 0.034879
v -0.150193 -0.125691 0.034970
v -0.149926 -0.125468 0.035000
v -0.154412 -0.123139 0.033000
v -0.154998 -0.122401 0.033000
v -0.160055 -0.115710 0.033000
v -0.160030 -0.115692 0.033347
v -0.159957 -0.115639 0.033684
v -0.159837 -0.115553 0.034000
v -0.159675 -0.115436 0.034286
v -0.159476 -0.115291 0.034532
v -0.159244 -0.115124 0.034732
v -0.158988 -0.114939 0.034879
v -0.158715 -0.114742 0.034970
v -0.158434 -0.114538 0.035000
v -0.161095 -0.110764 0.035000
v -0.161381 -0.110961 0.034970
v -0.161659 -0.111152 0.034879
v -0.161919 -0.111331 0.034732
v -0.162154 -0.111492 0.034532
v -0.162357 -0.111632 0.034286
v -0.162522 -0.111745 0.034000
v -0.162644 -0.111829 0.033684
v -0.165239 -0.107956 0.033684
v -0.165116 -0.107876 0.034000
v -0.164949 -0.107766 0.034286
v -0.164742 -0.107632 0.034532
v -0.164503 -0.107475 0.034732
v -0.164239 -0.107303 0.034879
v -0.163957 -0.107118 0.034970
v -0.163666 -0.106928 0.035000
v -0.166146 -0.103033 0.035000
v -0.166441 -0.103216 0.034970
v -0.166727 -0.103393 0.034879
v -0.166996 -0.103560 0.034732
v -0.167238 -0.103710 0.034532
v -0.167448 -0.103840 0.034286
v -0.167618 -0.103946 0.034000
v -0.167743 -0.104023 0.033684
v -0.170257 -0.100094 0.033000
v -0.170231 -0.100078 0.033347
v -0.170153 -0.100033 0.033684
v -0.170026 -0.099958 0.034000
v -0.169854 -0.099856 0.034286
v -0.169641 -0.099732 0.034532
v -0.169395 -0.099587 0.034732
v -0.169123 -0.099427 0.034879
v -0.168832 -0.099256 0.034970
v -0.168533 -0.099080 0.035000
v -0.170826 -0.095072 0.035000
v -0.171130 -0.095241 0.034970
v -0.171424 -0.095404 0.034879
v -0.171700 -0.095558 0.034732
v -0.171950 -0.095697 0.034532
v -0.172165 -0.095817 0.034286
v -0.172340 -0.095914 0.034000
v -0.172468 -0.095986 0.033684
v -0.173024 -0.091011 0.035000
v -0.173331 -0.091172 0.034970
v -0.173629 -0.091329 0.034879
v -0.173909 -0.091476 0.034732
v -0.174162 -0.091609 0.034532
v -0.174380 -0.091724 0.034286
v -0.174557 -0.091817 0.034000
v -0.174687 -0.091886 0.033684
v -0.176917 -0.087788 0.033000
v -0.176890 -0.087774 0.033347
v -0.176809 -0.087734 0.033684
v -0.176677 -0.087668 0.034000
v -0.176498 -0.087580 0.034286
v -0.176277 -0.087470 0.034532
v -0.176021 -0.087343 0.034732
v -0.175738 -0.087203 0.034879
v -0.175436 -0.087053 0.034970
v -0.175125 -0.086899 0.035000
v -0.178941 -0.083585 0.033000
v -0.179150 -0.083135 0.033000
v -0.182577 -0.074995 0.033684
v -0.182441 -0.074939 0.034000
v -0.182256 -0.074863 0.034286
v -0.182028 -0.074769 0.034532
v -0.181764 -0.074661 0.034732
v -0.181471 -0.074541 0.034879
v -0.181160 -0.074413 0.034970
v -0.180839 -0.074281 0.035000
v -0.184410 -0.070705 0.033000
v -0.184382 -0.070694 0.033347
v -0.184297 -0.070662 0.033684
v -0.184160 -0.070609 0.034000
v -0.183973 -0.070538 0.034286
v -0.183743 -0.070449 0.034532
v -0.183476 -0.070347 0.034732
v -0.183181 -0.070234 0.034879
v -0.182867 -0.070113 0.034970
v -0.182543 -0.069989 0.035000
v -0.184145 -0.065658 0.035000
v -0.184472 -0.065775 0.034970
v -0.184789 -0.065888 0.034879
v -0.185087 -0.065994 0.034732
v -0.185356 -0.066090 0.034532
v -0.185588 -0.066173 0.034286
v -0.185776 -0.066240 0.034000
v -0.185915 -0.066289 0.033684
v -0.185644 -0.061291 0.035000
v -0.185974 -0.061399 0.034970
v -0.186294 -0.061505 0.034879
v -0.186594 -0.061604 0.034732
v -0.186865 -0.061694 0.034532
v -0.187099 -0.061771 0.034286
v -0.187289 -0.061834 0.034000
v -0.187429 -0.061880 0.033684
v -0.188953 -0.057471 0.033000
v -0.188924 -0.057462 0.033347
v -0.188838 -0.057436 0.033684
v -0.188697 -0.057393 0.034000
v -0.188506 -0.057335 0.034286
v -0.188270 -0.057263 0.034532
v -0.187997 -0.057180 0.034732
v -0.187694 -0.057088 0.034879
v -0.187372 -0.056990 0.034970
v -0.187040 -0.056889 0.035000
v -0.190258 -0.052992 0.033000
v -0.190483 -0.052179 0.033000
v -0.192548 -0.043948 0.033000
v -0.192519 -0.043941 0.033347
v -0.192431 -0.043921 0.033684
v -0.192287 -0.043888 0.034000
v -0.192092 -0.043844 0.034286
v -0.191852 -0.043789 0.034532
v -0.191573 -0.043725 0.034732
v -0.191265 -0.043655 0.034879
v -0.190937 -0.043580 0.034970
v -0.190598 -0.043503 0.035000
v -0.191573 -0.038989 0.035000
v -0.191913 -0.039058 0.034970
v -0.192243 -0.039125 0.034879
v -0.192553 -0.039188 0.034732
v -0.192832 -0.039245 0.034532
v -0.193074 -0.039295 0.034286
v -0.193270 -0.039334 0.034000
v -0.193414 -0.039364 0.033684
v -0.194290 -0.034785 0.033684
v -0.194145 -0.034759 0.034000
v -0.193948 -0.034723 0.034286
v -0.193706 -0.034680 0.034532
v -0.193425 -0.034630 0.034732
v -0.193113 -0.034574 0.034879
v -0.192782 -0.034515 0.034970
v -0.192440 -0.034453 0.035000
v -0.193200 -0.029899 0.035000
v -0.193543 -0.029952 0.034970
v -0.193876 -0.030003 0.034879
v -0.194188 -0.030052 0.034732
v -0.194471 -0.030095 0.034532
v -0.194714 -0.030133 0.034286
v -0.194912 -0.030163 0.034000
v -0.195057 -0.030186 0.033684
v -0.195836 -0.025586 0.033000
v -0.195806 -0.025582 0.033347
v -0.195716 -0.025571 0.033684
v -0.195570 -0.025551 0.034000
v -0.195372 -0.025526 0.034286
v -0.195127 -0.025494 0.034532
v -0.194844 -0.025457 0.034732
v -0.194531 -0.025416 0.034879
v -0.194197 -0.025372 0.034970
v -0.193852 -0.025327 0.035000
v -0.194397 -0.020741 0.035000
v -0.194742 -0.020778 0.034970
v -0.195077 -0.020814 0.034879
v -0.195391 -0.020848 0.034732
v -0.195675 -0.020878 0.034532
v -0.195920 -0.020904 0.034286
v -0.196119 -0.020925 0.034000
v -0.196265 -0.020941 0.033684
v -0.194832 -0.016144 0.035000
v -0.195178 -0.016173 0.034970
v -0.195514 -0.016201 0.034879
v -0.195829 -0.016227 0.034732
v -0.196113 -0.016250 0.034532
v -0.196359 -0.016271 0.034286
v -0.196558 -0.016287 0.034000
v -0.196705 -0.016299 0.033684
v -0.197156 -0.011656 0.033000
v -0.197125 -0.011654 0.033347
v -0.197035 -0.011649 0.033684
v -0.196888 -0.011640 0.034000
v -0.196689 -0.011628 0.034286
v -0.196443 -0.011614 0.034532
v -0.196157 -0.011597 0.034732
v -0.195842 -0.011578 0.034879
v -0.195506 -0.011559 0.034970
v -0.195159 -0.011538 0.035000
v -0.197376 -0.006996 0.033000
v -0.197390 -0.006599 0.033000
v -0.195486 0.002309 0.035000
v -0.195834 0.002313 0.034970
v -0.196170 0.002317 0.034879
v -0.196486 0.002321 0.034732
v -0.196772 0.002324 0.034532
v -0.197018 0.002327 0.034286
v -0.197218 0.002329 0.034000
v -0.197366 0.002331 0.033684
v -0.197376 0.006996 0.033000
v -0.197346 0.006995 0.033347
v -0.197256 0.006992 0.033684
v -0.197108 0.006987 0.034000
v -0.196908 0.006980 0.034286
v -0.196662 0.006971 0.034532
v -0.196377 0.006961 0.034732
v -0.196061 0.006950 0.034879
v -0.195724 0.006938 0.034970
v -0.195377 0.006925 0.035000
v -0.195159 0.011538 0.035000
v -0.195506 0.011559 0.034970
v -0.195842 0.011578 0.034879
v -0.196157 0.011597 0.034732
v -0.196443 0.011614 0.034532
v -0.196689 0.011628 0.034286
v -0.196888 0.011640 0.034000
v -0.197035 0.011649 0.033684
v -0.194832 0.016144 0.035000
v -0.195178 0.016173 0.034970
v -0.195514 0.016201 0.034879
v -0.195829 0.016227 0.034732
v -0.196113 0.016250 0.034532
v -0.196359 0.016271 0.034286
v -0.196558 0.016287 0.034000
v -0.196705 0.016299 0.033684
v -0.196385 0.020954 0.033000
v -0.196355 0.020950 0.033347
v -0.196265 0.020941 0.033684
v -0.196119 0.020925 0.034000
v -0.195920 0.020904 0.034286
v -0.195675 0.020878 0.034532
v -0.195391 0.020848 0.034732
v -0.195077 0.020814 0.034879
v -0.194742 0.020778 0.034970
v -0.194397 0.020741 0.035000
v -0.195836 0.025586 0.033000
v -0.195738 0.026324 0.033000
v -0.194290 0.034785 0.033684
v -0.194145 0.034759 0.034000
v -0.193948 0.034723 0.034286
v -0.193706 0.034680 0.034532
v -0.193425 0.034630 0.034732
v -0.193113 0.034574 0.034879
v -0.192782 0.034515 0.034970
v -0.192440 0.034453 0.035000
v -0.193533 0.039388 0.033000
v -0.193503 0.039382 0.033347
v -0.193414 0.039364 0.033684
v -0.193270 0.039334 0.034000
v -0.193074 0.039295 0.034286
v -0.192832 0.039245 0.034532
v -0.192553 0.039188 0.034732
v -0.192243 0.039125 0.034879
v -0.191913 0.039058 0.034970
v -0.191573 0.038989 0.035000
v -0.190598 0.043503 0.035000
v -0.190937 0.043580 0.034970
v -0.191265 0.043655 0.034879
v -0.191573 0.043725 0.034732
v -0.191852 0.043789 0.034532
v -0.192092 0.043844 0.034286
v -0.192287 0.043888 0.034000
v -0.192431 0.043921 0.033684
v -0.189518 0.047992 0.035000
v -0.189854 0.048078 0.034970
v -0.190181 0.048160 0.034879
v -0.190487 0.048238 0.034732
v -0.190764 0.048308 0.034532
v -0.191003 0.048369 0.034286
v -0.191197 0.048418 0.034000
v -0.191340 0.048454 0.033684
v -0.190258 0.052992 0.033000
v -0.190229 0.052984 0.033347
v -0.190142 0.052959 0.033684
v -0.190000 0.052920 0.034000
v -0.189807 0.052866 0.034286
v -0.189570 0.052800 0.034532
v -0.189295 0.052724 0.034732
v -0.188990 0.052639 0.034879
v -0.188666 0.052548 0.034970
v -0.188331 0.052455 0.035000
v -0.187040 0.056889 0.035000
v -0.187372 0.056990 0.034970
v -0.187694 0.057088 0.034879
v -0.187997 0.057180 0.034732
v -0.188270 0.057263 0.034532
v -0.188506 0.057335 0.034286
v -0.188697 0.057393 0.034000
v -0.188838 0.057436 0.033684
v -0.185644 0.061291 0.035000
v -0.185974 0.061399 0.034970
v -0.186294 0.061505 0.034879
v -0.186594 0.061604 0.034732
v -0.186865 0.061694 0.034532
v -0.187099 0.061771 0.034286
v -0.187289 0.061834 0.034000
v -0.187429 0.061880 0.033684
v -0.186029 0.066330 0.033000
v -0.186000 0.066320 0.033347
v -0.185915 0.066289 0.033684
v -0.185776 0.066240 0.034000
v -0.185588 0.066173 0.034286
v -0.185356 0.066090 0.034532
v -0.185087 0.065994 0.034732
v -0.184789 0.065888 0.034879
v -0.184472 0.065775 0.034970
v -0.184145 0.065658 0.035000
v -0.184410 0.070705 0.033000
v -0.184303 0.070983 0.033000
v -0.179034 0.078531 0.035000
v -0.179352 0.078671 0.034970
v -0.179660 0.078806 0.034879
v -0.179949 0.078933 0.034732
v -0.180211 0.079048 0.034532
v -0.180437 0.079147 0.034286
v -0.180620 0.079227 0.034000
v -0.180755 0.079286 0.033684
v -0.178941 0.083585 0.033000
v -0.178913 0.083572 0.033347
v -0.178832 0.083533 0.033684
v -0.178698 0.083471 0.034000
v -0.178517 0.083387 0.034286
v -0.178294 0.083282 0.034532
v -0.178035 0.083161 0.034732
v -0.177749 0.083028 0.034879
v -0.177444 0.082885 0.034970
v -0.177129 0.082738 0.035000
v -0.175125 0.086899 0.035000
v -0.175436 0.087053 0.034970
v -0.175738 0.087203 0.034879
v -0.176021 0.087343 0.034732
v -0.176277 0.087470 0.034532
v -0.176498 0.087580 0.034286
v -0.176677 0.087668 0.034000
v -0.176809 0.087734 0.033684
v -0.173024 0.091011 0.035000
v -0.173331 0.091172 0.034970
v -0.173629 0.091329 0.034879
v -0.173909 0.091476 0.034732
v -0.174162 0.091609 0.034532
v -0.174380 0.091724 0.034286
v -0.174557 0.091817 0.034000
v -0.174687 0.091886 0.033684
v -0.172574 0.096044 0.033000
v -0.172547 0.096030 0.033347
v -0.172468 0.095986 0.033684
v -0.172340 0.095914 0.034000
v -0.172165 0.095817 0.034286
v -0.171950 0.095697 0.034532
v -0.171700 0.095558 0.034732
v -0.171424 0.095404 0.034879
v -0.171130 0.095241 0.034970
v -0.170826 0.095072 0.035000
v -0.170257 0.100094 0.033000
v -0.169929 0.100649 0.033000
v -0.165239 0.107956 0.033684
v -0.165116 0.107876 0.034000
v -0.164949 0.107766 0.034286
v -0.164742 0.107632 0.034532
v -0.164503 0.107475 0.034732
v -0.164239 0.107303 0.034879
v -0.163957 0.107118 0.034970
v -0.163666 0.106928 0.035000
v -0.162743 0.111897 0.033000
v -0.162718 0.111880 0.033347
v -0.162644 0.111829 0.033684
v -0.162522 0.111745 0.034000
v -0.162357 0.111632 0.034286
v -0.162154 0.111492 0.034532
v -0.161919 0.111331 0.034732
v -0.161659 0.111152 0.034879
v -0.161381 0.110961 0.034970
v -0.161095 0.110764 0.035000
v -0.158434 0.114538 0.035000
v -0.158715 0.114742 0.034970
v -0.158988 0.114939 0.034879
v -0.159244 0.115124 0.034732
v -0.159476 0.115291 0.034532
v -0.159675 0.115436 0.034286
v -0.159837 0.115553 0.034000
v -0.159957 0.115639 0.033684
v -0.155684 0.118248 0.035000
v -0.155961 0.118458 0.034970
v -0.156229 0.118662 0.034879
v -0.156481 0.118853 0.034732
v -0.156708 0.119026 0.034532
v -0.156904 0.119175 0.034286
v -0.157064 0.119296 0.034000
v -0.157181 0.119385 0.033684
v -0.154412 0.123139 0.033000
v -0.154388 0.123120 0.033347
v -0.154317 0.123064 0.033684
v -0.154202 0.122972 0.034000
v -0.154046 0.122847 0.034286
v -0.153853 0.122694 0.034532
v -0.153630 0.122516 0.034732
v -0.153383 0.122319 0.034879
v -0.153120 0.122109 0.034970
v -0.152848 0.121892 0.035000
v -0.151460 0.126752 0.033000
v -0.150821 0.127512 0.033000
v -0.145305 0.133763 0.033000
v -0.145283 0.133743 0.033347
v -0.145217 0.133681 0.033684
v -0.145108 0.133582 0.034000
v -0.144961 0.133446 0.034286
v -0.144780 0.133279 0.034532
v -0.144570 0.133086 0.034732
v -0.144337 0.132872 0.034879
v -0.144090 0.132644 0.034970
v -0.143834 0.132409 0.035000
v -0.140667 0.135769 0.035000
v -0.140916 0.136010 0.034970
v -0.141159 0.136244 0.034879
v -0.141386 0.136463 0.034732
v -0.141592 0.136662 0.034532
v -0.141769 0.136833 0.034286
v -0.141913 0.136972 0.034000
v -0.142019 0.137074 0.033684
v -0.138742 0.140390 0.033684
v -0.138638 0.140285 0.034000
v -0.138498 0.140143 0.034286
v -0.138324 0.139968 0.034532
v -0.138124 0.139765 0.034732
v -0.137901 0.139540 0.034879
v -0.137665 0.139300 0.034970
v -0.137421 0.139053 0.035000
v -0.134098 0.142260 0.035000
v -0.134336 0.142513 0.034970
v -0.134567 0.142758 0.034879
v -0.134784 0.142988 0.034732
v -0.134980 0.143196 0.034532
v -0.135149 0.143375 0.034286
v -0.135286 0.143521 0.034000
v -0.135387 0.143628 0.033684
v -0.132038 0.146875 0.033000
v -0.132017 0.146853 0.033347
v -0.131957 0.146785 0.033684
v -0.131859 0.146676 0.034000
v -0.131725 0.146527 0.034286
v -0.131560 0.146344 0.034532
v -0.131369 0.146131 0.034732
v -0.131158 0.145896 0.034879
v -0.130933 0.145646 0.034970
v -0.130701 0.145388 0.035000
v -0.127230 0.148434 0.035000
v -0.127456 0.148698 0.034970
v -0.127675 0.148954 0.034879
v -0.127881 0.149193 0.034732
v -0.128067 0.149410 0.034532
v -0.128227 0.149597 0.034286
v -0.128357 0.149749 0.034000
v -0.128453 0.149861 0.033684
v -0.123689 0.151398 0.035000
v -0.123909 0.151667 0.034970
v -0.124122 0.151928 0.034879
v -0.124322 0.152172 0.034732
v -0.124502 0.152393 0.034532
v -0.124658 0.152584 0.034286
v -0.124785 0.152739 0.034000
v -0.124878 0.152853 0.033684
v -0.121307 0.155855 0.033000
v -0.121288 0.155831 0.033347
v -0.121233 0.155760 0.033684
v -0.121142 0.155644 0.034000
v -0.121020 0.155486 0.034286
v -0.120868 0.155291 0.034532
v -0.120693 0.155066 0.034732
v -0.120499 0.154817 0.034879
v -0.120292 0.154551 0.034970
v -0.120079 0.154277 0.035000
v -0.117592 0.158677 0.033000
v -0.117153 0.159001 0.033000
v -0.109900 0.163953 0.033684
v -0.109818 0.163831 0.034000
v -0.109707 0.163664 0.034286
v -0.109570 0.163460 0.034532
v -0.109411 0.163222 0.034732
v -0.109235 0.162960 0.034879
v -0.109047 0.162680 0.034970
v -0.108854 0.162392 0.035000
v -0.106062 0.166605 0.033000
v -0.106046 0.166579 0.033347
v -0.105997 0.166503 0.033684
v -0.105918 0.166379 0.034000
v -0.105811 0.166210 0.034286
v -0.105678 0.166002 0.034532
v -0.105525 0.165761 0.034732
v -0.105355 0.165495 0.034879
v -0.105174 0.165210 0.034970
v -0.104988 0.164917 0.035000
v -0.101064 0.167351 0.035000
v -0.101243 0.167648 0.034970
v -0.101417 0.167937 0.034879
v -0.101580 0.168207 0.034732
v -0.101728 0.168452 0.034532
v -0.101856 0.168663 0.034286
v -0.101959 0.168834 0.034000
v -0.102035 0.168960 0.033684
v -0.097083 0.169691 0.035000
v -0.097255 0.169993 0.034970
v -0.097422 0.170285 0.034879
v -0.097579 0.170559 0.034732
v -0.097721 0.170807 0.034532
v -0.097844 0.171021 0.034286
v -0.097943 0.171195 0.034000
v -0.098016 0.171323 0.033684
v -0.094000 0.173696 0.033000
v -0.093985 0.173669 0.033347
v -0.093942 0.173590 0.033684
v -0.093872 0.173460 0.034000
v -0.093777 0.173285 0.034286
v -0.093660 0.173068 0.034532
v -0.093524 0.172817 0.034732
v -0.093373 0.172539 0.034879
v -0.093213 0.172243 0.034970
v -0.093048 0.171937 0.035000
v -0.089871 0.175868 0.033000
v -0.089074 0.176272 0.033000
v -0.081465 0.179916 0.033000
v -0.081453 0.179888 0.033347
v -0.081416 0.179806 0.033684
v -0.081355 0.179672 0.034000
v -0.081272 0.179489 0.034286
v -0.081171 0.179265 0.034532
v -0.081053 0.179005 0.034732
v -0.080923 0.178717 0.034879
v -0.080784 0.178410 0.034970
v -0.080640 0.178094 0.035000
v -0.076412 0.179949 0.035000
v -0.076547 0.180268 0.034970
v -0.076679 0.180578 0.034879
v -0.076802 0.180869 0.034732
v -0.076914 0.181132 0.034532
v -0.077010 0.181359 0.034286
v -0.077089 0.181543 0.034000
v -0.077146 0.181679 0.033684
v -0.072834 0.183450 0.033684
v -0.072779 0.183313 0.034000
v -0.072705 0.183127 0.034286
v -0.072614 0.182898 0.034532
v -0.072509 0.182633 0.034732
v -0.072392 0.182339 0.034879
v -0.072268 0.182026 0.034970
v -0.072140 0.181703 0.035000
v -0.067828 0.183356 0.035000
v -0.067949 0.183682 0.034970
v -0.068066 0.183998 0.034879
v -0.068175 0.184294 0.034732
v -0.068274 0.184562 0.034532
v -0.068360 0.184793 0.034286
v -0.068429 0.184981 0.034000
v -0.068480 0.185119 0.033684
v -0.064128 0.186799 0.033000
v -0.064118 0.186770 0.033347
v -0.064089 0.186685 0.033684
v -0.064041 0.186545 0.034000
v -0.063976 0.186356 0.034286
v -0.063896 0.186123 0.034532
v -0.063803 0.185853 0.034732
v -0.063701 0.185554 0.034879
v -0.063592 0.185236 0.034970
v -0.063479 0.184907 0.035000
v -0.059094 0.186355 0.035000
v -0.059199 0.186686 0.034970
v -0.059301 0.187007 0.034879
v -0.059396 0.187308 0.034732
v -0.059482 0.187580 0.034532
v -0.059557 0.187815 0.034286
v -0.059617 0.188006 0.034000
v -0.059662 0.188146 0.033684
v -0.054676 0.187699 0.035000
v -0.054773 0.188032 0.034970
v -0.054867 0.188355 0.034879
v -0.054955 0.188659 0.034732
v -0.055035 0.188933 0.034532
v -0.055104 0.189170 0.034286
v -0.055160 0.189362 0.034000
v -0.055201 0.189503 0.033684
v -0.050741 0.190871 0.033000
v -0.050733 0.190841 0.033347
v -0.050710 0.190754 0.033684
v -0.050672 0.190612 0.034000
v -0.050621 0.190418 0.034286
v -0.050558 0.190180 0.034532
v -0.050484 0.189904 0.034732
v -0.050403 0.189599 0.034879
v -0.050317 0.189273 0.034970
v -0.050227 0.188938 0.035000
v -0.046219 0.192016 0.033000
v -0.045784 0.192120 0.033000
v -0.037077 0.193866 0.033684
v -0.037049 0.193721 0.034000
v -0.037012 0.193525 0.034286
v -0.036965 0.193283 0.034532
v -0.036912 0.193002 0.034732
v -0.036852 0.192692 0.034879
v -0.036789 0.192361 0.034970
v -0.036724 0.192020 0.035000
v -0.032507 0.194806 0.033000
v -0.032502 0.194776 0.033347
v -0.032488 0.194687 0.033684
v -0.032463 0.194542 0.034000
v -0.032430 0.194345 0.034286
v -0.032390 0.194102 0.034532
v -0.032343 0.193820 0.034732
v -0.032291 0.193508 0.034879
v -0.032235 0.193176 0.034970
v -0.032178 0.192834 0.035000
v -0.027615 0.193540 0.035000
v -0.027664 0.193884 0.034970
v -0.027711 0.194217 0.034879
v -0.027756 0.194530 0.034732
v -0.027796 0.194813 0.034532
v -0.027831 0.195057 0.034286
v -0.027859 0.195255 0.034000
v -0.027880 0.195400 0.033684
v -0.023036 0.194138 0.035000
v -0.023077 0.194483 0.034970
v -0.023116 0.194817 0.034879
v -0.023154 0.195131 0.034732
v -0.023187 0.195415 0.034532
v -0.023216 0.195660 0.034286
v -0.023240 0.195858 0.034000
v -0.023257 0.196004 0.033684
v -0.018633 0.196619 0.033000
v -0.018630 0.196589 0.033347
v -0.018621 0.196499 0.033684
v -0.018608 0.196352 0.034000
v -0.018589 0.196153 0.034286
v -0.018565 0.195908 0.034532
v -0.018538 0.195624 0.034732
v -0.018509 0.195309 0.034879
v -0.018477 0.194974 0.034970
v -0.018444 0.194628 0.035000
v -0.013984 0.197004 0.033000
v -0.013192 0.197059 0.033000
v -0.004665 0.197445 0.033000
v -0.004664 0.197415 0.033347
v -0.004662 0.197324 0.033684
v -0.004658 0.197177 0.034000
v -0.004654 0.196977 0.034286
v -0.004648 0.196731 0.034532
v -0.004641 0.196445 0.034732
v -0.004634 0.196129 0.034879
v -0.004626 0.195793 0.034970
v -0.004617 0.195445 0.035000
v 0.000000 0.195500 0.035000
v 0.000000 0.195847 0.034970
v 0.000000 0.196184 0.034879
v 0.000000 0.196500 0.034732
v 0.000000 0.196786 0.034532
v 0.000000 0.197032 0.034286
v 0.000000 0.197232 0.034000
v 0.000000 0.197379 0.033684
v 0.000000 0.197470 0.033347
v 0.000000 0.197500 0.033000
v 0.006599 -0.197390 0.033000
v 0.009327 -0.197280 0.033000
v 0.009325 -0.197249 0.033347
v 0.019769 -0.196508 0.033000
v 0.023272 -0.196124 0.033000
v 0.023268 -0.196094 0.033347
v 0.026324 -0.195738 0.033000
v 0.027897 -0.195520 0.033000
v 0.027893 -0.195490 0.033347
v 0.032850 -0.194749 0.033000
v 0.037099 -0.193984 0.033000
v 0.037094 -0.193954 0.033347
v 0.039339 -0.193542 0.033000
v 0.041671 -0.193054 0.033000
v 0.041664 -0.193024 0.033347
v 0.052179 -0.190483 0.033000
v 0.055235 -0.189619 0.033000
v 0.055227 -0.189590 0.033347
v 0.058514 -0.188633 0.033000
v 0.059698 -0.188261 0.033000
v 0.059689 -0.188232 0.033347
v 0.064785 -0.186572 0.033000
v 0.068522 -0.185232 0.033000
v 0.068512 -0.185204 0.033347
v 0.070983 -0.184303 0.033000
v 0.072878 -0.183562 0.033000
v 0.072867 -0.183534 0.033347
v 0.077102 -0.181828 0.033000
v 0.077193 -0.181790 0.033000
v 0.077181 -0.181762 0.033347
v 0.083135 -0.179150 0.033000
v 0.085692 -0.177941 0.033000
v 0.085679 -0.177914 0.033347
v 0.094915 -0.173198 0.033000
v 0.098076 -0.171427 0.033000
v 0.098061 -0.171401 0.033347
v 0.100649 -0.169929 0.033000
v 0.102097 -0.169063 0.033000
v 0.102082 -0.169037 0.033347
v 0.106271 -0.166471 0.033000
v 0.109967 -0.164053 0.033000
v 0.109951 -0.164028 0.033347
v 0.111775 -0.162827 0.033000
v 0.113811 -0.161410 0.033000
v 0.113794 -0.161385 0.033347
v 0.122401 -0.154998 0.033000
v 0.124954 -0.152947 0.033000
v 0.124935 -0.152923 0.033347
v 0.127512 -0.150821 0.033000
v 0.128532 -0.149953 0.033000
v 0.128512 -0.149930 0.033347
v 0.132480 -0.146476 0.033000
v 0.135470 -0.143716 0.033000
v 0.135449 -0.143693 0.033347
v 0.137301 -0.141968 0.033000
v 0.138826 -0.140476 0.033000
v 0.138805 -0.140454 0.033347
v 0.141968 -0.137301 0.033000
v 0.142106 -0.137158 0.033000
v 0.142084 -0.137137 0.033347
v 0.146476 -0.132480 0.033000
v 0.148424 -0.130294 0.033000
v 0.148401 -0.130274 0.033347
v 0.154998 -0.122401 0.033000
v 0.157277 -0.119458 0.033000
v 0.157253 -0.119439 0.033347
v 0.159001 -0.117153 0.033000
v 0.160055 -0.115710 0.033000
v 0.160030 -0.115692 0.033347
v 0.162827 -0.111775 0.033000
v 0.165340 -0.108022 0.033000
v 0.165315 -0.108006 0.033347
v 0.166471 -0.106271 0.033000
v 0.167846 -0.104087 0.033000
v 0.167820 -0.104071 0.033347
v 0.173198 -0.094915 0.033000
v 0.174794 -0.091942 0.033000
v 0.174767 -0.091928 0.033347
v 0.176272 -0.089074 0.033000
v 0.176917 -0.087788 0.033000
v 0.176890 -0.087774 0.033347
v 0.179150 -0.083135 0.033000
v 0.180865 -0.079335 0.033000
v 0.180837 -0.079323 0.033347
v 0.181828 -0.077102 0.033000
v 0.182689 -0.075041 0.033000
v 0.182660 -0.075029 0.033347
v 0.186572 -0.064785 0.033000
v 0.187543 -0.061918 0.033000
v 0.187514 -0.061908 0.033347
v 0.188633 -0.058514 0.033000
v 0.188953 -0.057471 0.033000
v 0.188924 -0.057462 0.033347
v 0.190483 -0.052179 0.033000
v 0.191457 -0.048483 0.033000
v 0.191427 -0.048476 0.033347
v 0.192120 -0.045784 0.033000
v 0.192548 -0.043948 0.033000
v 0.192519 -0.043941 0.033347
v 0.193542 -0.039339 0.033000
v 0.194409 -0.034806 0.033000
v 0.194379 -0.034801 0.033347
v 0.194749 -0.032850 0.033000
v 0.195177 -0.030204 0.033000
v 0.195147 -0.030200 0.033347
v 0.196508 -0.019769 0.033000
v 0.196825 -0.016309 0.033000
v 0.196795 -0.016307 0.033347
v 0.197059 -0.013192 0.033000
v 0.197156 -0.011656 0.033000
v 0.197125 -0.011654 0.033347
v 0.197390 -0.006599 0.033000
v 0.197486 -0.002333 0.033000
v 0.197456 -0.002332 0.033347
v 0.197500 -0.000000 0.033000
v 0.197486 0.002333 0.033000
v 0.197456 0.002332 0.033347
v 0.197059 0.013192 0.033000
v 0.196825 0.016309 0.033000
v 0.196795 0.016307 0.033347
v 0.196508 0.019769 0.033000
v 0.196385 0.020954 0.033000
v 0.196355 0.020950 0.033347
v 0.195738 0.026324 0.033000
v 0.195177 0.030204 0.033000
v 0.195147 0.030200 0.033347
v 0.194749 0.032850 0.033000
v 0.194409 0.034806 0.033000
v 0.194379 0.034801 0.033347
v 0.193542 0.039339 0.033000
v 0.193533 0.039388 0.033000
v 0.193503 0.039382 0.033347
v 0.192120 0.045784 0.033000
v 0.191457 0.048483 0.033000
v 0.191427 0.048476 0.033347
v 0.188633 0.058514 0.033000
v 0.187543 0.061918 0.033000
v 0.187514 0.061908 0.033347
v 0.186572 0.064785 0.033000
v 0.186029 0.066330 0.033000
v 0.186000 0.066320 0.033347
v 0.184303 0.070983 0.033000
v 0.182689 0.075041 0.033000
v 0.182660 0.075029 0.033347
v 0.181828 0.077102 0.033000
v 0.180865 0.079335 0.033000
v 0.180837 0.079323 0.033347
v 0.176272 0.089074 0.033000
v 0.174794 0.091942 0.033000
v 0.174767 0.091928 0.033347
v 0.173198 0.094915 0.033000
v 0.172574 0.096044 0.033000
v 0.172547 0.096030 0.033347
v 0.169929 0.100649 0.033000
v 0.167846 0.104087 0.033000
v 0.167820 0.104071 0.033347
v 0.166471 0.106271 0.033000
v 0.165340 0.108022 0.033000
v 0.165315 0.108006 0.033347
v 0.162827 0.111775 0.033000
v 0.162743 0.111897 0.033000
v 0.162718 0.111880 0.033347
v 0.159001 0.117153 0.033000
v 0.157277 0.119458 0.033000
v 0.157253 0.119439 0.033347
v 0.150821 0.127512 0.033000
v 0.148424 0.130294 0.033000
v 0.148401 0.130274 0.033347
v 0.146476 0.132480 0.033000
v 0.145305 0.133763 0.033000
v 0.145283 0.133743 0.033347
v 0.141968 0.137301 0.033000
v 0.138826 0.140476 0.033000
v 0.138805 0.140454 0.033347
v 0.137301 0.141968 0.033000
v 0.135470 0.143716 0.033000
v 0.135449 0.143693 0.033347
v 0.127512 0.150821 0.033000
v 0.124954 0.152947 0.033000
v 0.124935 0.152923 0.033347
v 0.122401 0.154998 0.033000
v 0.121307 0.155855 0.033000
v 0.121288 0.155831 0.033347
v 0.117153 0.159001 0.033000
v 0.113811 0.161410 0.033000
v 0.113794 0.161385 0.033347
v 0.111775 0.162827 0.033000
v 0.109967 0.164053 0.033000
v 0.109951 0.164028 0.033347
v 0.100649 0.169929 0.033000
v 0.098076 0.171427 0.033000
v 0.098061 0.171401 0.033347
v 0.089074 0.176272 0.033000
v 0.085692 0.177941 0.033000
v 0.085679 0.177914 0.033347
v 0.083135 0.179150 0.033000
v 0.081465 0.179916 0.033000
v 0.081453 0.179888 0.033347
v 0.077102 0.181828 0.033000
v 0.072878 0.183562 0.033000
v 0.072867 0.183534 0.033347
v 0.070983 0.184303 0.033000
v 0.068522 0.185232 0.033000
v 0.068512 0.185204 0.033347
v 0.058514 0.188633 0.033000
v 0.055235 0.189619 0.033000
v 0.055227 0.189590 0.033347
v 0.052179 0.190483 0.033000
v 0.050741 0.190871 0.033000
v 0.050733 0.190841 0.033347
v 0.045784 0.192120 0.033000
v 0.041671 0.193054 0.033000
v 0.041664 0.193024 0.033347
v 0.039339 0.193542 0.033000
v 0.037099 0.193984 0.033000
v 0.037094 0.193954 0.033347
v 0.026324 0.195738 0.033000
v 0.023272 0.196124 0.033000
v 0.023268 0.196094 0.033347
v 0.019769 0.196508 0.033000
v 0.018633 0.196619 0.033000
v 0.018630 0.196589 0.033347
v 0.013192 0.197059 0.033000
v 0.009327 0.197280 0.033000
v 0.009325 0.197249 0.033347
v 0.006599 0.197390 0.033000
v 0.004665 0.197445 0.033000
v 0.004664 0.197415 0.033347
v 0.032178 0.192834 0.035000
v 0.036724 0.192020 0.035000
v 0.032235 0.193176 0.034970
v 0.036789 0.192361 0.034970
v 0.032291 0.193508 0.034879
v 0.036852 0.192692 0.034879
v 0.032343 0.193820 0.034732
v 0.036912 0.193002 0.034732
v 0.032390 0.194102 0.034532
v 0.036965 0.193283 0.034532
v 0.032430 0.194345 0.034286
v 0.037012 0.193525 0.034286
v 0.032463 0.194542 0.034000
v 0.037049 0.193721 0.034000
v 0.032488 0.194687 0.033684
v 0.037077 0.193866 0.033684
v 0.032502 0.194776 0.033347
v 0.063479 0.184907 0.035000
v 0.067828 0.183356 0.035000
v 0.063592 0.185236 0.034970
v 0.067949 0.183682 0.034970
v 0.063701 0.185554 0.034879
v 0.068066 0.183998 0.034879
v 0.063803 0.185853 0.034732
v 0.068175 0.184294 0.034732
v 0.063896 0.186123 0.034532
v 0.068274 0.184562 0.034532
v 0.063976 0.186356 0.034286
v 0.068360 0.184793 0.034286
v 0.064041 0.186545 0.034000
v 0.068429 0.184981 0.034000
v 0.064089 0.186685 0.033684
v 0.068480 0.185119 0.033684
v 0.064118 0.186770 0.033347
v 0.093048 0.171937 0.035000
v 0.097083 0.169691 0.035000
v 0.093213 0.172243 0.034970
v 0.097255 0.169993 0.034970
v 0.093373 0.172539 0.034879
v 0.097422 0.170285 0.034879
v 0.093524 0.172817 0.034732
v 0.097579 0.170559 0.034732
v 0.093660 0.173068 0.034532
v 0.097721 0.170807 0.034532
v 0.093777 0.173285 0.034286
v 0.097844 0.171021 0.034286
v 0.093872 0.173460 0.034000
v 0.097943 0.171195 0.034000
v 0.093942 0.173590 0.033684
v 0.098016 0.171323 0.033684
v 0.093985 0.173669 0.033347
v 0.104988 0.164917 0.035000
v 0.108854 0.162392 0.035000
v 0.105174 0.165210 0.034970
v 0.109047 0.162680 0.034970
v 0.105355 0.165495 0.034879
v 0.109235 0.162960 0.034879
v 0.105525 0.165761 0.034732
v 0.109411 0.163222 0.034732
v 0.105678 0.166002 0.034532
v 0.109570 0.163460 0.034532
v 0.105811 0.166210 0.034286
v 0.109707 0.163664 0.034286
v 0.105918 0.166379 0.034000
v 0.109818 0.163831 0.034000
v 0.105997 0.166503 0.033684
v 0.109900 0.163953 0.033684
v 0.106046 0.166579 0.033347
v 0.130701 0.145388 0.035000
v 0.134098 0.142260 0.035000
v 0.130933 0.145646 0.034970
v 0.134336 0.142513 0.034970
v 0.131158 0.145896 0.034879
v 0.134567 0.142758 0.034879
v 0.131369 0.146131 0.034732
v 0.134784 0.142988 0.034732
v 0.131560 0.146344 0.034532
v 0.134980 0.143196 0.034532
v 0.131725 0.146527 0.034286
v 0.135149 0.143375 0.034286
v 0.131859 0.146676 0.034000
v 0.135286 0.143521 0.034000
v 0.131957 0.146785 0.033684
v 0.135387 0.143628 0.033684
v 0.132017 0.146853 0.033347
v 0.152848 0.121892 0.035000
v 0.155684 0.118248 0.035000
v 0.153120 0.122109 0.034970
v 0.155961 0.118458 0.034970
v 0.153383 0.122319 0.034879
v 0.156229 0.118662 0.034879
v 0.153630 0.122516 0.034732
v 0.156481 0.118853 0.034732
v 0.153853 0.122694 0.034532
v 0.156708 0.119026 0.034532
v 0.154046 0.122847 0.034286
v 0.156904 0.119175 0.034286
v 0.154202 0.122972 0.034000
v 0.157064 0.119296 0.034000
v 0.154317 0.123064 0.033684
v 0.157181 0.119385 0.033684
v 0.154388 0.123120 0.033347
v 0.177129 0.082738 0.035000
v 0.179034 0.078531 0.035000
v 0.177444 0.082885 0.034970
v 0.179352 0.078671 0.034970
v 0.177749 0.083028 0.034879
v 0.179660 0.078806 0.034879
v 0.178035 0.083161 0.034732
v 0.179949 0.078933 0.034732
v 0.178294 0.083282 0.034532
v 0.180211 0.079048 0.034532
v 0.178517 0.083387 0.034286
v 0.180437 0.079147 0.034286
v 0.178698 0.083471 0.034000
v 0.180620 0.079227 0.034000
v 0.178832 0.083533 0.033684
v 0.180755 0.079286 0.033684
v 0.178913 0.083572 0.033347
v 0.188331 0.052455 0.035000
v 0.189518 0.047992 0.035000
v 0.188666 0.052548 0.034970
v 0.189854 0.048078 0.034970
v 0.188990 0.052639 0.034879
v 0.190181 0.048160 0.034879
v 0.189295 0.052724 0.034732
v 0.190487 0.048238 0.034732
v 0.189570 0.052800 0.034532
v 0.190764 0.048308 0.034532
v 0.189807 0.052866 0.034286
v 0.191003 0.048369 0.034286
v 0.190000 0.052920 0.034000
v 0.191197 0.048418 0.034000
v 0.190142 0.052959 0.033684
v 0.191340 0.048454 0.033684
v 0.190229 0.052984 0.033347
v 0.195377 0.006925 0.035000
v 0.195486 0.002309 0.035000
v 0.195724 0.006938 0.034970
v 0.195834 0.002313 0.034970
v 0.196061 0.006950 0.034879
v 0.196170 0.002317 0.034879
v 0.196377 0.006961 0.034732
v 0.196486 0.002321 0.034732
v 0.196662 0.006971 0.034532
v 0.196772 0.002324 0.034532
v 0.196908 0.006980 0.034286
v 0.197018 0.002327 0.034286
v 0.197108 0.006987 0.034000
v 0.197218 0.002329 0.034000
v 0.197256 0.006992 0.033684
v 0.197366 0.002331 0.033684
v 0.197346 0.006995 0.033347
v 0.193852 -0.025327 0.035000
v 0.193200 -0.029899 0.035000
v 0.194197 -0.025372 0.034970
v 0.193543 -0.029952 0.034970
v 0.194531 -0.025416 0.034879
v 0.193876 -0.030003 0.034879
v 0.194844 -0.025457 0.034732
v 0.194188 -0.030052 0.034732
v 0.195127 -0.025494 0.034532
v 0.194471 -0.030095 0.034532
v 0.195372 -0.025526 0.034286
v 0.194714 -0.030133 0.034286
v 0.195570 -0.025551 0.034000
v 0.194912 -0.030163 0.034000
v 0.195716 -0.025571 0.033684
v 0.195057 -0.030186 0.033684
v 0.195806 -0.025582 0.033347
v 0.182543 -0.069989 0.035000
v 0.180839 -0.074281 0.035000
v 0.182867 -0.070113 0.034970
v 0.181160 -0.074413 0.034970
v 0.183181 -0.070234 0.034879
v 0.181471 -0.074541 0.034879
v 0.183476 -0.070347 0.034732
v 0.181764 -0.074661 0.034732
v 0.183743 -0.070449 0.034532
v 0.182028 -0.074769 0.034532
v 0.183973 -0.070538 0.034286
v 0.182256 -0.074863 0.034286
v 0.184160 -0.070609 0.034000
v 0.182441 -0.074939 0.034000
v 0.184297 -0.070662 0.033684
v 0.182577 -0.074995 0.033684
v 0.184382 -0.070694 0.033347
v 0.168533 -0.099080 0.035000
v 0.166146 -0.103033 0.035000
v 0.168832 -0.099256 0.034970
v 0.166441 -0.103216 0.034970
v 0.169123 -0.099427 0.034879
v 0.166727 -0.103393 0.034879
v 0.169395 -0.099587 0.034732
v 0.166996 -0.103560 0.034732
v 0.169641 -0.099732 0.034532
v 0.167238 -0.103710 0.034532
v 0.169854 -0.099856 0.034286
v 0.167448 -0.103840 0.034286
v 0.170026 -0.099958 0.034000
v 0.167618 -0.103946 0.034000
v 0.170153 -0.100033 0.033684
v 0.167743 -0.104023 0.033684
v 0.170231 -0.100078 0.033347
v 0.149926 -0.125468 0.035000
v 0.146921 -0.128974 0.035000
v 0.150193 -0.125691 0.034970
v 0.147182 -0.129204 0.034970
v 0.150451 -0.125907 0.034879
v 0.147435 -0.129426 0.034879
v 0.150693 -0.126110 0.034732
v 0.147673 -0.129634 0.034732
v 0.150912 -0.126293 0.034532
v 0.147887 -0.129823 0.034532
v 0.151101 -0.126452 0.034286
v 0.148073 -0.129985 0.034286
v 0.151255 -0.126580 0.034000
v 0.148223 -0.130117 0.034000
v 0.151368 -0.126675 0.033684
v 0.148334 -0.130214 0.033684
v 0.151437 -0.126732 0.033347
v 0.116401 -0.157070 0.035000
v 0.112659 -0.159775 0.035000
v 0.116608 -0.157349 0.034970
v 0.112859 -0.160059 0.034970
v 0.116809 -0.157620 0.034879
v 0.113053 -0.160335 0.034879
v 0.116997 -0.157873 0.034732
v 0.113235 -0.160593 0.034732
v 0.117167 -0.158103 0.034532
v 0.113400 -0.160826 0.034532
v 0.117313 -0.158301 0.034286
v 0.113542 -0.161028 0.034286
v 0.117433 -0.158462 0.034000
v 0.113657 -0.161191 0.034000
v 0.117520 -0.158580 0.033684
v 0.113742 -0.161311 0.033684
v 0.117574 -0.158652 0.033347
v 0.088961 -0.174087 0.035000
v 0.084824 -0.176139 0.035000
v 0.089119 -0.174396 0.034970
v 0.084975 -0.176452 0.034970
v 0.089272 -0.174696 0.034879
v 0.085121 -0.176756 0.034879
v 0.089416 -0.174977 0.034732
v 0.085258 -0.177040 0.034732
v 0.089546 -0.175232 0.034532
v 0.085382 -0.177298 0.034532
v 0.089658 -0.175451 0.034286
v 0.085489 -0.177520 0.034286
v 0.089749 -0.175629 0.034000
v 0.085576 -0.177700 0.034000
v 0.089816 -0.175760 0.033684
v 0.085640 -0.177833 0.033684
v 0.089857 -0.175841 0.033347
v 0.045751 -0.190071 0.035000
v 0.041249 -0.191099 0.035000
v 0.045832 -0.190409 0.034970
v 0.041322 -0.191438 0.034970
v 0.045911 -0.190736 0.034879
v 0.041393 -0.191768 0.034879
v 0.045985 -0.191044 0.034732
v 0.041460 -0.192076 0.034732
v 0.046052 -0.191321 0.034532
v 0.041520 -0.192356 0.034532
v 0.046109 -0.191561 0.034286
v 0.041572 -0.192596 0.034286
v 0.046156 -0.191755 0.034000
v 0.041614 -0.192792 0.034000
v 0.046191 -0.191899 0.033684
v 0.041645 -0.192936 0.033684
v 0.046212 -0.191986 0.033347
v 0.013842 -0.195009 0.035000
v 0.009232 -0.195282 0.035000
v 0.013867 -0.195356 0.034970
v 0.009249 -0.195629 0.034970
v 0.013891 -0.195692 0.034879
v 0.009265 -0.195965 0.034879
v 0.013913 -0.196007 0.034732
v 0.009280 -0.196281 0.034732
v 0.013933 -0.196292 0.034532
v 0.009293 -0.196566 0.034532
v 0.013951 -0.196538 0.034286
v 0.009305 -0.196812 0.034286
v 0.013965 -0.196737 0.034000
v 0.009314 -0.197012 0.034000
v 0.013975 -0.196884 0.033684
v 0.009321 -0.197159 0.033684
v 0.013982 -0.196974 0.033347
v 0.000000 0.195500 0.035000
v 0.004617 0.195445 0.035000
v 0.000000 0.195847 0.034970
v 0.004626 0.195793 0.034970
v 0.000000 0.196184 0.034879
v 0.004634 0.196129 0.034879
v 0.000000 0.196500 0.034732
v 0.004641 0.196445 0.034732
v 0.000000 0.196786 0.034532
v 0.004648 0.196731 0.034532
v 0.000000 0.197032 0.034286
v 0.004654 0.196977 0.034286
v 0.000000 0.197232 0.034000
v 0.004658 0.197177 0.034000
v 0.000000 0.197379 0.033684
v 0.004662 0.197324 0.033684
v 0.000000 0.197470 0.033347
v 0.000000 0.197500 0.033000
v 0.009232 0.195282 0.035000
v 0.009249 0.195629 0.034970
v 0.009265 0.195965 0.034879
v 0.009280 0.196281 0.034732
v 0.009293 0.196566 0.034532
v 0.009305 0.196812 0.034286
v 0.009314 0.197012 0.034000
v 0.009321 0.197159 0.033684
v 0.013984 0.197004 0.033000
v 0.013982 0.196974 0.033347
v 0.013975 0.196884 0.033684
v 0.013965 0.196737 0.034000
v 0.013951 0.196538 0.034286
v 0.013933 0.196292 0.034532
v 0.013913 0.196007 0.034732
v 0.013891 0.195692 0.034879
v 0.013867 0.195356 0.034970
v 0.013842 0.195009 0.035000
v 0.018444 0.194628 0.035000
v 0.018477 0.194974 0.034970
v 0.018509 0.195309 0.034879
v 0.018538 0.195624 0.034732
v 0.018565 0.195908 0.034532
v 0.018589 0.196153 0.034286
v 0.018608 0.196352 0.034000
v 0.018621 0.196499 0.033684
v 0.023036 0.194138 0.035000
v 0.023077 0.194483 0.034970
v 0.023116 0.194817 0.034879
v 0.023154 0.195131 0.034732
v 0.023187 0.195415 0.034532
v 0.023216 0.195660 0.034286
v 0.023240 0.195858 0.034000
v 0.023257 0.196004 0.033684
v 0.027897 0.195520 0.033000
v 0.027893 0.195490 0.033347
v 0.027880 0.195400 0.033684
v 0.027859 0.195255 0.034000
v 0.027831 0.195057 0.034286
v 0.027796 0.194813 0.034532
v 0.027756 0.194530 0.034732
v 0.027711 0.194217 0.034879
v 0.027664 0.193884 0.034970
v 0.027615 0.193540 0.035000
v 0.032507 0.194806 0.033000
v 0.032850 0.194749 0.033000
v 0.041249 0.191099 0.035000
v 0.041322 0.191438 0.034970
v 0.041393 0.191768 0.034879
v 0.041460 0.192076 0.034732
v 0.041520 0.192356 0.034532
v 0.041572 0.192596 0.034286
v 0.041614 0.192792 0.034000
v 0.041645 0.192936 0.033684
v 0.046219 0.192016 0.033000
v 0.046212 0.191986 0.033347
v 0.046191 0.191899 0.033684
v 0.046156 0.191755 0.034000
v 0.046109 0.191561 0.034286
v 0.046052 0.191321 0.034532
v 0.045985 0.191044 0.034732
v 0.045911 0.190736 0.034879
v 0.045832 0.190409 0.034970
v 0.045751 0.190071 0.035000
v 0.050227 0.188938 0.035000
v 0.050317 0.189273 0.034970
v 0.050403 0.189599 0.034879
v 0.050484 0.189904 0.034732
v 0.050558 0.190180 0.034532
v 0.050621 0.190418 0.034286
v 0.050672 0.190612 0.034000
v 0.050710 0.190754 0.033684
v 0.054676 0.187699 0.035000
v 0.054773 0.188032 0.034970
v 0.054867 0.188355 0.034879
v 0.054955 0.188659 0.034732
v 0.055035 0.188933 0.034532
v 0.055104 0.189170 0.034286
v 0.055160 0.189362 0.034000
v 0.055201 0.189503 0.033684
v 0.059698 0.188261 0.033000
v 0.059689 0.188232 0.033347
v 0.059662 0.188146 0.033684
v 0.059617 0.188006 0.034000
v 0.059557 0.187815 0.034286
v 0.059482 0.187580 0.034532
v 0.059396 0.187308 0.034732
v 0.059301 0.187007 0.034879
v 0.059199 0.186686 0.034970
v 0.059094 0.186355 0.035000
v 0.064128 0.186799 0.033000
v 0.064785 0.186572 0.033000
v 0.072834 0.183450 0.033684
v 0.072779 0.183313 0.034000
v 0.072705 0.183127 0.034286
v 0.072614 0.182898 0.034532
v 0.072509 0.182633 0.034732
v 0.072392 0.182339 0.034879
v 0.072268 0.182026 0.034970
v 0.072140 0.181703 0.035000
v 0.077193 0.181790 0.033000
v 0.077181 0.181762 0.033347
v 0.077146 0.181679 0.033684
v 0.077089 0.181543 0.034000
v 0.077010 0.181359 0.034286
v 0.076914 0.181132 0.034532
v 0.076802 0.180869 0.034732
v 0.076679 0.180578 0.034879
v 0.076547 0.180268 0.034970
v 0.076412 0.179949 0.035000
v 0.080640 0.178094 0.035000
v 0.080784 0.178410 0.034970
v 0.080923 0.178717 0.034879
v 0.081053 0.179005 0.034732
v 0.081171 0.179265 0.034532
v 0.081272 0.179489 0.034286
v 0.081355 0.179672 0.034000
v 0.081416 0.179806 0.033684
v 0.084824 0.176139 0.035000
v 0.084975 0.176452 0.034970
v 0.085121 0.176756 0.034879
v 0.085258 0.177040 0.034732
v 0.085382 0.177298 0.034532
v 0.085489 0.177520 0.034286
v 0.085576 0.177700 0.034000
v 0.085640 0.177833 0.033684
v 0.089871 0.175868 0.033000
v 0.089857 0.175841 0.033347
v 0.089816 0.175760 0.033684
v 0.089749 0.175629 0.034000
v 0.089658 0.175451 0.034286
v 0.089546 0.175232 0.034532
v 0.089416 0.174977 0.034732
v 0.089272 0.174696 0.034879
v 0.089119 0.174396 0.034970
v 0.088961 0.174087 0.035000
v 0.094000 0.173696 0.033000
v 0.094915 0.173198 0.033000
v 0.102097 0.169063 0.033000
v 0.102082 0.169037 0.033347
v 0.102035 0.168960 0.033684
v 0.101959 0.168834 0.034000
v 0.101856 0.168663 0.034286
v 0.101728 0.168452 0.034532
v 0.101580 0.168207 0.034732
v 0.101417 0.167937 0.034879
v 0.101243 0.167648 0.034970
v 0.101064 0.167351 0.035000
v 0.106062 0.166605 0.033000
v 0.106271 0.166471 0.033000
v 0.112659 0.159775 0.035000
v 0.112859 0.160059 0.034970
v 0.113053 0.160335 0.034879
v 0.113235 0.160593 0.034732
v 0.113400 0.160826 0.034532
v 0.113542 0.161028 0.034286
v 0.113657 0.161191 0.034000
v 0.113742 0.161311 0.033684
v 0.117592 0.158677 0.033000
v 0.117574 0.158652 0.033347
v 0.117520 0.158580 0.033684
v 0.117433 0.158462 0.034000
v 0.117313 0.158301 0.034286
v 0.117167 0.158103 0.034532
v 0.116997 0.157873 0.034732
v 0.116809 0.157620 0.034879
v 0.116608 0.157349 0.034970
v 0.116401 0.157070 0.035000
v 0.120079 0.154277 0.035000
v 0.120292 0.154551 0.034970
v 0.120499 0.154817 0.034879
v 0.120693 0.155066 0.034732
v 0.120868 0.155291 0.034532
v 0.121020 0.155486 0.034286
v 0.121142 0.155644 0.034000
v 0.121233 0.155760 0.033684
v 0.123689 0.151398 0.035000
v 0.123909 0.151667 0.034970
v 0.124122 0.151928 0.034879
v 0.124322 0.152172 0.034732
v 0.124502 0.152393 0.034532
v 0.124658 0.152584 0.034286
v 0.124785 0.152739 0.034000
v 0.124878 0.152853 0.033684
v 0.128532 0.149953 0.033000
v 0.128512 0.149930 0.033347
v 0.128453 0.149861 0.033684
v 0.128357 0.149749 0.034000
v 0.128227 0.149597 0.034286
v 0.128067 0.149410 0.034532
v 0.127881 0.149193 0.034732
v 0.127675 0.148954 0.034879
v 0.127456 0.148698 0.034970
v 0.127230 0.148434 0.035000
v 0.132038 0.146875 0.033000
v 0.132480 0.146476 0.033000
v 0.138742 0.140390 0.033684
v 0.138638 0.140285 0.034000
v 0.138498 0.140143 0.034286
v 0.138324 0.139968 0.034532
v 0.138124 0.139765 0.034732
v 0.137901 0.139540 0.034879
v 0.137665 0.139300 0.034970
v 0.137421 0.139053 0.035000
v 0.142106 0.137158 0.033000
v 0.142084 0.137137 0.033347
v 0.142019 0.137074 0.033684
v 0.141913 0.136972 0.034000
v 0.141769 0.136833 0.034286
v 0.141592 0.136662 0.034532
v 0.141386 0.136463 0.034732
v 0.141159 0.136244 0.034879
v 0.140916 0.136010 0.034970
v 0.140667 0.135769 0.035000
v 0.143834 0.132409 0.035000
v 0.144090 0.132644 0.034970
v 0.144337 0.132872 0.034879
v 0.144570 0.133086 0.034732
v 0.144780 0.133279 0.034532
v 0.144961 0.133446 0.034286
v 0.145108 0.133582 0.034000
v 0.145217 0.133681 0.033684
v 0.146921 0.128974 0.035000
v 0.147182 0.129204 0.034970
v 0.147435 0.129426 0.034879
v 0.147673 0.129634 0.034732
v 0.147887 0.129823 0.034532
v 0.148073 0.129985 0.034286
v 0.148223 0.130117 0.034000
v 0.148334 0.130214 0.033684
v 0.151460 0.126752 0.033000
v 0.151437 0.126732 0.033347
v 0.151368 0.126675 0.033684
v 0.151255 0.126580 0.034000
v 0.151101 0.126452 0.034286
v 0.150912 0.126293 0.034532
v 0.150693 0.126110 0.034732
v 0.150451 0.125907 0.034879
v 0.150193 0.125691 0.034970
v 0.149926 0.125468 0.035000
v 0.154412 0.123139 0.033000
v 0.154998 0.122401 0.033000
v 0.160055 0.115710 0.033000
v 0.160030 0.115692 0.033347
v 0.159957 0.115639 0.033684
v 0.159837 0.115553 0.034000
v 0.159675 0.115436 0.034286
v 0.159476 0.115291 0.034532
v 0.159244 0.115124 0.034732
v 0.158988 0.114939 0.034879
v 0.158715 0.114742 0.034970
v 0.158434 0.114538 0.035000
v 0.161095 0.110764 0.035000
v 0.161381 0.110961 0.034970
v 0.161659 0.111152 0.034879
v 0.161919 0.111331 0.034732
v 0.162154 0.111492 0.034532
v 0.162357 0.111632 0.034286
v 0.162522 0.111745 0.034000
v 0.162644 0.111829 0.033684
v 0.165239 0.107956 0.033684
v 0.165116 0.107876 0.034000
v 0.164949 0.107766 0.034286
v 0.164742 0.107632 0.034532
v 0.164503 0.107475 0.034732
v 0.164239 0.107303 0.034879
v 0.163957 0.107118 0.034970
v 0.163666 0.106928 0.035000
v 0.166146 0.103033 0.035000
v 0.166441 0.103216 0.034970
v 0.166727 0.103393 0.034879
v 0.166996 0.103560 0.034732
v 0.167238 0.103710 0.034532
v 0.167448 0.103840 0.034286
v 0.167618 0.103946 0.034000
v 0.167743 0.104023 0.033684
v 0.170257 0.100094 0.033000
v 0.170231 0.100078 0.033347
v 0.170153 0.100033 0.033684
v 0.170026 0.099958 0.034000
v 0.169854 0.099856 0.034286
v 0.169641 0.099732 0.034532
v 0.169395 0.099587 0.034732
v 0.169123 0.099427 0.034879
v 0.168832 0.099256 0.034970
v 0.168533 0.099080 0.035000
v 0.170826 0.095072 0.035000
v 0.171130 0.095241 0.034970
v 0.171424 0.095404 0.034879
v 0.171700 0.095558 0.034732
v 0.171950 0.095697 0.034532
v 0.172165 0.095817 0.034286
v 0.172340 0.095914 0.034000
v 0.172468 0.095986 0.033684
v 0.173024 0.091011 0.035000
v 0.173331 0.091172 0.034970
v 0.173629 0.091329 0.034879
v 0.173909 0.091476 0.034732
v 0.174162 0.091609 0.034532
v 0.174380 0.091724 0.034286
v 0.174557 0.091817 0.034000
v 0.174687 0.091886 0.033684
v 0.176917 0.087788 0.033000
v 0.176890 0.087774 0.033347
v 0.176809 0.087734 0.033684
v 0.176677 0.087668 0.034000
v 0.176498 0.087580 0.034286
v 0.176277 0.087470 0.034532
v 0.176021 0.087343 0.034732
v 0.175738 0.087203 0.034879
v 0.175436 0.087053 0.034970
v 0.175125 0.086899 0.035000
v 0.178941 0.083585 0.033000
v 0.179150 0.083135 0.033000
v 0.182577 0.074995 0.033684
v 0.182441 0.074939 0.034000
v 0.182256 0.074863 0.034286
v 0.182028 0.074769 0.034532
v 0.181764 0.074661 0.034732
v 0.181471 0.074541 0.034879
v 0.181160 0.074413 0.034970
v 0.180839 0.074281 0.035000
v 0.184410 0.070705 0.033000
v 0.184382 0.070694 0.033347
v 0.184297 0.070662 0.033684
v 0.184160 0.070609 0.034000
v 0.183973 0.070538 0.034286
v 0.183743 0.070449 0.034532
v 0.183476 0.070347 0.034732
v 0.183181 0.070234 0.034879
v 0.182867 0.070113 0.034970
v 0.182543 0.069989 0.035000
v 0.184145 0.065658 0.035000
v 0.184472 0.065775 0.034970
v 0.184789 0.065888 0.034879
v 0.185087 0.065994 0.034732
v 0.185356 0.066090 0.034532
v 0.185588 0.066173 0.034286
v 0.185776 0.066240 0.034000
v 0.185915 0.066289 0.033684
v 0.185644 0.061291 0.035000
v 0.185974 0.061399 0.034970
v 0.186294 0.061505 0.034879
v 0.186594 0.061604 0.034732
v 0.186865 0.061694 0.034532
v 0.187099 0.061771 0.034286
v 0.187289 0.061834 0.034000
v 0.187429 0.061880 0.033684
v 0.188953 0.057471 0.033000
v 0.188924 0.057462 0.033347
v 0.188838 0.057436 0.033684
v 0.188697 0.057393 0.034000
v 0.188506 0.057335 0.034286
v 0.188270 0.057263 0.034532
v 0.187997 0.057180 0.034732
v 0.187694 0.057088 0.034879
v 0.187372 0.056990 0.034970
v 0.187040 0.056889 0.035000
v 0.190258 0.052992 0.033000
v 0.190483 0.052179 0.033000
v 0.192548 0.043948 0.033000
v 0.192519 0.043941 0.033347
v 0.192431 0.043921 0.033684
v 0.192287 0.043888 0.034000
v 0.192092 0.043844 0.034286
v 0.191852 0.043789 0.034532
v 0.191573 0.043725 0.034732
v 0.191265 0.043655 0.034879
v 0.190937 0.043580 0.034970
v 0.190598 0.043503 0.035000
v 0.191573 0.038989 0.035000
v 0.191913 0.039058 0.034970
v 0.192243 0.039125 0.034879
v 0.192553 0.039188 0.034732
v 0.192832 0.039245 0.034532
v 0.193074 0.039295 0.034286
v 0.193270 0.039334 0.034000
v 0.193414 0.039364 0.033684
v 0.194290 0.034785 0.033684
v 0.194145 0.034759 0.034000
v 0.193948 0.034723 0.034286
v 0.193706 0.034680 0.034532
v 0.193425 0.034630 0.034732
v 0.193113 0.034574 0.034879
v 0.192782 0.034515 0.034970
v 0.192440 0.034453 0.035000
v 0.193200 0.029899 0.035000
v 0.193543 0.029952 0.034970
v 0.193876 0.030003 0.034879
v 0.194188 0.030052 0.034732
v 0.194471 0.030095 0.034532
v 0.194714 0.030133 0.034286
v 0.194912 0.030163 0.034000
v 0.195057 0.030186 0.033684
v 0.195836 0.025586 0.033000
v 0.195806 0.025582 0.033347
v 0.195716 0.025571 0.033684
v 0.195570 0.025551 0.034000
v 0.195372 0.025526 0.034286
v 0.195127 0.025494 0.034532
v 0.194844 0.025457 0.034732
v 0.194531 0.025416 0.034879
v 0.194197 0.025372 0.034970
v 0.193852 0.025327 0.035000
v 0.194397 0.020741 0.035000
v 0.194742 0.020778 0.034970
v 0.195077 0.020814 0.034879
v 0.195391 0.020848 0.034732
v 0.195675 0.020878 0.034532
v 0.195920 0.020904 0.034286
v 0.196119 0.020925 0.034000
v 0.196265 0.020941 0.033684
v 0.194832 0.016144 0.035000
v 0.195178 0.016173 0.034970
v 0.195514 0.016201 0.034879
v 0.195829 0.016227 0.034732
v 0.196113 0.016250 0.034532
v 0.196359 0.016271 0.034286
v 0.196558 0.016287 0.034000
v 0.196705 0.016299 0.033684
v 0.197156 0.011656 0.033000
v 0.197125 0.011654 0.033347
v 0.197035 0.011649 0.033684
v 0.196888 0.011640 0.034000
v 0.196689 0.011628 0.034286
v 0.196443 0.011614 0.034532
v 0.196157 0.011597 0.034732
v 0.195842 0.011578 0.034879
v 0.195506 0.011559 0.034970
v 0.195159 0.011538 0.035000
v 0.197376 0.006996 0.033000
v 0.197390 0.006599 0.033000
v 0.195486 -0.002309 0.035000
v 0.195834 -0.002313 0.034970
v 0.196170 -0.002317 0.034879
v 0.196486 -0.002321 0.034732
v 0.196772 -0.002324 0.034532
v 0.197018 -0.002327 0.034286
v 0.197218 -0.002329 0.034000
v 0.197366 -0.002331 0.033684
v 0.197376 -0.006996 0.033000
v 0.197346 -0.006995 0.033347
v 0.197256 -0.006992 0.033684
v 0.197108 -0.006987 0.034000
v 0.196908 -0.006980 0.034286
v 0.196662 -0.006971 0.034532
v 0.196377 -0.006961 0.034732
v 0.196061 -0.006950 0.034879
v 0.195724 -0.006938 0.034970
v 0.195377 -0.006925 0.035000
v 0.195159 -0.011538 0.035000
v 0.195506 -0.011559 0.034970
v 0.195842 -0.011578 0.034879
v 0.196157 -0.011597 0.034732
v 0.196443 -0.011614 0.034532
v 0.196689 -0.011628 0.034286
v 0.196888 -0.011640 0.034000
v 0.197035 -0.011649 0.033684
v 0.194832 -0.016144 0.035000
v 0.195178 -0.016173 0.034970
v 0.195514 -0.016201 0.034879
v 0.195829 -0.016227 0.034732
v 0.196113 -0.016250 0.034532
v 0.196359 -0.016271 0.034286
v 0.196558 -0.016287 0.034000
v 0.196705 -0.016299 0.033684
v 0.196385 -0.020954 0.033000
v 0.196355 -0.020950 0.033347
v 0.196265 -0.020941 0.033684
v 0.196119 -0.020925 0.034000
v 0.195920 -0.020904 0.034286
v 0.195675 -0.020878 0.034532
v 0.195391 -0.020848 0.034732
v 0.195077 -0.020814 0.034879
v 0.194742 -0.020778 0.034970
v 0.194397 -0.020741 0.035000
v 0.195836 -0.025586 0.033000
v 0.195738 -0.026324 0.033000
v 0.194290 -0.034785 0.033684
v 0.194145 -0.034759 0.034000
v 0.193948 -0.034723 0.034286
v 0.193706 -0.034680 0.034532
v 0.193425 -0.034630 0.034732
v 0.193113 -0.034574 0.034879
v 0.192782 -0.034515 0.034970
v 0.192440 -0.034453 0.035000
v 0.193533 -0.039388 0.033000
v 0.193503 -0.039382 0.033347
v 0.193414 -0.039364 0.033684
v 0.193270 -0.039334 0.034000
v 0.193074 -0.039295 0.034286
v 0.192832 -0.039245 0.034532
v 0.192553 -0.039188 0.034732
v 0.192243 -0.039125 0.034879
v 0.191913 -0.039058 0.034970
v 0.191573 -0.038989 0.035000
v 0.190598 -0.043503 0.035000
v 0.190937 -0.043580 0.034970
v 0.191265 -0.043655 0.034879
v 0.191573 -0.043725 0.034732
v 0.191852 -0.043789 0.034532
v 0.192092 -0.043844 0.034286
v 0.192287 -0.043888 0.034000
v 0.192431 -0.043921 0.033684
v 0.189518 -0.047992 0.035000
v 0.189854 -0.048078 0.034970
v 0.190181 -0.048160 0.034879
v 0.190487 -0.048238 0.034732
v 0.190764 -0.048308 0.034532
v 0.191003 -0.048369 0.034286
v 0.191197 -0.048418 0.034000
v 0.191340 -0.048454 0.033684
v 0.190258 -0.052992 0.033000
v 0.190229 -0.052984 0.033347
v 0.190142 -0.052959 0.033684
v 0.190000 -0.052920 0.034000
v 0.189807 -0.052866 0.034286
v 0.189570 -0.052800 0.034532
v 0.189295 -0.052724 0.034732
v 0.188990 -0.052639 0.034879
v 0.188666 -0.052548 0.034970
v 0.188331 -0.052455 0.035000
v 0.187040 -0.056889 0.035000
v 0.187372 -0.056990 0.034970
v 0.187694 -0.057088 0.034879
v 0.187997 -0.057180 0.034732
v 0.188270 -0.057263 0.034532
v 0.188506 -0.057335 0.034286
v 0.188697 -0.057393 0.034000
v 0.188838 -0.057436 0.033684
v 0.185644 -0.061291 0.035000
v 0.185974 -0.061399 0.034970
v 0.186294 -0.061505 0.034879
v 0.186594 -0.061604 0.034732
v 0.186865 -0.061694 0.034532
v 0.187099 -0.061771 0.034286
v 0.187289 -0.061834 0.034000
v 0.187429 -0.061880 0.033684
v 0.186029 -0.066330 0.033000
v 0.186000 -0.066320 0.033347
v 0.185915 -0.066289 0.033684
v 0.185776 -0.066240 0.034000
v 0.185588 -0.066173 0.034286
v 0.185356 -0.066090 0.034532
v 0.185087 -0.065994 0.034732
v 0.184789 -0.065888 0.034879
v 0.184472 -0.065775 0.034970
v 0.184145 -0.065658 0.035000
v 0.184410 -0.070705 0.033000
v 0.184303 -0.070983 0.033000
v 0.179034 -0.078531 0.035000
v 0.179352 -0.078671 0.034970
v 0.179660 -0.078806 0.034879
v 0.179949 -0.078933 0.034732
v 0.180211 -0.079048 0.034532
v 0.180437 -0.079147 0.034286
v 0.180620 -0.079227 0.034000
v 0.180755 -0.079286 0.033684
v 0.178941 -0.083585 0.033000
v 0.178913 -0.083572 0.033347
v 0.178832 -0.083533 0.033684
v 0.178698 -0.083471 0.034000
v 0.178517 -0.083387 0.034286
v 0.178294 -0.083282 0.034532
v 0.178035 -0.083161 0.034732
v 0.177749 -0.083028 0.034879
v 0.177444 -0.082885 0.034970
v 0.177129 -0.082738 0.035000
v 0.175125 -0.086899 0.035000
v 0.175436 -0.087053 0.034970
v 0.175738 -0.087203 0.034879
v 0.176021 -0.087343 0.034732
v 0.176277 -0.087470 0.034532
v 0.176498 -0.087580 0.034286
v 0.176677 -0.087668 0.034000
v 0.176809 -0.087734 0.033684
v 0.173024 -0.091011 0.035000
v 0.173331 -0.091172 0.034970
v 0.173629 -0.091329 0.034879
v 0.173909 -0.091476 0.034732
v 0.174162 -0.091609 0.034532
v 0.174380 -0.091724 0.034286
v 0.174557 -0.091817 0.034000
v 0.174687 -0.091886 0.033684
v 0.172574 -0.096044 0.033000
v 0.172547 -0.096030 0.033347
v 0.172468 -0.095986 0.033684
v 0.172340 -0.095914 0.034000
v 0.172165 -0.095817 0.034286
v 0.171950 -0.095697 0.034532
v 0.171700 -0.095558 0.034732
v 0.171424 -0.095404 0.034879
v 0.171130 -0.095241 0.034970
v 0.170826 -0.095072 0.035000
v 0.170257 -0.100094 0.033000
v 0.169929 -0.100649 0.033000
v 0.165239 -0.107956 0.033684
v 0.165116 -0.107876 0.034000
v 0.164949 -0.107766 0.034286
v 0.164742 -0.107632 0.034532
v 0.164503 -0.107475 0.034732
v 0.164239 -0.107303 0.034879
v 0.163957 -0.107118 0.034970
v 0.163666 -0.106928 0.035000
v 0.162743 -0.111897 0.033000
v 0.162718 -0.111880 0.033347
v 0.162644 -0.111829 0.033684
v 0.162522 -0.111745 0.034000
v 0.162357 -0.111632 0.034286
v 0.162154 -0.111492 0.034532
v 0.161919 -0.111331 0.034732
v 0.161659 -0.111152 0.034879
v 0.161381 -0.110961 0.034970
v 0.161095 -0.110764 0.035000
v 0.158434 -0.114538 0.035000
v 0.158715 -0.114742 0.034970
v 0.158988 -0.114939 0.034879
v 0.159244 -0.115124 0.034732
v 0.159476 -0.115291 0.034532
v 0.159675 -0.115436 0.034286
v 0.159837 -0.115553 0.034000
v 0.159957 -0.115639 0.033684
v 0.155684 -0.118248 0.035000
v 0.155961 -0.118458 0.034970
v 0.156229 -0.118662 0.034879
v 0.156481 -0.118853 0.034732
v 0.156708 -0.119026 0.034532
v 0.156904 -0.119175 0.034286
v 0.157064 -0.119296 0.034000
v 0.157181 -0.119385 0.033684
v 0.154412 -0.123139 0.033000
v 0.154388 -0.123120 0.033347
v 0.154317 -0.123064 0.033684
v 0.154202 -0.122972 0.034000
v 0.154046 -0.122847 0.034286
v 0.153853 -0.122694 0.034532
v 0.153630 -0.122516 0.034732
v 0.153383 -0.122319 0.034879
v 0.153120 -0.122109 0.034970
v 0.152848 -0.121892 0.035000
v 0.151460 -0.126752 0.033000
v 0.150821 -0.127512 0.033000
v 0.145305 -0.133763 0.033000
v 0.145283 -0.133743 0.033347
v 0.145217 -0.133681 0.033684
v 0.145108 -0.133582 0.034000
v 0.144961 -0.133446 0.034286
v 0.144780 -0.133279 0.034532
v 0.144570 -0.133086 0.034732
v 0.144337 -0.132872 0.034879
v 0.144090 -0.132644 0.034970
v 0.143834 -0.132409 0.035000
v 0.140667 -0.135769 0.035000
v 0.140916 -0.136010 0.034970
v 0.141159 -0.136244 0.034879
v 0.141386 -0.136463 0.034732
v 0.141592 -0.136662 0.034532
v 0.141769 -0.136833 0.034286
v 0.141913 -0.136972 0.034000
v 0.142019 -0.137074 0.033684
v 0.138742 -0.140390 0.033684
v 0.138638 -0.140285 0.034000
v 0.138498 -0.140143 0.034286
v 0.138324 -0.139968 0.034532
v 0.138124 -0.139765 0.034732
v 0.137901 -0.139540 0.034879
v 0.137665 -0.139300 0.034970
v 0.137421 -0.139053 0.035000
v 0.134098 -0.142260 0.035000
v 0.134336 -0.142513 0.034970
v 0.134567 -0.142758 0.034879
v 0.134784 -0.142988 0.034732
v 0.134980 -0.143196 0.034532
v 0.135149 -0.143375 0.034286
v 0.135286 -0.143521 0.034000
v 0.135387 -0.143628 0.033684
v 0.132038 -0.146875 0.033000
v 0.132017 -0.146853 0.033347
v 0.131957 -0.146785 0.033684
v 0.131859 -0.146676 0.034000
v 0.131725 -0.146527 0.034286
v 0.131560 -0.146344 0.034532
v 0.131369 -0.146131 0.034732
v 0.131158 -0.145896 0.034879
v 0.130933 -0.145646 0.034970
v 0.130701 -0.145388 0.035000
v 0.127230 -0.148434 0.035000
v 0.127456 -0.148698 0.034970
v 0.127675 -0.148954 0.034879
v 0.127881 -0.149193 0.034732
v 0.128067 -0.149410 0.034532
v 0.128227 -0.149597 0.034286
v 0.128357 -0.149749 0.034000
v 0.128453 -0.149861 0.033684
v 0.123689 -0.151398 0.035000
v 0.123909 -0.151667 0.034970
v 0.124122 -0.151928 0.034879
v 0.124322 -0.152172 0.034732
v 0.124502 -0.152393 0.034532
v 0.124658 -0.152584 0.034286
v 0.124785 -0.152739 0.034000
v 0.124878 -0.152853 0.033684
v 0.121307 -0.155855 0.033000
v 0.121288 -0.155831 0.033347
v 0.121233 -0.155760 0.033684
v 0.121142 -0.155644 0.034000
v 0.121020 -0.155486 0.034286
v 0.120868 -0.155291 0.034532
v 0.120693 -0.155066 0.034732
v 0.120499 -0.154817 0.034879
v 0.120292 -0.154551 0.034970
v 0.120079 -0.154277 0.035000
v 0.117592 -0.158677 0.033000
v 0.117153 -0.159001 0.033000
v 0.109900 -0.163953 0.033684
v 0.109818 -0.163831 0.034000
v 0.109707 -0.163664 0.034286
v 0.109570 -0.163460 0.034532
v 0.109411 -0.163222 0.034732
v 0.109235 -0.162960 0.034879
v 0.109047 -0.162680 0.034970
v 0.108854 -0.162392 0.035000
v 0.106062 -0.166605 0.033000
v 0.106046 -0.166579 0.033347
v 0.105997 -0.166503 0.033684
v 0.105918 -0.166379 0.034000
v 0.105811 -0.166210 0.034286
v 0.105678 -0.166002 0.034532
v 0.105525 -0.165761 0.034732
v 0.105355 -0.165495 0.034879
v 0.105174 -0.165210 0.034970
v 0.104988 -0.164917 0.035000
v 0.101064 -0.167351 0.035000
v 0.101243 -0.167648 0.034970
v 0.101417 -0.167937 0.034879
v 0.101580 -0.168207 0.034732
v 0.101728 -0.168452 0.034532
v 0.101856 -0.168663 0.034286
v 0.101959 -0.168834 0.034000
v 0.102035 -0.168960 0.033684
v 0.097083 -0.169691 0.035000
v 0.097255 -0.169993 0.034970
v 0.097422 -0.170285 0.034879
v 0.097579 -0.170559 0.034732
v 0.097721 -0.170807 0.034532
v 0.097844 -0.171021 0.034286
v 0.097943 -0.171195 0.034000
v 0.098016 -0.171323 0.033684
v 0.094000 -0.173696 0.033000
v 0.093985 -0.173669 0.033347
v 0.093942 -0.173590 0.033684
v 0.093872 -0.173460 0.034000
v 0.093777 -0.173285 0.034286
v 0.093660 -0.173068 0.034532
v 0.093524 -0.172817 0.034732
v 0.093373 -0.172539 0.034879
v 0.093213 -0.172243 0.034970
v 0.093048 -0.171937 0.035000
v 0.089871 -0.175868 0.033000
v 0.089074 -0.176272 0.033000
v 0.081465 -0.179916 0.033000
v 0.081453 -0.179888 0.033347
v 0.081416 -0.179806 0.033684
v 0.081355 -0.179672 0.034000
v 0.081272 -0.179489 0.034286
v 0.081171 -0.179265 0.034532
v 0.081053 -0.179005 0.034732
v 0.080923 -0.178717 0.034879
v 0.080784 -0.178410 0.034970
v 0.080640 -0.178094 0.035000
v 0.076412 -0.179949 0.035000
v 0.076547 -0.180268 0.034970
v 0.076679 -0.180578 0.034879
v 0.076802 -0.180869 0.034732
v 0.076914 -0.181132 0.034532
v 0.077010 -0.181359 0.034286
v 0.077089 -0.181543 0.034000
v 0.077146 -0.181679 0.033684
v 0.072834 -0.183450 0.033684
v 0.072779 -0.183313 0.034000
v 0.072705 -0.183127 0.034286
v 0.072614 -0.182898 0.034532
v 0.072509 -0.182633 0.034732
v 0.072392 -0.182339 0.034879
v 0.072268 -0.182026 0.034970
v 0.072140 -0.181703 0.035000
v 0.067828 -0.183356 0.035000
v 0.067949 -0.183682 0.034970
v 0.068066 -0.183998 0.034879
v 0.068175 -0.184294 0.034732
v 0.068274 -0.184562 0.034532
v 0.068360 -0.184793 0.034286
v 0.068429 -0.184981 0.034000
v 0.068480 -0.185119 0.033684
v 0.064128 -0.186799 0.033000
v 0.064118 -0.186770 0.033347
v 0.064089 -0.186685 0.033684
v 0.064041 -0.186545 0.034000
v 0.063976 -0.186356 0.034286
v 0.063896 -0.186123 0.034532
v 0.063803 -0.185853 0.034732
v 0.063701 -0.185554 0.034879
v 0.063592 -0.185236 0.034970
v 0.063479 -0.184907 0.035000
v 0.059094 -0.186355 0.035000
v 0.059199 -0.186686 0.034970
v 0.059301 -0.187007 0.034879
v 0.059396 -0.187308 0.034732
v 0.059482 -0.187580 0.034532
v 0.059557 -0.187815 0.034286
v 0.059617 -0.188006 0.034000
v 0.059662 -0.188146 0.033684
v 0.054676 -0.187699 0.035000
v 0.054773 -0.188032 0.034970
v 0.054867 -0.188355 0.034879
v 0.054955 -0.188659 0.034732
v 0.055035 -0.188933 0.034532
v 0.055104 -0.189170 0.034286
v 0.055160 -0.189362 0.034000
v 0.055201 -0.189503 0.033684
v 0.050741 -0.190871 0.033000
v 0.050733 -0.190841 0.033347
v 0.050710 -0.190754 0.033684
v 0.050672 -0.190612 0.034000
v 0.050621 -0.190418 0.034286
v 0.050558 -0.190180 0.034532
v 0.050484 -0.189904 0.034732
v 0.050403 -0.189599 0.034879
v 0.050317 -0.189273 0.034970
v 0.050227 -0.188938 0.035000
v 0.046219 -0.192016 0.033000
v 0.045784 -0.192120 0.033000
v 0.037077 -0.193866 0.033684
v 0.037049 -0.193721 0.034000
v 0.037012 -0.193525 0.034286
v 0.036965 -0.193283 0.034532
v 0.036912 -0.193002 0.034732
v 0.036852 -0.192692 0.034879
v 0.036789 -0.192361 0.034970
v 0.036724 -0.192020 0.035000
v 0.032507 -0.194806 0.033000
v 0.032502 -0.194776 0.033347
v 0.032488 -0.194687 0.033684
v 0.032463 -0.194542 0.034000
v 0.032430 -0.194345 0.034286
v 0.032390 -0.194102 0.034532
v 0.032343 -0.193820 0.034732
v 0.032291 -0.193508 0.034879
v 0.032235 -0.193176 0.034970
v 0.032178 -0.192834 0.035000
v 0.027615 -0.193540 0.035000
v 0.027664 -0.193884 0.034970
v 0.027711 -0.194217 0.034879
v 0.027756 -0.194530 0.034732
v 0.027796 -0.194813 0.034532
v 0.027831 -0.195057 0.034286
v 0.027859 -0.195255 0.034000
v 0.027880 -0.195400 0.033684
v 0.023036 -0.194138 0.035000
v 0.023077 -0.194483 0.034970
v 0.023116 -0.194817 0.034879
v 0.023154 -0.195131 0.034732
v 0.023187 -0.195415 0.034532
v 0.023216 -0.195660 0.034286
v 0.023240 -0.195858 0.034000
v 0.023257 -0.196004 0.033684
v 0.018633 -0.196619 0.033000
v 0.018630 -0.196589 0.033347
v 0.018621 -0.196499 0.033684
v 0.018608 -0.196352 0.034000
v 0.018589 -0.196153 0.034286
v 0.018565 -0.195908 0.034532
v 0.018538 -0.195624 0.034732
v 0.018509 -0.195309 0.034879
v 0.018477 -0.194974 0.034970
v 0.018444 -0.194628 0.035000
v 0.013984 -0.197004 0.033000
v 0.013192 -0.197059 0.033000
v 0.004665 -0.197445 0.033000
v 0.004664 -0.197415 0.033347
v 0.004662 -0.197324 0.033684
v 0.004658 -0.197177 0.034000
v 0.004654 -0.196977 0.034286
v 0.004648 -0.196731 0.034532
v 0.004641 -0.196445 0.034732
v 0.004634 -0.196129 0.034879
v 0.004626 -0.195793 0.034970
v 0.004617 -0.195445 0.035000
v -0.000000 -0.195500 0.035000
v -0.000000 -0.195847 0.034970
v -0.000000 -0.196184 0.034879
v -0.000000 -0.196500 0.034732
v -0.000000 -0.196786 0.034532
v -0.000000 -0.197032 0.034286
v -0.000000 -0.197232 0.034000
v -0.000000 -0.197379 0.033684
v -0.000000 -0.197470 0.033347
v -0.000000 -0.197500 0.033000
v 0.013842 0.195009 0.000000
v 0.018444 0.194628 0.000000
v -0.045751 -0.190071 0.000000
v 0.023036 0.194138 0.000000
v 0.050227 0.188938 0.000000
v 0.054676 0.187699 0.000000
v 0.067828 -0.183356 0.000000
v 0.059094 -0.186355 0.000000
v 0.054676 -0.187699 0.000000
v 0.045751 0.190071 0.000000
v 0.027615 0.193540 0.000000
v 0.032178 0.192834 0.000000
v 0.036724 0.192020 0.000000
v -0.032178 -0.192834 0.000000
v -0.036724 -0.192020 0.000000
v -0.108854 0.162392 0.000000
v -0.112659 0.159775 0.000000
v -0.116401 0.157070 0.000000
v 0.059094 0.186355 0.000000
v 0.063479 0.184907 0.000000
v 0.067828 0.183356 0.000000
v 0.063479 -0.184907 0.000000
v 0.050227 -0.188938 0.000000
v 0.045751 -0.190071 0.000000
v 0.041249 -0.191099 0.000000
v 0.041249 0.191099 0.000000
v -0.041249 -0.191099 0.000000
v -0.084824 -0.176139 0.000000
v -0.088961 -0.174087 0.000000
v -0.158434 0.114538 0.000000
v -0.093048 -0.171937 0.000000
v -0.146921 -0.128974 0.000000
v -0.149926 -0.125468 0.000000
v -0.190598 -0.043503 0.000000
v -0.189518 -0.047992 0.000000
v -0.188331 -0.052455 0.000000
v -0.168533 0.099080 0.000000
v -0.166146 0.103033 0.000000
v -0.149926 0.125468 0.000000
v -0.146921 0.128974 0.000000
v 0.101064 -0.167351 0.000000
v 0.097083 -0.169691 0.000000
v 0.076412 0.179949 0.000000
v 0.093048 -0.171937 0.000000
v 0.088961 -0.174087 0.000000
v -0.013842 -0.195009 0.000000
v -0.018444 -0.194628 0.000000
v -0.152848 -0.121892 0.000000
v -0.155684 -0.118248 0.000000
v -0.158434 -0.114538 0.000000
v -0.155684 0.118248 0.000000
v -0.152848 0.121892 0.000000
v -0.143834 0.132409 0.000000
v -0.140667 0.135769 0.000000
v -0.137421 0.139053 0.000000
v -0.088961 0.174087 0.000000
v -0.093048 0.171937 0.000000
v -0.097083 0.169691 0.000000
v 0.080640 0.178094 0.000000
v 0.108854 -0.162392 0.000000
v 0.104988 -0.164917 0.000000
v 0.193852 0.025327 0.000000
v 0.194397 0.020741 0.000000
v 0.127230 -0.148434 0.000000
v 0.120079 -0.154277 0.000000
v 0.116401 -0.157070 0.000000
v 0.193200 0.029899 0.000000
v -0.023036 -0.194138 0.000000
v -0.027615 -0.193540 0.000000
v -0.050227 -0.188938 0.000000
v -0.054676 -0.187699 0.000000
v -0.059094 -0.186355 0.000000
v -0.097083 -0.169691 0.000000
v -0.101064 -0.167351 0.000000
v -0.104988 -0.164917 0.000000
v -0.137421 -0.139053 0.000000
v -0.140667 -0.135769 0.000000
v -0.143834 -0.132409 0.000000
v -0.161095 -0.110764 0.000000
v -0.163666 -0.106928 0.000000
v -0.166146 -0.103033 0.000000
v -0.173024 -0.091011 0.000000
v -0.175125 -0.086899 0.000000
v -0.177129 -0.082738 0.000000
v -0.179034 -0.078531 0.000000
v -0.180839 -0.074281 0.000000
v -0.182543 -0.069989 0.000000
v -0.184145 -0.065658 0.000000
v -0.163666 0.106928 0.000000
v -0.161095 0.110764 0.000000
v -0.134098 0.142260 0.000000
v -0.130701 0.145388 0.000000
v -0.127230 0.148434 0.000000
v -0.123689 0.151398 0.000000
v -0.120079 0.154277 0.000000
v -0.104988 0.164917 0.000000
v -0.101064 0.167351 0.000000
v 0.084824 0.176139 0.000000
v 0.088961 0.174087 0.000000
v 0.093048 0.171937 0.000000
v 0.191573 0.038989 0.000000
v 0.192440 0.034453 0.000000
v 0.112659 -0.159775 0.000000
v 0.084824 -0.176139 0.000000
v 0.080640 -0.178094 0.000000
v 0.076412 -0.179949 0.000000
v 0.027615 -0.193540 0.000000
v 0.023036 -0.194138 0.000000
v 0.018444 -0.194628 0.000000
v 0.013842 -0.195009 0.000000
v -0.063479 -0.184907 0.000000
v -0.067828 -0.183356 0.000000
v -0.072140 -0.181703 0.000000
v -0.076412 -0.179949 0.000000
v -0.080640 -0.178094 0.000000
v -0.108854 -0.162392 0.000000
v -0.112659 -0.159775 0.000000
v -0.116401 -0.157070 0.000000
v -0.168533 -0.099080 0.000000
v -0.170826 -0.095072 0.000000
v -0.185644 -0.061291 0.000000
v -0.187040 -0.056889 0.000000
v -0.192440 -0.034453 0.000000
v -0.193200 -0.029899 0.000000
v -0.170826 0.095072 0.000000
v -0.050227 0.188938 0.000000
v -0.045751 0.190071 0.000000
v -0.032178 0.192834 0.000000
v -0.027615 0.193540 0.000000
v 0.127230 0.148434 0.000000
v 0.130701 0.145388 0.000000
v 0.134098 0.142260 0.000000
v 0.137421 0.139053 0.000000
v 0.155684 0.118248 0.000000
v 0.158434 0.114538 0.000000
v 0.161095 0.110764 0.000000
v 0.163666 0.106928 0.000000
v 0.166146 0.103033 0.000000
v 0.168533 0.099080 0.000000
v 0.170826 0.095072 0.000000
v 0.187040 0.056889 0.000000
v 0.188331 0.052455 0.000000
v 0.123689 -0.151398 0.000000
v 0.072140 0.181703 0.000000
v 0.072140 -0.181703 0.000000
v 0.036724 -0.192020 0.000000
v 0.032178 -0.192834 0.000000
v -0.120079 -0.154277 0.000000
v -0.123689 -0.151398 0.000000
v -0.127230 -0.148434 0.000000
v -0.076412 0.179949 0.000000
v -0.072140 0.181703 0.000000
v -0.067828 0.183356 0.000000
v -0.063479 0.184907 0.000000
v -0.041249 0.191099 0.000000
v -0.036724 0.192020 0.000000
v 0.097083 0.169691 0.000000
v 0.101064 0.167351 0.000000
v 0.104988 0.164917 0.000000
v 0.108854 0.162392 0.000000
v 0.112659 0.159775 0.000000
v 0.116401 0.157070 0.000000
v 0.120079 0.154277 0.000000
v 0.123689 0.151398 0.000000
v 0.140667 0.135769 0.000000
v 0.143834 0.132409 0.000000
v 0.146921 0.128974 0.000000
v 0.009232 -0.195282 0.000000
v 0.004617 -0.195445 0.000000
v 0.000000 -0.195500 0.000000
v -0.130701 -0.145388 0.000000
v -0.134098 -0.142260 0.000000
v -0.191573 -0.038989 0.000000
v -0.193852 -0.025327 0.000000
v -0.194397 -0.020741 0.000000
v -0.194832 -0.016144 0.000000
v -0.195377 -0.006925 0.000000
v -0.190598 0.043503 0.000000
v -0.189518 0.047992 0.000000
v -0.084824 0.176139 0.000000
v -0.080640 0.178094 0.000000
v -0.059094 0.186355 0.000000
v -0.054676 0.187699 0.000000
v -0.023036 0.194138 0.000000
v -0.018444 0.194628 0.000000
v -0.013842 0.195009 0.000000
v 0.173024 0.091011 0.000000
v 0.175125 0.086899 0.000000
v 0.177129 0.082738 0.000000
v 0.189518 0.047992 0.000000
v 0.190598 0.043503 0.000000
v 0.194832 0.016144 0.000000
v 0.195159 0.011538 0.000000
v 0.195377 0.006925 0.000000
v 0.194832 -0.016144 0.000000
v 0.195159 -0.011538 0.000000
v 0.195377 -0.006925 0.000000
v 0.155684 -0.118248 0.000000
v 0.152848 -0.121892 0.000000
v 0.149926 -0.125468 0.000000
v -0.004617 -0.195445 0.000000
v -0.009232 -0.195282 0.000000
v -0.195486 -0.002309 0.000000
v -0.195486 0.002309 0.000000
v -0.191573 0.038989 0.000000
v -0.188331 0.052455 0.000000
v -0.187040 0.056889 0.000000
v -0.185644 0.061291 0.000000
v -0.184145 0.065658 0.000000
v -0.182543 0.069989 0.000000
v -0.180839 0.074281 0.000000
v 0.149926 0.125468 0.000000
v 0.152848 0.121892 0.000000
v 0.179034 0.078531 0.000000
v 0.180839 0.074281 0.000000
v 0.182543 0.069989 0.000000
v 0.195486 0.002309 0.000000
v 0.195486 -0.002309 0.000000
v 0.188331 -0.052455 0.000000
v 0.189518 -0.047992 0.000000
v 0.190598 -0.043503 0.000000
v -0.195377 0.006925 0.000000
v -0.195159 0.011538 0.000000
v -0.193200 0.029899 0.000000
v -0.179034 0.078531 0.000000
v -0.177129 0.082738 0.000000
v -0.175125 0.086899 0.000000
v -0.195159 -0.011538 0.000000
v -0.173024 0.091011 0.000000
v -0.009232 0.195282 0.000000
v -0.004617 0.195445 0.000000
v -0.000000 0.195500 0.000000
v 0.184145 0.065658 0.000000
v 0.185644 0.061291 0.000000
v 0.187040 -0.056889 0.000000
v 0.185644 -0.061291 0.000000
v 0.184145 -0.065658 0.000000
v 0.173024 -0.091011 0.000000
v 0.170826 -0.095072 0.000000
v 0.143834 -0.132409 0.000000
v 0.140667 -0.135769 0.000000
v 0.175125 -0.086899 0.000000
v 0.137421 -0.139053 0.000000
v 0.134098 -0.142260 0.000000
v -0.192440 0.034453 0.000000
v 0.004617 0.195445 0.000000
v 0.009232 0.195282 0.000000
v 0.194397 -0.020741 0.000000
v 0.193852 -0.025327 0.000000
v 0.193200 -0.029899 0.000000
v 0.192440 -0.034453 0.000000
v 0.191573 -0.038989 0.000000
v 0.182543 -0.069989 0.000000
v 0.180839 -0.074281 0.000000
v 0.179034 -0.078531 0.000000
v 0.130701 -0.145388 0.000000
v 0.177129 -0.082738 0.000000
v 0.168533 -0.099080 0.000000
v 0.166146 -0.103033 0.000000
v 0.163666 -0.106928 0.000000
v 0.146921 -0.128974 0.000000
v -0.194832 0.016144 0.000000
v -0.194397 0.020741 0.000000
v -0.193852 0.025327 0.000000
v 0.161095 -0.110764 0.000000
v 0.158434 -0.114538 0.000000
v 0.000000 0.197500 0.002000
v 0.000000 0.197500 0.033000
v 0.004665 0.197445 0.002000
v 0.006599 0.197390 0.002000
v 0.009327 0.197280 0.002000
v 0.013192 0.197059 0.002000
v 0.013984 0.197004 0.002000
v 0.018633 0.196619 0.002000
v 0.019769 0.196508 0.002000
v 0.023272 0.196124 0.002000
v 0.026324 0.195738 0.002000
v 0.027897 0.195520 0.002000
v 0.032507 0.194806 0.002000
v 0.032850 0.194749 0.002000
v 0.037099 0.193984 0.002000
v 0.039339 0.193542 0.002000
v 0.041671 0.193054 0.002000
v 0.045784 0.192120 0.002000
v 0.046219 0.192016 0.002000
v 0.050741 0.190871 0.002000
v 0.052179 0.190483 0.002000
v 0.055235 0.189619 0.002000
v 0.058514 0.188633 0.002000
v 0.059698 0.188261 0.002000
v 0.064128 0.186799 0.002000
v 0.064785 0.186572 0.002000
v 0.068522 0.185232 0.002000
v 0.070983 0.184303 0.002000
v 0.072878 0.183562 0.002000
v 0.077102 0.181828 0.002000
v 0.077193 0.181790 0.002000
v 0.081465 0.179916 0.002000
v 0.083135 0.179150 0.002000
v 0.085692 0.177941 0.002000
v 0.089074 0.176272 0.002000
v 0.089871 0.175868 0.002000
v 0.094000 0.173696 0.002000
v 0.094915 0.173198 0.002000
v 0.098076 0.171427 0.002000
v 0.100649 0.169929 0.002000
v 0.102097 0.169063 0.002000
v 0.106062 0.166605 0.002000
v 0.106271 0.166471 0.002000
v 0.109967 0.164053 0.002000
v 0.111775 0.162827 0.002000
v 0.113811 0.161410 0.002000
v 0.117153 0.159001 0.002000
v 0.117592 0.158677 0.002000
v 0.121307 0.155855 0.002000
v 0.122401 0.154998 0.002000
v 0.124954 0.152947 0.002000
v 0.127512 0.150821 0.002000
v 0.128532 0.149953 0.002000
v 0.132038 0.146875 0.002000
v 0.132480 0.146476 0.002000
v 0.135470 0.143716 0.002000
v 0.137301 0.141968 0.002000
v 0.138826 0.140476 0.002000
v 0.141968 0.137301 0.002000
v 0.142106 0.137158 0.002000
v 0.145305 0.133763 0.002000
v 0.146476 0.132480 0.002000
v 0.148424 0.130294 0.002000
v 0.150821 0.127512 0.002000
v 0.151460 0.126752 0.002000
v 0.154412 0.123139 0.002000
v 0.154998 0.122401 0.002000
v 0.157277 0.119458 0.002000
v 0.159001 0.117153 0.002000
v 0.160055 0.115710 0.002000
v 0.162743 0.111897 0.002000
v 0.162827 0.111775 0.002000
v 0.165340 0.108022 0.002000
v 0.166471 0.106271 0.002000
v 0.167846 0.104087 0.002000
v 0.169929 0.100649 0.002000
v 0.170257 0.100094 0.002000
v 0.172574 0.096044 0.002000
v 0.173198 0.094915 0.002000
v 0.174794 0.091942 0.002000
v 0.176272 0.089074 0.002000
v 0.176917 0.087788 0.002000
v 0.178941 0.083585 0.002000
v 0.179150 0.083135 0.002000
v 0.180865 0.079335 0.002000
v 0.181828 0.077102 0.002000
v 0.182689 0.075041 0.002000
v 0.184303 0.070983 0.002000
v 0.184410 0.070705 0.002000
v 0.186029 0.066330 0.002000
v 0.186572 0.064785 0.002000
v 0.187543 0.061918 0.002000
v 0.188633 0.058514 0.002000
v 0.188953 0.057471 0.002000
v 0.190258 0.052992 0.002000
v 0.190483 0.052179 0.002000
v 0.191457 0.048483 0.002000
v 0.192120 0.045784 0.002000
v 0.192548 0.043948 0.002000
v 0.193533 0.039388 0.002000
v 0.000000 -0.197500 0.033000
v 0.000000 -0.197500 0.002000
v 0.004665 -0.197445 0.002000
v 0.006599 -0.197390 0.002000
v 0.009327 -0.197280 0.002000
v 0.013192 -0.197059 0.002000
v 0.013984 -0.197004 0.002000
v 0.018633 -0.196619 0.002000
v 0.019769 -0.196508 0.002000
v 0.023272 -0.196124 0.002000
v 0.026324 -0.195738 0.002000
v 0.027897 -0.195520 0.002000
v 0.032507 -0.194806 0.002000
v 0.032850 -0.194749 0.002000
v 0.037099 -0.193984 0.002000
v 0.039339 -0.193542 0.002000
v 0.041671 -0.193054 0.002000
v 0.045784 -0.192120 0.002000
v 0.046219 -0.192016 0.002000
v 0.050741 -0.190871 0.002000
v 0.052179 -0.190483 0.002000
v 0.055235 -0.189619 0.002000
v 0.058514 -0.188633 0.002000
v 0.059698 -0.188261 0.002000
v 0.064128 -0.186799 0.002000
v 0.064785 -0.186572 0.002000
v 0.068522 -0.185232 0.002000
v 0.070983 -0.184303 0.002000
v 0.072878 -0.183562 0.002000
v 0.077102 -0.181828 0.002000
v 0.077193 -0.181790 0.002000
v 0.081465 -0.179916 0.002000
v 0.083135 -0.179150 0.002000
v 0.085692 -0.177941 0.002000
v 0.089074 -0.176272 0.002000
v 0.089871 -0.175868 0.002000
v 0.094000 -0.173696 0.002000
v 0.094915 -0.173198 0.002000
v 0.098076 -0.171427 0.002000
v 0.100649 -0.169929 0.002000
v 0.102097 -0.169063 0.002000
v 0.106062 -0.166605 0.002000
v 0.106271 -0.166471 0.002000
v 0.109967 -0.164053 0.002000
v 0.111775 -0.162827 0.002000
v 0.113811 -0.161410 0.002000
v 0.117153 -0.159001 0.002000
v 0.117592 -0.158677 0.002000
v 0.121307 -0.155855 0.002000
v 0.122401 -0.154998 0.002000
v 0.124954 -0.152947 0.002000
v 0.127512 -0.150821 0.002000
v 0.128532 -0.149953 0.002000
v 0.132038 -0.146875 0.002000
v 0.132480 -0.146476 0.002000
v 0.135470 -0.143716 0.002000
v 0.137301 -0.141968 0.002000
v 0.138826 -0.140476 0.002000
v 0.141968 -0.137301 0.002000
v 0.142106 -0.137158 0.002000
v 0.145305 -0.133763 0.002000
v 0.146476 -0.132480 0.002000
v 0.148424 -0.130294 0.002000
v 0.150821 -0.127512 0.002000
v 0.151460 -0.126752 0.002000
v 0.154412 -0.123139 0.002000
v 0.154998 -0.122401 0.002000
v 0.157277 -0.119458 0.002000
v 0.159001 -0.117153 0.002000
v 0.160055 -0.115710 0.002000
v 0.162743 -0.111897 0.002000
v 0.162827 -0.111775 0.002000
v 0.165340 -0.108022 0.002000
v 0.166471 -0.106271 0.002000
v 0.167846 -0.104087 0.002000
v 0.169929 -0.100649 0.002000
v 0.170257 -0.100094 0.002000
v 0.172574 -0.096044 0.002000
v 0.173198 -0.094915 0.002000
v 0.174794 -0.091942 0.002000
v 0.176272 -0.089074 0.002000
v 0.176917 -0.087788 0.002000
v 0.178941 -0.083585 0.002000
v 0.179150 -0.083135 0.002000
v 0.180865 -0.079335 0.002000
v 0.181828 -0.077102 0.002000
v 0.182689 -0.075041 0.002000
v 0.184303 -0.070983 0.002000
v 0.184410 -0.070705 0.002000
v 0.186029 -0.066330 0.002000
v 0.186572 -0.064785 0.002000
v 0.187543 -0.061918 0.002000
v 0.188633 -0.058514 0.002000
v 0.188953 -0.057471 0.002000
v 0.190258 -0.052992 0.002000
v 0.190483 -0.052179 0.002000
v 0.191457 -0.048483 0.002000
v 0.192120 -0.045784 0.002000
v 0.192548 -0.043948 0.002000
v 0.193533 -0.039388 0.002000
v 0.193542 -0.039339 0.002000
v 0.194409 -0.034806 0.002000
v 0.194749 -0.032850 0.002000
v 0.195177 -0.030204 0.002000
v 0.195738 -0.026324 0.002000
v 0.195836 -0.025586 0.002000
v 0.196385 -0.020954 0.002000
v 0.196508 -0.019769 0.002000
v 0.196825 -0.016309 0.002000
v 0.197059 -0.013192 0.002000
v 0.197156 -0.011656 0.002000
v 0.197376 -0.006996 0.002000
v 0.197390 -0.006599 0.002000
v 0.197486 -0.002333 0.002000
v 0.197500 -0.000000 0.002000
v 0.197486 0.002333 0.002000
v 0.197390 0.006599 0.002000
v 0.197376 0.006996 0.002000
v 0.197156 0.011656 0.002000
v 0.197059 0.013192 0.002000
v 0.196825 0.016309 0.002000
v 0.196508 0.019769 0.002000
v 0.196385 0.020954 0.002000
v 0.195836 0.025586 0.002000
v 0.195738 0.026324 0.002000
v 0.195177 0.030204 0.002000
v 0.194749 0.032850 0.002000
v 0.194409 0.034806 0.002000
v 0.193542 0.039339 0.002000
v -0.000000 -0.197500 0.002000
v -0.000000 -0.197500 0.033000
v -0.004665 -0.197445 0.002000
v -0.006599 -0.197390 0.002000
v -0.009327 -0.197280 0.002000
v -0.013192 -0.197059 0.002000
v -0.013984 -0.197004 0.002000
v -0.018633 -0.196619 0.002000
v -0.019769 -0.196508 0.002000
v -0.023272 -0.196124 0.002000
v -0.026324 -0.195738 0.002000
v -0.027897 -0.195520 0.002000
v -0.032507 -0.194806 0.002000
v -0.032850 -0.194749 0.002000
v -0.037099 -0.193984 0.002000
v -0.039339 -0.193542 0.002000
v -0.041671 -0.193054 0.002000
v -0.045784 -0.192120 0.002000
v -0.046219 -0.192016 0.002000
v -0.050741 -0.190871 0.002000
v -0.052179 -0.190483 0.002000
v -0.055235 -0.189619 0.002000
v -0.058514 -0.188633 0.002000
v -0.059698 -0.188261 0.002000
v -0.064128 -0.186799 0.002000
v -0.064785 -0.186572 0.002000
v -0.068522 -0.185232 0.002000
v -0.070983 -0.184303 0.002000
v -0.072878 -0.183562 0.002000
v -0.077102 -0.181828 0.002000
v -0.077193 -0.181790 0.002000
v -0.081465 -0.179916 0.002000
v -0.083135 -0.179150 0.002000
v -0.085692 -0.177941 0.002000
v -0.089074 -0.176272 0.002000
v -0.089871 -0.175868 0.002000
v -0.094000 -0.173696 0.002000
v -0.094915 -0.173198 0.002000
v -0.098076 -0.171427 0.002000
v -0.100649 -0.169929 0.002000
v -0.102097 -0.169063 0.002000
v -0.106062 -0.166605 0.002000
v -0.106271 -0.166471 0.002000
v -0.109967 -0.164053 0.002000
v -0.111775 -0.162827 0.002000
v -0.113811 -0.161410 0.002000
v -0.117153 -0.159001 0.002000
v -0.117592 -0.158677 0.002000
v -0.121307 -0.155855 0.002000
v -0.122401 -0.154998 0.002000
v -0.124954 -0.152947 0.002000
v -0.127512 -0.150821 0.002000
v -0.128532 -0.149953 0.002000
v -0.132038 -0.146875 0.002000
v -0.132480 -0.146476 0.002000
v -0.135470 -0.143716 0.002000
v -0.137301 -0.141968 0.002000
v -0.138826 -0.140476 0.002000
v -0.141968 -0.137301 0.002000
v -0.142106 -0.137158 0.002000
v -0.145305 -0.133763 0.002000
v -0.146476 -0.132480 0.002000
v -0.148424 -0.130294 0.002000
v -0.150821 -0.127512 0.002000
v -0.151460 -0.126752 0.002000
v -0.154412 -0.123139 0.002000
v -0.154998 -0.122401 0.002000
v -0.157277 -0.119458 0.002000
v -0.159001 -0.117153 0.002000
v -0.160055 -0.115710 0.002000
v -0.162743 -0.111897 0.002000
v -0.162827 -0.111775 0.002000
v -0.165340 -0.108022 0.002000
v -0.166471 -0.106271 0.002000
v -0.167846 -0.104087 0.002000
v -0.169929 -0.100649 0.002000
v -0.170257 -0.100094 0.002000
v -0.172574 -0.096044 0.002000
v -0.173198 -0.094915 0.002000
v -0.174794 -0.091942 0.002000
v -0.176272 -0.089074 0.002000
v -0.176917 -0.087788 0.002000
v -0.178941 -0.083585 0.002000
v -0.179150 -0.083135 0.002000
v -0.180865 -0.079335 0.002000
v -0.181828 -0.077102 0.002000
v -0.182689 -0.075041 0.002000
v -0.184303 -0.070983 0.002000
v -0.184410 -0.070705 0.002000
v -0.186029 -0.066330 0.002000
v -0.186572 -0.064785 0.002000
v -0.187543 -0.061918 0.002000
v -0.188633 -0.058514 0.002000
v -0.188953 -0.057471 0.002000
v -0.190258 -0.052992 0.002000
v -0.190483 -0.052179 0.002000
v -0.191457 -0.048483 0.002000
v -0.192120 -0.045784 0.002000
v -0.192548 -0.043948 0.002000
v -0.193533 -0.039388 0.002000
v -0.004665 0.197445 0.002000
v -0.006599 0.197390 0.002000
v -0.009327 0.197280 0.002000
v -0.013192 0.197059 0.002000
v -0.013984 0.197004 0.002000
v -0.018633 0.196619 0.002000
v -0.019769 0.196508 0.002000
v -0.023272 0.196124 0.002000
v -0.026324 0.195738 0.002000
v -0.027897 0.195520 0.002000
v -0.032507 0.194806 0.002000
v -0.032850 0.194749 0.002000
v -0.037099 0.193984 0.002000
v -0.039339 0.193542 0.002000
v -0.041671 0.193054 0.002000
v -0.045784 0.192120 0.002000
v -0.046219 0.192016 0.002000
v -0.050741 0.190871 0.002000
v -0.052179 0.190483 0.002000
v -0.055235 0.189619 0.002000
v -0.058514 0.188633 0.002000
v -0.059698 0.188261 0.002000
v -0.064128 0.186799 0.002000
v -0.064785 0.186572 0.002000
v -0.068522 0.185232 0.002000
v -0.070983 0.184303 0.002000
v -0.072878 0.183562 0.002000
v -0.077102 0.181828 0.002000
v -0.077193 0.181790 0.002000
v -0.081465 0.179916 0.002000
v -0.083135 0.179150 0.002000
v -0.085692 0.177941 0.002000
v -0.089074 0.176272 0.002000
v -0.089871 0.175868 0.002000
v -0.094000 0.173696 0.002000
v -0.094915 0.173198 0.002000
v -0.098076 0.171427 0.002000
v -0.100649 0.169929 0.002000
v -0.102097 0.169063 0.002000
v -0.106062 0.166605 0.002000
v -0.106271 0.166471 0.002000
v -0.109967 0.164053 0.002000
v -0.111775 0.162827 0.002000
v -0.113811 0.161410 0.002000
v -0.117153 0.159001 0.002000
v -0.117592 0.158677 0.002000
v -0.121307 0.155855 0.002000
v -0.122401 0.154998 0.002000
v -0.124954 0.152947 0.002000
v -0.127512 0.150821 0.002000
v -0.128532 0.149953 0.002000
v -0.132038 0.146875 0.002000
v -0.132480 0.146476 0.002000
v -0.135470 0.143716 0.002000
v -0.137301 0.141968 0.002000
v -0.138826 0.140476 0.002000
v -0.141968 0.137301 0.002000
v -0.142106 0.137158 0.002000
v -0.145305 0.133763 0.002000
v -0.146476 0.132480 0.002000
v -0.148424 0.130294 0.002000
v -0.150821 0.127512 0.002000
v -0.151460 0.126752 0.002000
v -0.154412 0.123139 0.002000
v -0.154998 0.122401 0.002000
v -0.157277 0.119458 0.002000
v -0.159001 0.117153 0.002000
v -0.160055 0.115710 0.002000
v -0.162743 0.111897 0.002000
v -0.162827 0.111775 0.002000
v -0.165340 0.108022 0.002000
v -0.166471 0.106271 0.002000
v -0.167846 0.104087 0.002000
v -0.169929 0.100649 0.002000
v -0.170257 0.100094 0.002000
v -0.172574 0.096044 0.002000
v -0.173198 0.094915 0.002000
v -0.174794 0.091942 0.002000
v -0.176272 0.089074 0.002000
v -0.176917 0.087788 0.002000
v -0.178941 0.083585 0.002000
v -0.179150 0.083135 0.002000
v -0.180865 0.079335 0.002000
v -0.181828 0.077102 0.002000
v -0.182689 0.075041 0.002000
v -0.184303 0.070983 0.002000
v -0.184410 0.070705 0.002000
v -0.186029 0.066330 0.002000
v -0.186572 0.064785 0.002000
v -0.187543 0.061918 0.002000
v -0.188633 0.058514 0.002000
v -0.188953 0.057471 0.002000
v -0.190258 0.052992 0.002000
v -0.190483 0.052179 0.002000
v -0.191457 0.048483 0.002000
v -0.192120 0.045784 0.002000
v -0.192548 0.043948 0.002000
v -0.193533 0.039388 0.002000
v -0.193542 0.039339 0.002000
v -0.194409 0.034806 0.002000
v -0.194749 0.032850 0.002000
v -0.195177 0.030204 0.002000
v -0.195738 0.026324 0.002000
v -0.195836 0.025586 0.002000
v -0.196385 0.020954 0.002000
v -0.196508 0.019769 0.002000
v -0.196825 0.016309 0.002000
v -0.197059 0.013192 0.002000
v -0.197156 0.011656 0.002000
v -0.197376 0.006996 0.002000
v -0.197390 0.006599 0.002000
v -0.197486 0.002333 0.002000
v -0.197500 0.000000 0.002000
v -0.197486 -0.002333 0.002000
v -0.197390 -0.006599 0.002000
v -0.197376 -0.006996 0.002000
v -0.197156 -0.011656 0.002000
v -0.197059 -0.013192 0.002000
v -0.196825 -0.016309 0.002000
v -0.196508 -0.019769 0.002000
v -0.196385 -0.020954 0.002000
v -0.195836 -0.025586 0.002000
v -0.195738 -0.026324 0.002000
v -0.195177 -0.030204 0.002000
v -0.194749 -0.032850 0.002000
v -0.194409 -0.034806 0.002000
v -0.193542 -0.039339 0.002000
v -0.018477 -0.194974 0.000030
v -0.023077 -0.194483 0.000030
v -0.018509 -0.195309 0.000121
v -0.023116 -0.194817 0.000121
v -0.018538 -0.195624 0.000268
v -0.023154 -0.195131 0.000268
v -0.018565 -0.195908 0.000468
v -0.023187 -0.195415 0.000468
v -0.018589 -0.196153 0.000714
v -0.023216 -0.195660 0.000714
v -0.018608 -0.196352 0.001000
v -0.023240 -0.195858 0.001000
v -0.018621 -0.196499 0.001316
v -0.023257 -0.196004 0.001316
v -0.018630 -0.196589 0.001653
v -0.023268 -0.196094 0.001653
v -0.013982 -0.196974 0.001653
v -0.027893 -0.195490 0.001653
v -0.032502 -0.194776 0.001653
v -0.037094 -0.193954 0.001653
v -0.041664 -0.193024 0.001653
v -0.046212 -0.191986 0.001653
v -0.059689 -0.188232 0.001653
v -0.055227 -0.189590 0.001653
v -0.050733 -0.190841 0.001653
v -0.072867 -0.183534 0.001653
v -0.068512 -0.185204 0.001653
v -0.064118 -0.186770 0.001653
v -0.077181 -0.181762 0.001653
v -0.081453 -0.179888 0.001653
v -0.085679 -0.177914 0.001653
v -0.089857 -0.175841 0.001653
v -0.102082 -0.169037 0.001653
v -0.098061 -0.171401 0.001653
v -0.093985 -0.173669 0.001653
v -0.106046 -0.166579 0.001653
v -0.109951 -0.164028 0.001653
v -0.113794 -0.161385 0.001653
v -0.117574 -0.158652 0.001653
v -0.128512 -0.149930 0.001653
v -0.124935 -0.152923 0.001653
v -0.121288 -0.155831 0.001653
v -0.138805 -0.140454 0.001653
v -0.135449 -0.143693 0.001653
v -0.132017 -0.146853 0.001653
v -0.142084 -0.137137 0.001653
v -0.145283 -0.133743 0.001653
v -0.148401 -0.130274 0.001653
v -0.151437 -0.126732 0.001653
v -0.160030 -0.115692 0.001653
v -0.157253 -0.119439 0.001653
v -0.154388 -0.123120 0.001653
v -0.162718 -0.111880 0.001653
v -0.165315 -0.108006 0.001653
v -0.167820 -0.104071 0.001653
v -0.170231 -0.100078 0.001653
v -0.176890 -0.087774 0.001653
v -0.174767 -0.091928 0.001653
v -0.172547 -0.096030 0.001653
v -0.178913 -0.083572 0.001653
v -0.180837 -0.079323 0.001653
v -0.182660 -0.075029 0.001653
v -0.184382 -0.070694 0.001653
v -0.188924 -0.057462 0.001653
v -0.187514 -0.061908 0.001653
v -0.186000 -0.066320 0.001653
v -0.192519 -0.043941 0.001653
v -0.191427 -0.048476 0.001653
v -0.190229 -0.052984 0.001653
v -0.193503 -0.039382 0.001653
v -0.194379 -0.034801 0.001653
v -0.195147 -0.030200 0.001653
v -0.195806 -0.025582 0.001653
v -0.197125 -0.011654 0.001653
v -0.196795 -0.016307 0.001653
v -0.196355 -0.020950 0.001653
v -0.197346 -0.006995 0.001653
v -0.197456 -0.002332 0.001653
v -0.197456 0.002332 0.001653
v -0.197346 0.006995 0.001653
v -0.196355 0.020950 0.001653
v -0.196795 0.016307 0.001653
v -0.197125 0.011654 0.001653
v -0.194379 0.034801 0.001653
v -0.195147 0.030200 0.001653
v -0.195806 0.025582 0.001653
v -0.193503 0.039382 0.001653
v -0.192519 0.043941 0.001653
v -0.191427 0.048476 0.001653
v -0.190229 0.052984 0.001653
v -0.186000 0.066320 0.001653
v -0.187514 0.061908 0.001653
v -0.188924 0.057462 0.001653
v -0.184382 0.070694 0.001653
v -0.182660 0.075029 0.001653
v -0.180837 0.079323 0.001653
v -0.178913 0.083572 0.001653
v -0.172547 0.096030 0.001653
v -0.174767 0.091928 0.001653
v -0.176890 0.087774 0.001653
v -0.165315 0.108006 0.001653
v -0.167820 0.104071 0.001653
v -0.170231 0.100078 0.001653
v -0.162718 0.111880 0.001653
v -0.160030 0.115692 0.001653
v -0.157253 0.119439 0.001653
v -0.154388 0.123120 0.001653
v -0.145283 0.133743 0.001653
v -0.148401 0.130274 0.001653
v -0.151437 0.126732 0.001653
v -0.142084 0.137137 0.001653
v -0.138805 0.140454 0.001653
v -0.135449 0.143693 0.001653
v -0.132017 0.146853 0.001653
v -0.121288 0.155831 0.001653
v -0.124935 0.152923 0.001653
v -0.128512 0.149930 0.001653
v -0.117574 0.158652 0.001653
v -0.113794 0.161385 0.001653
v -0.109951 0.164028 0.001653
v -0.106046 0.166579 0.001653
v -0.102082 0.169037 0.001653
v -0.098061 0.171401 0.001653
v -0.093985 0.173669 0.001653
v -0.081453 0.179888 0.001653
v -0.085679 0.177914 0.001653
v -0.089857 0.175841 0.001653
v -0.077181 0.181762 0.001653
v -0.072867 0.183534 0.001653
v -0.068512 0.185204 0.001653
v -0.064118 0.186770 0.001653
v -0.050733 0.190841 0.001653
v -0.055227 0.189590 0.001653
v -0.059689 0.188232 0.001653
v -0.046212 0.191986 0.001653
v -0.041664 0.193024 0.001653
v -0.037094 0.193954 0.001653
v -0.032502 0.194776 0.001653
v -0.018630 0.196589 0.001653
v -0.023268 0.196094 0.001653
v -0.027893 0.195490 0.001653
v -0.004664 0.197415 0.001653
v -0.009325 0.197249 0.001653
v -0.013982 0.196974 0.001653
v -0.000000 0.197500 0.002000
v -0.000000 0.197470 0.001653
v -0.000000 0.197379 0.001316
v -0.004662 0.197324 0.001316
v -0.027880 -0.195400 0.001316
v -0.032488 -0.194687 0.001316
v -0.037077 -0.193866 0.001316
v -0.041645 -0.192936 0.001316
v -0.046191 -0.191899 0.001316
v -0.050710 -0.190754 0.001316
v -0.055201 -0.189503 0.001316
v -0.059662 -0.188146 0.001316
v -0.064089 -0.186685 0.001316
v -0.068480 -0.185119 0.001316
v -0.072834 -0.183450 0.001316
v -0.077146 -0.181679 0.001316
v -0.081416 -0.179806 0.001316
v -0.085640 -0.177833 0.001316
v -0.089816 -0.175760 0.001316
v -0.093942 -0.173590 0.001316
v -0.098016 -0.171323 0.001316
v -0.102035 -0.168960 0.001316
v -0.105997 -0.166503 0.001316
v -0.109900 -0.163953 0.001316
v -0.113742 -0.161311 0.001316
v -0.117520 -0.158580 0.001316
v -0.121233 -0.155760 0.001316
v -0.124878 -0.152853 0.001316
v -0.128453 -0.149861 0.001316
v -0.131957 -0.146785 0.001316
v -0.135387 -0.143628 0.001316
v -0.138742 -0.140390 0.001316
v -0.142019 -0.137074 0.001316
v -0.145217 -0.133681 0.001316
v -0.148334 -0.130214 0.001316
v -0.151368 -0.126675 0.001316
v -0.154317 -0.123064 0.001316
v -0.157181 -0.119385 0.001316
v -0.159957 -0.115639 0.001316
v -0.162644 -0.111829 0.001316
v -0.165239 -0.107956 0.001316
v -0.167743 -0.104023 0.001316
v -0.170153 -0.100033 0.001316
v -0.172468 -0.095986 0.001316
v -0.174687 -0.091886 0.001316
v -0.176809 -0.087734 0.001316
v -0.178832 -0.083533 0.001316
v -0.180755 -0.079286 0.001316
v -0.182577 -0.074995 0.001316
v -0.184297 -0.070662 0.001316
v -0.185915 -0.066289 0.001316
v -0.187429 -0.061880 0.001316
v -0.188838 -0.057436 0.001316
v -0.190142 -0.052959 0.001316
v -0.191340 -0.048454 0.001316
v -0.192431 -0.043921 0.001316
v -0.193414 -0.039364 0.001316
v -0.194290 -0.034785 0.001316
v -0.195057 -0.030186 0.001316
v -0.195716 -0.025571 0.001316
v -0.196265 -0.020941 0.001316
v -0.196705 -0.016299 0.001316
v -0.197035 -0.011649 0.001316
v -0.197256 -0.006992 0.001316
v -0.197366 -0.002331 0.001316
v -0.197366 0.002331 0.001316
v -0.197256 0.006992 0.001316
v -0.197035 0.011649 0.001316
v -0.196705 0.016299 0.001316
v -0.196265 0.020941 0.001316
v -0.195716 0.025571 0.001316
v -0.195057 0.030186 0.001316
v -0.194290 0.034785 0.001316
v -0.193414 0.039364 0.001316
v -0.192431 0.043921 0.001316
v -0.191340 0.048454 0.001316
v -0.190142 0.052959 0.001316
v -0.188838 0.057436 0.001316
v -0.187429 0.061880 0.001316
v -0.185915 0.066289 0.001316
v -0.184297 0.070662 0.001316
v -0.182577 0.074995 0.001316
v -0.180755 0.079286 0.001316
v -0.178832 0.083533 0.001316
v -0.176809 0.087734 0.001316
v -0.174687 0.091886 0.001316
v -0.172468 0.095986 0.001316
v -0.170153 0.100033 0.001316
v -0.167743 0.104023 0.001316
v -0.165239 0.107956 0.001316
v -0.162644 0.111829 0.001316
v -0.159957 0.115639 0.001316
v -0.157181 0.119385 0.001316
v -0.154317 0.123064 0.001316
v -0.151368 0.126675 0.001316
v -0.148334 0.130214 0.001316
v -0.145217 0.133681 0.001316
v -0.142019 0.137074 0.001316
v -0.138742 0.140390 0.001316
v -0.135387 0.143628 0.001316
v -0.131957 0.146785 0.001316
v -0.128453 0.149861 0.001316
v -0.124878 0.152853 0.001316
v -0.121233 0.155760 0.001316
v -0.117520 0.158580 0.001316
v -0.113742 0.161311 0.001316
v -0.109900 0.163953 0.001316
v -0.105997 0.166503 0.001316
v -0.102035 0.168960 0.001316
v -0.098016 0.171323 0.001316
v -0.093942 0.173590 0.001316
v -0.089816 0.175760 0.001316
v -0.085640 0.177833 0.001316
v -0.081416 0.179806 0.001316
v -0.077146 0.181679 0.001316
v -0.072834 0.183450 0.001316
v -0.068480 0.185119 0.001316
v -0.064089 0.186685 0.001316
v -0.059662 0.188146 0.001316
v -0.055201 0.189503 0.001316
v -0.050710 0.190754 0.001316
v -0.046191 0.191899 0.001316
v -0.041645 0.192936 0.001316
v -0.037077 0.193866 0.001316
v -0.032488 0.194687 0.001316
v -0.027880 0.195400 0.001316
v -0.023257 0.196004 0.001316
v -0.018621 0.196499 0.001316
v -0.013975 0.196884 0.001316
v -0.009321 0.197159 0.001316
v -0.000000 0.197232 0.001000
v -0.004658 0.197177 0.001000
v -0.027859 -0.195255 0.001000
v -0.032463 -0.194542 0.001000
v -0.037049 -0.193721 0.001000
v -0.041614 -0.192792 0.001000
v -0.046156 -0.191755 0.001000
v -0.050672 -0.190612 0.001000
v -0.055160 -0.189362 0.001000
v -0.059617 -0.188006 0.001000
v -0.064041 -0.186545 0.001000
v -0.068429 -0.184981 0.001000
v -0.072779 -0.183313 0.001000
v -0.077089 -0.181543 0.001000
v -0.081355 -0.179672 0.001000
v -0.085576 -0.177700 0.001000
v -0.089749 -0.175629 0.001000
v -0.093872 -0.173460 0.001000
v -0.097943 -0.171195 0.001000
v -0.101959 -0.168834 0.001000
v -0.105918 -0.166379 0.001000
v -0.109818 -0.163831 0.001000
v -0.113657 -0.161191 0.001000
v -0.117433 -0.158462 0.001000
v -0.121142 -0.155644 0.001000
v -0.124785 -0.152739 0.001000
v -0.128357 -0.149749 0.001000
v -0.131859 -0.146676 0.001000
v -0.135286 -0.143521 0.001000
v -0.138638 -0.140285 0.001000
v -0.141913 -0.136972 0.001000
v -0.145108 -0.133582 0.001000
v -0.148223 -0.130117 0.001000
v -0.151255 -0.126580 0.001000
v -0.154202 -0.122972 0.001000
v -0.157064 -0.119296 0.001000
v -0.159837 -0.115553 0.001000
v -0.162522 -0.111745 0.001000
v -0.165116 -0.107876 0.001000
v -0.167618 -0.103946 0.001000
v -0.170026 -0.099958 0.001000
v -0.172340 -0.095914 0.001000
v -0.174557 -0.091817 0.001000
v -0.176677 -0.087668 0.001000
v -0.178698 -0.083471 0.001000
v -0.180620 -0.079227 0.001000
v -0.182441 -0.074939 0.001000
v -0.184160 -0.070609 0.001000
v -0.185776 -0.066240 0.001000
v -0.187289 -0.061834 0.001000
v -0.188697 -0.057393 0.001000
v -0.190000 -0.052920 0.001000
v -0.191197 -0.048418 0.001000
v -0.192287 -0.043888 0.001000
v -0.193270 -0.039334 0.001000
v -0.194145 -0.034759 0.001000
v -0.194912 -0.030163 0.001000
v -0.195570 -0.025551 0.001000
v -0.196119 -0.020925 0.001000
v -0.196558 -0.016287 0.001000
v -0.196888 -0.011640 0.001000
v -0.197108 -0.006987 0.001000
v -0.197218 -0.002329 0.001000
v -0.197218 0.002329 0.001000
v -0.197108 0.006987 0.001000
v -0.196888 0.011640 0.001000
v -0.196558 0.016287 0.001000
v -0.196119 0.020925 0.001000
v -0.195570 0.025551 0.001000
v -0.194912 0.030163 0.001000
v -0.194145 0.034759 0.001000
v -0.193270 0.039334 0.001000
v -0.192287 0.043888 0.001000
v -0.191197 0.048418 0.001000
v -0.190000 0.052920 0.001000
v -0.188697 0.057393 0.001000
v -0.187289 0.061834 0.001000
v -0.185776 0.066240 0.001000
v -0.184160 0.070609 0.001000
v -0.182441 0.074939 0.001000
v -0.180620 0.079227 0.001000
v -0.178698 0.083471 0.001000
v -0.176677 0.087668 0.001000
v -0.174557 0.091817 0.001000
v -0.172340 0.095914 0.001000
v -0.170026 0.099958 0.001000
v -0.167618 0.103946 0.001000
v -0.165116 0.107876 0.001000
v -0.162522 0.111745 0.001000
v -0.159837 0.115553 0.001000
v -0.157064 0.119296 0.001000
v -0.154202 0.122972 0.001000
v -0.151255 0.126580 0.001000
v -0.148223 0.130117 0.001000
v -0.145108 0.133582 0.001000
v -0.141913 0.136972 0.001000
v -0.138638 0.140285 0.001000
v -0.135286 0.143521 0.001000
v -0.131859 0.146676 0.001000
v -0.128357 0.149749 0.001000
v -0.124785 0.152739 0.001000
v -0.121142 0.155644 0.001000
v -0.117433 0.158462 0.001000
v -0.113657 0.161191 0.001000
v -0.109818 0.163831 0.001000
v -0.105918 0.166379 0.001000
v -0.101959 0.168834 0.001000
v -0.097943 0.171195 0.001000
v -0.093872 0.173460 0.001000
v -0.089749 0.175629 0.001000
v -0.085576 0.177700 0.001000
v -0.081355 0.179672 0.001000
v -0.077089 0.181543 0.001000
v -0.072779 0.183313 0.001000
v -0.068429 0.184981 0.001000
v -0.064041 0.186545 0.001000
v -0.059617 0.188006 0.001000
v -0.055160 0.189362 0.001000
v -0.050672 0.190612 0.001000
v -0.046156 0.191755 0.001000
v -0.041614 0.192792 0.001000
v -0.037049 0.193721 0.001000
v -0.032463 0.194542 0.001000
v -0.027859 0.195255 0.001000
v -0.023240 0.195858 0.001000
v -0.018608 0.196352 0.001000
v -0.013965 0.196737 0.001000
v -0.009314 0.197012 0.001000
v -0.000000 0.197032 0.000714
v -0.004654 0.196977 0.000714
v -0.027831 -0.195057 0.000714
v -0.032430 -0.194345 0.000714
v -0.037012 -0.193525 0.000714
v -0.041572 -0.192596 0.000714
v -0.046109 -0.191561 0.000714
v -0.050621 -0.190418 0.000714
v -0.055104 -0.189170 0.000714
v -0.059557 -0.187815 0.000714
v -0.063976 -0.186356 0.000714
v -0.068360 -0.184793 0.000714
v -0.072705 -0.183127 0.000714
v -0.077010 -0.181359 0.000714
v -0.081272 -0.179489 0.000714
v -0.085489 -0.177520 0.000714
v -0.089658 -0.175451 0.000714
v -0.093777 -0.173285 0.000714
v -0.097844 -0.171021 0.000714
v -0.101856 -0.168663 0.000714
v -0.105811 -0.166210 0.000714
v -0.109707 -0.163664 0.000714
v -0.113542 -0.161028 0.000714
v -0.117313 -0.158301 0.000714
v -0.121020 -0.155486 0.000714
v -0.124658 -0.152584 0.000714
v -0.128227 -0.149597 0.000714
v -0.131725 -0.146527 0.000714
v -0.135149 -0.143375 0.000714
v -0.138498 -0.140143 0.000714
v -0.141769 -0.136833 0.000714
v -0.144961 -0.133446 0.000714
v -0.148073 -0.129985 0.000714
v -0.151101 -0.126452 0.000714
v -0.154046 -0.122847 0.000714
v -0.156904 -0.119175 0.000714
v -0.159675 -0.115436 0.000714
v -0.162357 -0.111632 0.000714
v -0.164949 -0.107766 0.000714
v -0.167448 -0.103840 0.000714
v -0.169854 -0.099856 0.000714
v -0.172165 -0.095817 0.000714
v -0.174380 -0.091724 0.000714
v -0.176498 -0.087580 0.000714
v -0.178517 -0.083387 0.000714
v -0.180437 -0.079147 0.000714
v -0.182256 -0.074863 0.000714
v -0.183973 -0.070538 0.000714
v -0.185588 -0.066173 0.000714
v -0.187099 -0.061771 0.000714
v -0.188506 -0.057335 0.000714
v -0.189807 -0.052866 0.000714
v -0.191003 -0.048369 0.000714
v -0.192092 -0.043844 0.000714
v -0.193074 -0.039295 0.000714
v -0.193948 -0.034723 0.000714
v -0.194714 -0.030133 0.000714
v -0.195372 -0.025526 0.000714
v -0.195920 -0.020904 0.000714
v -0.196359 -0.016271 0.000714
v -0.196689 -0.011628 0.000714
v -0.196908 -0.006980 0.000714
v -0.197018 -0.002327 0.000714
v -0.197018 0.002327 0.000714
v -0.196908 0.006980 0.000714
v -0.196689 0.011628 0.000714
v -0.196359 0.016271 0.000714
v -0.195920 0.020904 0.000714
v -0.195372 0.025526 0.000714
v -0.194714 0.030133 0.000714
v -0.193948 0.034723 0.000714
v -0.193074 0.039295 0.000714
v -0.192092 0.043844 0.000714
v -0.191003 0.048369 0.000714
v -0.189807 0.052866 0.000714
v -0.188506 0.057335 0.000714
v -0.187099 0.061771 0.000714
v -0.185588 0.066173 0.000714
v -0.183973 0.070538 0.000714
v -0.182256 0.074863 0.000714
v -0.180437 0.079147 0.000714
v -0.178517 0.083387 0.000714
v -0.176498 0.087580 0.000714
v -0.174380 0.091724 0.000714
v -0.172165 0.095817 0.000714
v -0.169854 0.099856 0.000714
v -0.167448 0.103840 0.000714
v -0.164949 0.107766 0.000714
v -0.162357 0.111632 0.000714
v -0.159675 0.115436 0.000714
v -0.156904 0.119175 0.000714
v -0.154046 0.122847 0.000714
v -0.151101 0.126452 0.000714
v -0.148073 0.129985 0.000714
v -0.144961 0.133446 0.000714
v -0.141769 0.136833 0.000714
v -0.138498 0.140143 0.000714
v -0.135149 0.143375 0.000714
v -0.131725 0.146527 0.000714
v -0.128227 0.149597 0.000714
v -0.124658 0.152584 0.000714
v -0.121020 0.155486 0.000714
v -0.117313 0.158301 0.000714
v -0.113542 0.161028 0.000714
v -0.109707 0.163664 0.000714
v -0.105811 0.166210 0.000714
v -0.101856 0.168663 0.000714
v -0.097844 0.171021 0.000714
v -0.093777 0.173285 0.000714
v -0.089658 0.175451 0.000714
v -0.085489 0.177520 0.000714
v -0.081272 0.179489 0.000714
v -0.077010 0.181359 0.000714
v -0.072705 0.183127 0.000714
v -0.068360 0.184793 0.000714
v -0.063976 0.186356 0.000714
v -0.059557 0.187815 0.000714
v -0.055104 0.189170 0.000714
v -0.050621 0.190418 0.000714
v -0.046109 0.191561 0.000714
v -0.041572 0.192596 0.000714
v -0.037012 0.193525 0.000714
v -0.032430 0.194345 0.000714
v -0.027831 0.195057 0.000714
v -0.023216 0.195660 0.000714
v -0.018589 0.196153 0.000714
v -0.013951 0.196538 0.000714
v -0.009305 0.196812 0.000714
v -0.000000 0.196786 0.000468
v -0.004648 0.196731 0.000468
v -0.027796 -0.194813 0.000468
v -0.032390 -0.194102 0.000468
v -0.036965 -0.193283 0.000468
v -0.041520 -0.192356 0.000468
v -0.046052 -0.191321 0.000468
v -0.050558 -0.190180 0.000468
v -0.055035 -0.188933 0.000468
v -0.059482 -0.187580 0.000468
v -0.063896 -0.186123 0.000468
v -0.068274 -0.184562 0.000468
v -0.072614 -0.182898 0.000468
v -0.076914 -0.181132 0.000468
v -0.081171 -0.179265 0.000468
v -0.085382 -0.177298 0.000468
v -0.089546 -0.175232 0.000468
v -0.093660 -0.173068 0.000468
v -0.097721 -0.170807 0.000468
v -0.101728 -0.168452 0.000468
v -0.105678 -0.166002 0.000468
v -0.109570 -0.163460 0.000468
v -0.113400 -0.160826 0.000468
v -0.117167 -0.158103 0.000468
v -0.120868 -0.155291 0.000468
v -0.124502 -0.152393 0.000468
v -0.128067 -0.149410 0.000468
v -0.131560 -0.146344 0.000468
v -0.134980 -0.143196 0.000468
v -0.138324 -0.139968 0.000468
v -0.141592 -0.136662 0.000468
v -0.144780 -0.133279 0.000468
v -0.147887 -0.129823 0.000468
v -0.150912 -0.126293 0.000468
v -0.153853 -0.122694 0.000468
v -0.156708 -0.119026 0.000468
v -0.159476 -0.115291 0.000468
v -0.162154 -0.111492 0.000468
v -0.164742 -0.107632 0.000468
v -0.167238 -0.103710 0.000468
v -0.169641 -0.099732 0.000468
v -0.171950 -0.095697 0.000468
v -0.174162 -0.091609 0.000468
v -0.176277 -0.087470 0.000468
v -0.178294 -0.083282 0.000468
v -0.180211 -0.079048 0.000468
v -0.182028 -0.074769 0.000468
v -0.183743 -0.070449 0.000468
v -0.185356 -0.066090 0.000468
v -0.186865 -0.061694 0.000468
v -0.188270 -0.057263 0.000468
v -0.189570 -0.052800 0.000468
v -0.190764 -0.048308 0.000468
v -0.191852 -0.043789 0.000468
v -0.192832 -0.039245 0.000468
v -0.193706 -0.034680 0.000468
v -0.194471 -0.030095 0.000468
v -0.195127 -0.025494 0.000468
v -0.195675 -0.020878 0.000468
v -0.196113 -0.016250 0.000468
v -0.196443 -0.011614 0.000468
v -0.196662 -0.006971 0.000468
v -0.196772 -0.002324 0.000468
v -0.196772 0.002324 0.000468
v -0.196662 0.006971 0.000468
v -0.196443 0.011614 0.000468
v -0.196113 0.016250 0.000468
v -0.195675 0.020878 0.000468
v -0.195127 0.025494 0.000468
v -0.194471 0.030095 0.000468
v -0.193706 0.034680 0.000468
v -0.192832 0.039245 0.000468
v -0.191852 0.043789 0.000468
v -0.190764 0.048308 0.000468
v -0.189570 0.052800 0.000468
v -0.188270 0.057263 0.000468
v -0.186865 0.061694 0.000468
v -0.185356 0.066090 0.000468
v -0.183743 0.070449 0.000468
v -0.182028 0.074769 0.000468
v -0.180211 0.079048 0.000468
v -0.178294 0.083282 0.000468
v -0.176277 0.087470 0.000468
v -0.174162 0.091609 0.000468
v -0.171950 0.095697 0.000468
v -0.169641 0.099732 0.000468
v -0.167238 0.103710 0.000468
v -0.164742 0.107632 0.000468
v -0.162154 0.111492 0.000468
v -0.159476 0.115291 0.000468
v -0.156708 0.119026 0.000468
v -0.153853 0.122694 0.000468
v -0.150912 0.126293 0.000468
v -0.147887 0.129823 0.000468
v -0.144780 0.133279 0.000468
v -0.141592 0.136662 0.000468
v -0.138324 0.139968 0.000468
v -0.134980 0.143196 0.000468
v -0.131560 0.146344 0.000468
v -0.128067 0.149410 0.000468
v -0.124502 0.152393 0.000468
v -0.120868 0.155291 0.000468
v -0.117167 0.158103 0.000468
v -0.113400 0.160826 0.000468
v -0.109570 0.163460 0.000468
v -0.105678 0.166002 0.000468
v -0.101728 0.168452 0.000468
v -0.097721 0.170807 0.000468
v -0.093660 0.173068 0.000468
v -0.089546 0.175232 0.000468
v -0.085382 0.177298 0.000468
v -0.081171 0.179265 0.000468
v -0.076914 0.181132 0.000468
v -0.072614 0.182898 0.000468
v -0.068274 0.184562 0.000468
v -0.063896 0.186123 0.000468
v -0.059482 0.187580 0.000468
v -0.055035 0.188933 0.000468
v -0.050558 0.190180 0.000468
v -0.046052 0.191321 0.000468
v -0.041520 0.192356 0.000468
v -0.036965 0.193283 0.000468
v -0.032390 0.194102 0.000468
v -0.027796 0.194813 0.000468
v -0.023187 0.195415 0.000468
v -0.018565 0.195908 0.000468
v -0.013933 0.196292 0.000468
v -0.009293 0.196566 0.000468
v -0.000000 0.196500 0.000268
v -0.004641 0.196445 0.000268
v -0.027756 -0.194530 0.000268
v -0.032343 -0.193820 0.000268
v -0.036912 -0.193002 0.000268
v -0.041460 -0.192076 0.000268
v -0.045985 -0.191044 0.000268
v -0.050484 -0.189904 0.000268
v -0.054955 -0.188659 0.000268
v -0.059396 -0.187308 0.000268
v -0.063803 -0.185853 0.000268
v -0.068175 -0.184294 0.000268
v -0.072509 -0.182633 0.000268
v -0.076802 -0.180869 0.000268
v -0.081053 -0.179005 0.000268
v -0.085258 -0.177040 0.000268
v -0.089416 -0.174977 0.000268
v -0.093524 -0.172817 0.000268
v -0.097579 -0.170559 0.000268
v -0.101580 -0.168207 0.000268
v -0.105525 -0.165761 0.000268
v -0.109411 -0.163222 0.000268
v -0.113235 -0.160593 0.000268
v -0.116997 -0.157873 0.000268
v -0.120693 -0.155066 0.000268
v -0.124322 -0.152172 0.000268
v -0.127881 -0.149193 0.000268
v -0.131369 -0.146131 0.000268
v -0.134784 -0.142988 0.000268
v -0.138124 -0.139765 0.000268
v -0.141386 -0.136463 0.000268
v -0.144570 -0.133086 0.000268
v -0.147673 -0.129634 0.000268
v -0.150693 -0.126110 0.000268
v -0.153630 -0.122516 0.000268
v -0.156481 -0.118853 0.000268
v -0.159244 -0.115124 0.000268
v -0.161919 -0.111331 0.000268
v -0.164503 -0.107475 0.000268
v -0.166996 -0.103560 0.000268
v -0.169395 -0.099587 0.000268
v -0.171700 -0.095558 0.000268
v -0.173909 -0.091476 0.000268
v -0.176021 -0.087343 0.000268
v -0.178035 -0.083161 0.000268
v -0.179949 -0.078933 0.000268
v -0.181764 -0.074661 0.000268
v -0.183476 -0.070347 0.000268
v -0.185087 -0.065994 0.000268
v -0.186594 -0.061604 0.000268
v -0.187997 -0.057180 0.000268
v -0.189295 -0.052724 0.000268
v -0.190487 -0.048238 0.000268
v -0.191573 -0.043725 0.000268
v -0.192553 -0.039188 0.000268
v -0.193425 -0.034630 0.000268
v -0.194188 -0.030052 0.000268
v -0.194844 -0.025457 0.000268
v -0.195391 -0.020848 0.000268
v -0.195829 -0.016227 0.000268
v -0.196157 -0.011597 0.000268
v -0.196377 -0.006961 0.000268
v -0.196486 -0.002321 0.000268
v -0.196486 0.002321 0.000268
v -0.196377 0.006961 0.000268
v -0.196157 0.011597 0.000268
v -0.195829 0.016227 0.000268
v -0.195391 0.020848 0.000268
v -0.194844 0.025457 0.000268
v -0.194188 0.030052 0.000268
v -0.193425 0.034630 0.000268
v -0.192553 0.039188 0.000268
v -0.191573 0.043725 0.000268
v -0.190487 0.048238 0.000268
v -0.189295 0.052724 0.000268
v -0.187997 0.057180 0.000268
v -0.186594 0.061604 0.000268
v -0.185087 0.065994 0.000268
v -0.183476 0.070347 0.000268
v -0.181764 0.074661 0.000268
v -0.179949 0.078933 0.000268
v -0.178035 0.083161 0.000268
v -0.176021 0.087343 0.000268
v -0.173909 0.091476 0.000268
v -0.171700 0.095558 0.000268
v -0.169395 0.099587 0.000268
v -0.166996 0.103560 0.000268
v -0.164503 0.107475 0.000268
v -0.161919 0.111331 0.000268
v -0.159244 0.115124 0.000268
v -0.156481 0.118853 0.000268
v -0.153630 0.122516 0.000268
v -0.150693 0.126110 0.000268
v -0.147673 0.129634 0.000268
v -0.144570 0.133086 0.000268
v -0.141386 0.136463 0.000268
v -0.138124 0.139765 0.000268
v -0.134784 0.142988 0.000268
v -0.131369 0.146131 0.000268
v -0.127881 0.149193 0.000268
v -0.124322 0.152172 0.000268
v -0.120693 0.155066 0.000268
v -0.116997 0.157873 0.000268
v -0.113235 0.160593 0.000268
v -0.109411 0.163222 0.000268
v -0.105525 0.165761 0.000268
v -0.101580 0.168207 0.000268
v -0.097579 0.170559 0.000268
v -0.093524 0.172817 0.000268
v -0.089416 0.174977 0.000268
v -0.085258 0.177040 0.000268
v -0.081053 0.179005 0.000268
v -0.076802 0.180869 0.000268
v -0.072509 0.182633 0.000268
v -0.068175 0.184294 0.000268
v -0.063803 0.185853 0.000268
v -0.059396 0.187308 0.000268
v -0.054955 0.188659 0.000268
v -0.050484 0.189904 0.000268
v -0.045985 0.191044 0.000268
v -0.041460 0.192076 0.000268
v -0.036912 0.193002 0.000268
v -0.032343 0.193820 0.000268
v -0.027756 0.194530 0.000268
v -0.023154 0.195131 0.000268
v -0.018538 0.195624 0.000268
v -0.013913 0.196007 0.000268
v -0.009280 0.196281 0.000268
v -0.000000 0.196184 0.000121
v -0.004634 0.196129 0.000121
v -0.027711 -0.194217 0.000121
v -0.032291 -0.193508 0.000121
v -0.036852 -0.192692 0.000121
v -0.041393 -0.191768 0.000121
v -0.045911 -0.190736 0.000121
v -0.050403 -0.189599 0.000121
v -0.054867 -0.188355 0.000121
v -0.059301 -0.187007 0.000121
v -0.063701 -0.185554 0.000121
v -0.068066 -0.183998 0.000121
v -0.072392 -0.182339 0.000121
v -0.076679 -0.180578 0.000121
v -0.080923 -0.178717 0.000121
v -0.085121 -0.176756 0.000121
v -0.089272 -0.174696 0.000121
v -0.093373 -0.172539 0.000121
v -0.097422 -0.170285 0.000121
v -0.101417 -0.167937 0.000121
v -0.105355 -0.165495 0.000121
v -0.109235 -0.162960 0.000121
v -0.113053 -0.160335 0.000121
v -0.116809 -0.157620 0.000121
v -0.120499 -0.154817 0.000121
v -0.124122 -0.151928 0.000121
v -0.127675 -0.148954 0.000121
v -0.131158 -0.145896 0.000121
v -0.134567 -0.142758 0.000121
v -0.137901 -0.139540 0.000121
v -0.141159 -0.136244 0.000121
v -0.144337 -0.132872 0.000121
v -0.147435 -0.129426 0.000121
v -0.150451 -0.125907 0.000121
v -0.153383 -0.122319 0.000121
v -0.156229 -0.118662 0.000121
v -0.158988 -0.114939 0.000121
v -0.161659 -0.111152 0.000121
v -0.164239 -0.107303 0.000121
v -0.166727 -0.103393 0.000121
v -0.169123 -0.099427 0.000121
v -0.171424 -0.095404 0.000121
v -0.173629 -0.091329 0.000121
v -0.175738 -0.087203 0.000121
v -0.177749 -0.083028 0.000121
v -0.179660 -0.078806 0.000121
v -0.181471 -0.074541 0.000121
v -0.183181 -0.070234 0.000121
v -0.184789 -0.065888 0.000121
v -0.186294 -0.061505 0.000121
v -0.187694 -0.057088 0.000121
v -0.188990 -0.052639 0.000121
v -0.190181 -0.048160 0.000121
v -0.191265 -0.043655 0.000121
v -0.192243 -0.039125 0.000121
v -0.193113 -0.034574 0.000121
v -0.193876 -0.030003 0.000121
v -0.194531 -0.025416 0.000121
v -0.195077 -0.020814 0.000121
v -0.195514 -0.016201 0.000121
v -0.195842 -0.011578 0.000121
v -0.196061 -0.006950 0.000121
v -0.196170 -0.002317 0.000121
v -0.196170 0.002317 0.000121
v -0.196061 0.006950 0.000121
v -0.195842 0.011578 0.000121
v -0.195514 0.016201 0.000121
v -0.195077 0.020814 0.000121
v -0.194531 0.025416 0.000121
v -0.193876 0.030003 0.000121
v -0.193113 0.034574 0.000121
v -0.192243 0.039125 0.000121
v -0.191265 0.043655 0.000121
v -0.190181 0.048160 0.000121
v -0.188990 0.052639 0.000121
v -0.187694 0.057088 0.000121
v -0.186294 0.061505 0.000121
v -0.184789 0.065888 0.000121
v -0.183181 0.070234 0.000121
v -0.181471 0.074541 0.000121
v -0.179660 0.078806 0.000121
v -0.177749 0.083028 0.000121
v -0.175738 0.087203 0.000121
v -0.173629 0.091329 0.000121
v -0.171424 0.095404 0.000121
v -0.169123 0.099427 0.000121
v -0.166727 0.103393 0.000121
v -0.164239 0.107303 0.000121
v -0.161659 0.111152 0.000121
v -0.158988 0.114939 0.000121
v -0.156229 0.118662 0.000121
v -0.153383 0.122319 0.000121
v -0.150451 0.125907 0.000121
v -0.147435 0.129426 0.000121
v -0.144337 0.132872 0.000121
v -0.141159 0.136244 0.000121
v -0.137901 0.139540 0.000121
v -0.134567 0.142758 0.000121
v -0.131158 0.145896 0.000121
v -0.127675 0.148954 0.000121
v -0.124122 0.151928 0.000121
v -0.120499 0.154817 0.000121
v -0.116809 0.157620 0.000121
v -0.113053 0.160335 0.000121
v -0.109235 0.162960 0.000121
v -0.105355 0.165495 0.000121
v -0.101417 0.167937 0.000121
v -0.097422 0.170285 0.000121
v -0.093373 0.172539 0.000121
v -0.089272 0.174696 0.000121
v -0.085121 0.176756 0.000121
v -0.080923 0.178717 0.000121
v -0.076679 0.180578 0.000121
v -0.072392 0.182339 0.000121
v -0.068066 0.183998 0.000121
v -0.063701 0.185554 0.000121
v -0.059301 0.187007 0.000121
v -0.054867 0.188355 0.000121
v -0.050403 0.189599 0.000121
v -0.045911 0.190736 0.000121
v -0.041393 0.191768 0.000121
v -0.036852 0.192692 0.000121
v -0.032291 0.193508 0.000121
v -0.027711 0.194217 0.000121
v -0.023116 0.194817 0.000121
v -0.018509 0.195309 0.000121
v -0.013891 0.195692 0.000121
v -0.009265 0.195965 0.000121
v -0.000000 0.195847 0.000030
v -0.004626 0.195793 0.000030
v -0.027664 -0.193884 0.000030
v -0.032235 -0.193176 0.000030
v -0.036789 -0.192361 0.000030
v -0.041322 -0.191438 0.000030
v -0.045832 -0.190409 0.000030
v -0.050317 -0.189273 0.000030
v -0.054773 -0.188032 0.000030
v -0.059199 -0.186686 0.000030
v -0.063592 -0.185236 0.000030
v -0.067949 -0.183682 0.000030
v -0.072268 -0.182026 0.000030
v -0.076547 -0.180268 0.000030
v -0.080784 -0.178410 0.000030
v -0.084975 -0.176452 0.000030
v -0.089119 -0.174396 0.000030
v -0.093213 -0.172243 0.000030
v -0.097255 -0.169993 0.000030
v -0.101243 -0.167648 0.000030
v -0.105174 -0.165210 0.000030
v -0.109047 -0.162680 0.000030
v -0.112859 -0.160059 0.000030
v -0.116608 -0.157349 0.000030
v -0.120292 -0.154551 0.000030
v -0.123909 -0.151667 0.000030
v -0.127456 -0.148698 0.000030
v -0.130933 -0.145646 0.000030
v -0.134336 -0.142513 0.000030
v -0.137665 -0.139300 0.000030
v -0.140916 -0.136010 0.000030
v -0.144090 -0.132644 0.000030
v -0.147182 -0.129204 0.000030
v -0.150193 -0.125691 0.000030
v -0.153120 -0.122109 0.000030
v -0.155961 -0.118458 0.000030
v -0.158715 -0.114742 0.000030
v -0.161381 -0.110961 0.000030
v -0.163957 -0.107118 0.000030
v -0.166441 -0.103216 0.000030
v -0.168832 -0.099256 0.000030
v -0.171130 -0.095241 0.000030
v -0.173331 -0.091172 0.000030
v -0.175436 -0.087053 0.000030
v -0.177444 -0.082885 0.000030
v -0.179352 -0.078671 0.000030
v -0.181160 -0.074413 0.000030
v -0.182867 -0.070113 0.000030
v -0.184472 -0.065775 0.000030
v -0.185974 -0.061399 0.000030
v -0.187372 -0.056990 0.000030
v -0.188666 -0.052548 0.000030
v -0.189854 -0.048078 0.000030
v -0.190937 -0.043580 0.000030
v -0.191913 -0.039058 0.000030
v -0.192782 -0.034515 0.000030
v -0.193543 -0.029952 0.000030
v -0.194197 -0.025372 0.000030
v -0.194742 -0.020778 0.000030
v -0.195178 -0.016173 0.000030
v -0.195506 -0.011559 0.000030
v -0.195724 -0.006938 0.000030
v -0.195834 -0.002313 0.000030
v -0.195834 0.002313 0.000030
v -0.195724 0.006938 0.000030
v -0.195506 0.011559 0.000030
v -0.195178 0.016173 0.000030
v -0.194742 0.020778 0.000030
v -0.194197 0.025372 0.000030
v -0.193543 0.029952 0.000030
v -0.192782 0.034515 0.000030
v -0.191913 0.039058 0.000030
v -0.190937 0.043580 0.000030
v -0.189854 0.048078 0.000030
v -0.188666 0.052548 0.000030
v -0.187372 0.056990 0.000030
v -0.185974 0.061399 0.000030
v -0.184472 0.065775 0.000030
v -0.182867 0.070113 0.000030
v -0.181160 0.074413 0.000030
v -0.179352 0.078671 0.000030
v -0.177444 0.082885 0.000030
v -0.175436 0.087053 0.000030
v -0.173331 0.091172 0.000030
v -0.171130 0.095241 0.000030
v -0.168832 0.099256 0.000030
v -0.166441 0.103216 0.000030
v -0.163957 0.107118 0.000030
v -0.161381 0.110961 0.000030
v -0.158715 0.114742 0.000030
v -0.155961 0.118458 0.000030
v -0.153120 0.122109 0.000030
v -0.150193 0.125691 0.000030
v -0.147182 0.129204 0.000030
v -0.144090 0.132644 0.000030
v -0.140916 0.136010 0.000030
v -0.137665 0.139300 0.000030
v -0.134336 0.142513 0.000030
v -0.130933 0.145646 0.000030
v -0.127456 0.148698 0.000030
v -0.123909 0.151667 0.000030
v -0.120292 0.154551 0.000030
v -0.116608 0.157349 0.000030
v -0.112859 0.160059 0.000030
v -0.109047 0.162680 0.000030
v -0.105174 0.165210 0.000030
v -0.101243 0.167648 0.000030
v -0.097255 0.169993 0.000030
v -0.093213 0.172243 0.000030
v -0.089119 0.174396 0.000030
v -0.084975 0.176452 0.000030
v -0.080784 0.178410 0.000030
v -0.076547 0.180268 0.000030
v -0.072268 0.182026 0.000030
v -0.067949 0.183682 0.000030
v -0.063592 0.185236 0.000030
v -0.059199 0.186686 0.000030
v -0.054773 0.188032 0.000030
v -0.050317 0.189273 0.000030
v -0.045832 0.190409 0.000030
v -0.041322 0.191438 0.000030
v -0.036789 0.192361 0.000030
v -0.032235 0.193176 0.000030
v -0.027664 0.193884 0.000030
v -0.023077 0.194483 0.000030
v -0.018477 0.194974 0.000030
v -0.013867 0.195356 0.000030
v -0.009249 0.195629 0.000030
v 0.000000 -0.197500 0.002000
v 0.000000 -0.197470 0.001653
v -0.004664 -0.197415 0.001653
v 0.000000 -0.197379 0.001316
v -0.004662 -0.197324 0.001316
v 0.000000 -0.197232 0.001000
v -0.004658 -0.197177 0.001000
v 0.000000 -0.197032 0.000714
v -0.004654 -0.196977 0.000714
v 0.000000 -0.196786 0.000468
v -0.004648 -0.196731 0.000468
v 0.000000 -0.196500 0.000268
v -0.004641 -0.196445 0.000268
v 0.000000 -0.196184 0.000121
v -0.004634 -0.196129 0.000121
v 0.000000 -0.195847 0.000030
v -0.004626 -0.195793 0.000030
v 0.000000 -0.195500 0.000000
v -0.009325 -0.197249 0.001653
v -0.009321 -0.197159 0.001316
v -0.009314 -0.197012 0.001000
v -0.009305 -0.196812 0.000714
v -0.009293 -0.196566 0.000468
v -0.009280 -0.196281 0.000268
v -0.009265 -0.195965 0.000121
v -0.009249 -0.195629 0.000030
v -0.013975 -0.196884 0.001316
v -0.013965 -0.196737 0.001000
v -0.013951 -0.196538 0.000714
v -0.013933 -0.196292 0.000468
v -0.013913 -0.196007 0.000268
v -0.013891 -0.195692 0.000121
v -0.013867 -0.195356 0.000030
v -0.000000 0.195500 0.000000
v 0.018477 0.194974 0.000030
v 0.023077 0.194483 0.000030
v 0.018509 0.195309 0.000121
v 0.023116 0.194817 0.000121
v 0.018538 0.195624 0.000268
v 0.023154 0.195131 0.000268
v 0.018565 0.195908 0.000468
v 0.023187 0.195415 0.000468
v 0.018589 0.196153 0.000714
v 0.023216 0.195660 0.000714
v 0.018608 0.196352 0.001000
v 0.023240 0.195858 0.001000
v 0.018621 0.196499 0.001316
v 0.023257 0.196004 0.001316
v 0.018630 0.196589 0.001653
v 0.023268 0.196094 0.001653
v 0.013982 0.196974 0.001653
v 0.027893 0.195490 0.001653
v 0.032502 0.194776 0.001653
v 0.037094 0.193954 0.001653
v 0.041664 0.193024 0.001653
v 0.046212 0.191986 0.001653
v 0.059689 0.188232 0.001653
v 0.055227 0.189590 0.001653
v 0.050733 0.190841 0.001653
v 0.072867 0.183534 0.001653
v 0.068512 0.185204 0.001653
v 0.064118 0.186770 0.001653
v 0.077181 0.181762 0.001653
v 0.081453 0.179888 0.001653
v 0.085679 0.177914 0.001653
v 0.089857 0.175841 0.001653
v 0.102082 0.169037 0.001653
v 0.098061 0.171401 0.001653
v 0.093985 0.173669 0.001653
v 0.106046 0.166579 0.001653
v 0.109951 0.164028 0.001653
v 0.113794 0.161385 0.001653
v 0.117574 0.158652 0.001653
v 0.128512 0.149930 0.001653
v 0.124935 0.152923 0.001653
v 0.121288 0.155831 0.001653
v 0.138805 0.140454 0.001653
v 0.135449 0.143693 0.001653
v 0.132017 0.146853 0.001653
v 0.142084 0.137137 0.001653
v 0.145283 0.133743 0.001653
v 0.148401 0.130274 0.001653
v 0.151437 0.126732 0.001653
v 0.160030 0.115692 0.001653
v 0.157253 0.119439 0.001653
v 0.154388 0.123120 0.001653
v 0.162718 0.111880 0.001653
v 0.165315 0.108006 0.001653
v 0.167820 0.104071 0.001653
v 0.170231 0.100078 0.001653
v 0.176890 0.087774 0.001653
v 0.174767 0.091928 0.001653
v 0.172547 0.096030 0.001653
v 0.178913 0.083572 0.001653
v 0.180837 0.079323 0.001653
v 0.182660 0.075029 0.001653
v 0.184382 0.070694 0.001653
v 0.188924 0.057462 0.001653
v 0.187514 0.061908 0.001653
v 0.186000 0.066320 0.001653
v 0.192519 0.043941 0.001653
v 0.191427 0.048476 0.001653
v 0.190229 0.052984 0.001653
v 0.193503 0.039382 0.001653
v 0.194379 0.034801 0.001653
v 0.195147 0.030200 0.001653
v 0.195806 0.025582 0.001653
v 0.197125 0.011654 0.001653
v 0.196795 0.016307 0.001653
v 0.196355 0.020950 0.001653
v 0.197346 0.006995 0.001653
v 0.197456 0.002332 0.001653
v 0.197456 -0.002332 0.001653
v 0.197346 -0.006995 0.001653
v 0.196355 -0.020950 0.001653
v 0.196795 -0.016307 0.001653
v 0.197125 -0.011654 0.001653
v 0.194379 -0.034801 0.001653
v 0.195147 -0.030200 0.001653
v 0.195806 -0.025582 0.001653
v 0.193503 -0.039382 0.001653
v 0.192519 -0.043941 0.001653
v 0.191427 -0.048476 0.001653
v 0.190229 -0.052984 0.001653
v 0.186000 -0.066320 0.001653
v 0.187514 -0.061908 0.001653
v 0.188924 -0.057462 0.001653
v 0.184382 -0.070694 0.001653
v 0.182660 -0.075029 0.001653
v 0.180837 -0.079323 0.001653
v 0.178913 -0.083572 0.001653
v 0.172547 -0.096030 0.001653
v 0.174767 -0.091928 0.001653
v 0.176890 -0.087774 0.001653
v 0.165315 -0.108006 0.001653
v 0.167820 -0.104071 0.001653
v 0.170231 -0.100078 0.001653
v 0.162718 -0.111880 0.001653
v 0.160030 -0.115692 0.001653
v 0.157253 -0.119439 0.001653
v 0.154388 -0.123120 0.001653
v 0.145283 -0.133743 0.001653
v 0.148401 -0.130274 0.001653
v 0.151437 -0.126732 0.001653
v 0.142084 -0.137137 0.001653
v 0.138805 -0.140454 0.001653
v 0.135449 -0.143693 0.001653
v 0.132017 -0.146853 0.001653
v 0.121288 -0.155831 0.001653
v 0.124935 -0.152923 0.001653
v 0.128512 -0.149930 0.001653
v 0.117574 -0.158652 0.001653
v 0.113794 -0.161385 0.001653
v 0.109951 -0.164028 0.001653
v 0.106046 -0.166579 0.001653
v 0.102082 -0.169037 0.001653
v 0.098061 -0.171401 0.001653
v 0.093985 -0.173669 0.001653
v 0.081453 -0.179888 0.001653
v 0.085679 -0.177914 0.001653
v 0.089857 -0.175841 0.001653
v 0.077181 -0.181762 0.001653
v 0.072867 -0.183534 0.001653
v 0.068512 -0.185204 0.001653
v 0.064118 -0.186770 0.001653
v 0.050733 -0.190841 0.001653
v 0.055227 -0.189590 0.001653
v 0.059689 -0.188232 0.001653
v 0.046212 -0.191986 0.001653
v 0.041664 -0.193024 0.001653
v 0.037094 -0.193954 0.001653
v 0.032502 -0.194776 0.001653
v 0.018630 -0.196589 0.001653
v 0.023268 -0.196094 0.001653
v 0.027893 -0.195490 0.001653
v 0.004664 -0.197415 0.001653
v 0.009325 -0.197249 0.001653
v 0.013982 -0.196974 0.001653
v 0.000000 -0.197500 0.002000
v 0.000000 -0.197470 0.001653
v 0.000000 -0.197379 0.001316
v 0.004662 -0.197324 0.001316
v 0.027880 0.195400 0.001316
v 0.032488 0.194687 0.001316
v 0.037077 0.193866 0.001316
v 0.041645 0.192936 0.001316
v 0.046191 0.191899 0.001316
v 0.050710 0.190754 0.001316
v 0.055201 0.189503 0.001316
v 0.059662 0.188146 0.001316
v 0.064089 0.186685 0.001316
v 0.068480 0.185119 0.001316
v 0.072834 0.183450 0.001316
v 0.077146 0.181679 0.001316
v 0.081416 0.179806 0.001316
v 0.085640 0.177833 0.001316
v 0.089816 0.175760 0.001316
v 0.093942 0.173590 0.001316
v 0.098016 0.171323 0.001316
v 0.102035 0.168960 0.001316
v 0.105997 0.166503 0.001316
v 0.109900 0.163953 0.001316
v 0.113742 0.161311 0.001316
v 0.117520 0.158580 0.001316
v 0.121233 0.155760 0.001316
v 0.124878 0.152853 0.001316
v 0.128453 0.149861 0.001316
v 0.131957 0.146785 0.001316
v 0.135387 0.143628 0.001316
v 0.138742 0.140390 0.001316
v 0.142019 0.137074 0.001316
v 0.145217 0.133681 0.001316
v 0.148334 0.130214 0.001316
v 0.151368 0.126675 0.001316
v 0.154317 0.123064 0.001316
v 0.157181 0.119385 0.001316
v 0.159957 0.115639 0.001316
v 0.162644 0.111829 0.001316
v 0.165239 0.107956 0.001316
v 0.167743 0.104023 0.001316
v 0.170153 0.100033 0.001316
v 0.172468 0.095986 0.001316
v 0.174687 0.091886 0.001316
v 0.176809 0.087734 0.001316
v 0.178832 0.083533 0.001316
v 0.180755 0.079286 0.001316
v 0.182577 0.074995 0.001316
v 0.184297 0.070662 0.001316
v 0.185915 0.066289 0.001316
v 0.187429 0.061880 0.001316
v 0.188838 0.057436 0.001316
v 0.190142 0.052959 0.001316
v 0.191340 0.048454 0.001316
v 0.192431 0.043921 0.001316
v 0.193414 0.039364 0.001316
v 0.194290 0.034785 0.001316
v 0.195057 0.030186 0.001316
v 0.195716 0.025571 0.001316
v 0.196265 0.020941 0.001316
v 0.196705 0.016299 0.001316
v 0.197035 0.011649 0.001316
v 0.197256 0.006992 0.001316
v 0.197366 0.002331 0.001316
v 0.197366 -0.002331 0.001316
v 0.197256 -0.006992 0.001316
v 0.197035 -0.011649 0.001316
v 0.196705 -0.016299 0.001316
v 0.196265 -0.020941 0.001316
v 0.195716 -0.025571 0.001316
v 0.195057 -0.030186 0.001316
v 0.194290 -0.034785 0.001316
v 0.193414 -0.039364 0.001316
v 0.192431 -0.043921 0.001316
v 0.191340 -0.048454 0.001316
v 0.190142 -0.052959 0.001316
v 0.188838 -0.057436 0.001316
v 0.187429 -0.061880 0.001316
v 0.185915 -0.066289 0.001316
v 0.184297 -0.070662 0.001316
v 0.182577 -0.074995 0.001316
v 0.180755 -0.079286 0.001316
v 0.178832 -0.083533 0.001316
v 0.176809 -0.087734 0.001316
v 0.174687 -0.091886 0.001316
v 0.172468 -0.095986 0.001316
v 0.170153 -0.100033 0.001316
v 0.167743 -0.104023 0.001316
v 0.165239 -0.107956 0.001316
v 0.162644 -0.111829 0.001316
v 0.159957 -0.115639 0.001316
v 0.157181 -0.119385 0.001316
v 0.154317 -0.123064 0.001316
v 0.151368 -0.126675 0.001316
v 0.148334 -0.130214 0.001316
v 0.145217 -0.133681 0.001316
v 0.142019 -0.137074 0.001316
v 0.138742 -0.140390 0.001316
v 0.135387 -0.143628 0.001316
v 0.131957 -0.146785 0.001316
v 0.128453 -0.149861 0.001316
v 0.124878 -0.152853 0.001316
v 0.121233 -0.155760 0.001316
v 0.117520 -0.158580 0.001316
v 0.113742 -0.161311 0.001316
v 0.109900 -0.163953 0.001316
v 0.105997 -0.166503 0.001316
v 0.102035 -0.168960 0.001316
v 0.098016 -0.171323 0.001316
v 0.093942 -0.173590 0.001316
v 0.089816 -0.175760 0.001316
v 0.085640 -0.177833 0.001316
v 0.081416 -0.179806 0.001316
v 0.077146 -0.181679 0.001316
v 0.072834 -0.183450 0.001316
v 0.068480 -0.185119 0.001316
v 0.064089 -0.186685 0.001316
v 0.059662 -0.188146 0.001316
v 0.055201 -0.189503 0.001316
v 0.050710 -0.190754 0.001316
v 0.046191 -0.191899 0.001316
v 0.041645 -0.192936 0.001316
v 0.037077 -0.193866 0.001316
v 0.032488 -0.194687 0.001316
v 0.027880 -0.195400 0.001316
v 0.023257 -0.196004 0.001316
v 0.018621 -0.196499 0.001316
v 0.013975 -0.196884 0.001316
v 0.009321 -0.197159 0.001316
v 0.000000 -0.197232 0.001000
v 0.004658 -0.197177 0.001000
v 0.027859 0.195255 0.001000
v 0.032463 0.194542 0.001000
v 0.037049 0.193721 0.001000
v 0.041614 0.192792 0.001000
v 0.046156 0.191755 0.001000
v 0.050672 0.190612 0.001000
v 0.055160 0.189362 0.001000
v 0.059617 0.188006 0.001000
v 0.064041 0.186545 0.001000
v 0.068429 0.184981 0.001000
v 0.072779 0.183313 0.001000
v 0.077089 0.181543 0.001000
v 0.081355 0.179672 0.001000
v 0.085576 0.177700 0.001000
v 0.089749 0.175629 0.001000
v 0.093872 0.173460 0.001000
v 0.097943 0.171195 0.001000
v 0.101959 0.168834 0.001000
v 0.105918 0.166379 0.001000
v 0.109818 0.163831 0.001000
v 0.113657 0.161191 0.001000
v 0.117433 0.158462 0.001000
v 0.121142 0.155644 0.001000
v 0.124785 0.152739 0.001000
v 0.128357 0.149749 0.001000
v 0.131859 0.146676 0.001000
v 0.135286 0.143521 0.001000
v 0.138638 0.140285 0.001000
v 0.141913 0.136972 0.001000
v 0.145108 0.133582 0.001000
v 0.148223 0.130117 0.001000
v 0.151255 0.126580 0.001000
v 0.154202 0.122972 0.001000
v 0.157064 0.119296 0.001000
v 0.159837 0.115553 0.001000
v 0.162522 0.111745 0.001000
v 0.165116 0.107876 0.001000
v 0.167618 0.103946 0.001000
v 0.170026 0.099958 0.001000
v 0.172340 0.095914 0.001000
v 0.174557 0.091817 0.001000
v 0.176677 0.087668 0.001000
v 0.178698 0.083471 0.001000
v 0.180620 0.079227 0.001000
v 0.182441 0.074939 0.001000
v 0.184160 0.070609 0.001000
v 0.185776 0.066240 0.001000
v 0.187289 0.061834 0.001000
v 0.188697 0.057393 0.001000
v 0.190000 0.052920 0.001000
v 0.191197 0.048418 0.001000
v 0.192287 0.043888 0.001000
v 0.193270 0.039334 0.001000
v 0.194145 0.034759 0.001000
v 0.194912 0.030163 0.001000
v 0.195570 0.025551 0.001000
v 0.196119 0.020925 0.001000
v 0.196558 0.016287 0.001000
v 0.196888 0.011640 0.001000
v 0.197108 0.006987 0.001000
v 0.197218 0.002329 0.001000
v 0.197218 -0.002329 0.001000
v 0.197108 -0.006987 0.001000
v 0.196888 -0.011640 0.001000
v 0.196558 -0.016287 0.001000
v 0.196119 -0.020925 0.001000
v 0.195570 -0.025551 0.001000
v 0.194912 -0.030163 0.001000
v 0.194145 -0.034759 0.001000
v 0.193270 -0.039334 0.001000
v 0.192287 -0.043888 0.001000
v 0.191197 -0.048418 0.001000
v 0.190000 -0.052920 0.001000
v 0.188697 -0.057393 0.001000
v 0.187289 -0.061834 0.001000
v 0.185776 -0.066240 0.001000
v 0.184160 -0.070609 0.001000
v 0.182441 -0.074939 0.001000
v 0.180620 -0.079227 0.001000
v 0.178698 -0.083471 0.001000
v 0.176677 -0.087668 0.001000
v 0.174557 -0.091817 0.001000
v 0.172340 -0.095914 0.001000
v 0.170026 -0.099958 0.001000
v 0.167618 -0.103946 0.001000
v 0.165116 -0.107876 0.001000
v 0.162522 -0.111745 0.001000
v 0.159837 -0.115553 0.001000
v 0.157064 -0.119296 0.001000
v 0.154202 -0.122972 0.001000
v 0.151255 -0.126580 0.001000
v 0.148223 -0.130117 0.001000
v 0.145108 -0.133582 0.001000
v 0.141913 -0.136972 0.001000
v 0.138638 -0.140285 0.001000
v 0.135286 -0.143521 0.001000
v 0.131859 -0.146676 0.001000
v 0.128357 -0.149749 0.001000
v 0.124785 -0.152739 0.001000
v 0.121142 -0.155644 0.001000
v 0.117433 -0.158462 0.001000
v 0.113657 -0.161191 0.001000
v 0.109818 -0.163831 0.001000
v 0.105918 -0.166379 0.001000
v 0.101959 -0.168834 0.001000
v 0.097943 -0.171195 0.001000
v 0.093872 -0.173460 0.001000
v 0.089749 -0.175629 0.001000
v 0.085576 -0.177700 0.001000
v 0.081355 -0.179672 0.001000
v 0.077089 -0.181543 0.001000
v 0.072779 -0.183313 0.001000
v 0.068429 -0.184981 0.001000
v 0.064041 -0.186545 0.001000
v 0.059617 -0.188006 0.001000
v 0.055160 -0.189362 0.001000
v 0.050672 -0.190612 0.001000
v 0.046156 -0.191755 0.001000
v 0.041614 -0.192792 0.001000
v 0.037049 -0.193721 0.001000
v 0.032463 -0.194542 0.001000
v 0.027859 -0.195255 0.001000
v 0.023240 -0.195858 0.001000
v 0.018608 -0.196352 0.001000
v 0.013965 -0.196737 0.001000
v 0.009314 -0.197012 0.001000
v 0.000000 -0.197032 0.000714
v 0.004654 -0.196977 0.000714
v 0.027831 0.195057 0.000714
v 0.032430 0.194345 0.000714
v 0.037012 0.193525 0.000714
v 0.041572 0.192596 0.000714
v 0.046109 0.191561 0.000714
v 0.050621 0.190418 0.000714
v 0.055104 0.189170 0.000714
v 0.059557 0.187815 0.000714
v 0.063976 0.186356 0.000714
v 0.068360 0.184793 0.000714
v 0.072705 0.183127 0.000714
v 0.077010 0.181359 0.000714
v 0.081272 0.179489 0.000714
v 0.085489 0.177520 0.000714
v 0.089658 0.175451 0.000714
v 0.093777 0.173285 0.000714
v 0.097844 0.171021 0.000714
v 0.101856 0.168663 0.000714
v 0.105811 0.166210 0.000714
v 0.109707 0.163664 0.000714
v 0.113542 0.161028 0.000714
v 0.117313 0.158301 0.000714
v 0.121020 0.155486 0.000714
v 0.124658 0.152584 0.000714
v 0.128227 0.149597 0.000714
v 0.131725 0.146527 0.000714
v 0.135149 0.143375 0.000714
v 0.138498 0.140143 0.000714
v 0.141769 0.136833 0.000714
v 0.144961 0.133446 0.000714
v 0.148073 0.129985 0.000714
v 0.151101 0.126452 0.000714
v 0.154046 0.122847 0.000714
v 0.156904 0.119175 0.000714
v 0.159675 0.115436 0.000714
v 0.162357 0.111632 0.000714
v 0.164949 0.107766 0.000714
v 0.167448 0.103840 0.000714
v 0.169854 0.099856 0.000714
v 0.172165 0.095817 0.000714
v 0.174380 0.091724 0.000714
v 0.176498 0.087580 0.000714
v 0.178517 0.083387 0.000714
v 0.180437 0.079147 0.000714
v 0.182256 0.074863 0.000714
v 0.183973 0.070538 0.000714
v 0.185588 0.066173 0.000714
v 0.187099 0.061771 0.000714
v 0.188506 0.057335 0.000714
v 0.189807 0.052866 0.000714
v 0.191003 0.048369 0.000714
v 0.192092 0.043844 0.000714
v 0.193074 0.039295 0.000714
v 0.193948 0.034723 0.000714
v 0.194714 0.030133 0.000714
v 0.195372 0.025526 0.000714
v 0.195920 0.020904 0.000714
v 0.196359 0.016271 0.000714
v 0.196689 0.011628 0.000714
v 0.196908 0.006980 0.000714
v 0.197018 0.002327 0.000714
v 0.197018 -0.002327 0.000714
v 0.196908 -0.006980 0.000714
v 0.196689 -0.011628 0.000714
v 0.196359 -0.016271 0.000714
v 0.195920 -0.020904 0.000714
v 0.195372 -0.025526 0.000714
v 0.194714 -0.030133 0.000714
v 0.193948 -0.034723 0.000714
v 0.193074 -0.039295 0.000714
v 0.192092 -0.043844 0.000714
v 0.191003 -0.048369 0.000714
v 0.189807 -0.052866 0.000714
v 0.188506 -0.057335 0.000714
v 0.187099 -0.061771 0.000714
v 0.185588 -0.066173 0.000714
v 0.183973 -0.070538 0.000714
v 0.182256 -0.074863 0.000714
v 0.180437 -0.079147 0.000714
v 0.178517 -0.083387 0.000714
v 0.176498 -0.087580 0.000714
v 0.174380 -0.091724 0.000714
v 0.172165 -0.095817 0.000714
v 0.169854 -0.099856 0.000714
v 0.167448 -0.103840 0.000714
v 0.164949 -0.107766 0.000714
v 0.162357 -0.111632 0.000714
v 0.159675 -0.115436 0.000714
v 0.156904 -0.119175 0.000714
v 0.154046 -0.122847 0.000714
v 0.151101 -0.126452 0.000714
v 0.148073 -0.129985 0.000714
v 0.144961 -0.133446 0.000714
v 0.141769 -0.136833 0.000714
v 0.138498 -0.140143 0.000714
v 0.135149 -0.143375 0.000714
v 0.131725 -0.146527 0.000714
v 0.128227 -0.149597 0.000714
v 0.124658 -0.152584 0.000714
v 0.121020 -0.155486 0.000714
v 0.117313 -0.158301 0.000714
v 0.113542 -0.161028 0.000714
v 0.109707 -0.163664 0.000714
v 0.105811 -0.166210 0.000714
v 0.101856 -0.168663 0.000714
v 0.097844 -0.171021 0.000714
v 0.093777 -0.173285 0.000714
v 0.089658 -0.175451 0.000714
v 0.085489 -0.177520 0.000714
v 0.081272 -0.179489 0.000714
v 0.077010 -0.181359 0.000714
v 0.072705 -0.183127 0.000714
v 0.068360 -0.184793 0.000714
v 0.063976 -0.186356 0.000714
v 0.059557 -0.187815 0.000714
v 0.055104 -0.189170 0.000714
v 0.050621 -0.190418 0.000714
v 0.046109 -0.191561 0.000714
v 0.041572 -0.192596 0.000714
v 0.037012 -0.193525 0.000714
v 0.032430 -0.194345 0.000714
v 0.027831 -0.195057 0.000714
v 0.023216 -0.195660 0.000714
v 0.018589 -0.196153 0.000714
v 0.013951 -0.196538 0.000714
v 0.009305 -0.196812 0.000714
v 0.000000 -0.196786 0.000468
v 0.004648 -0.196731 0.000468
v 0.027796 0.194813 0.000468
v 0.032390 0.194102 0.000468
v 0.036965 0.193283 0.000468
v 0.041520 0.192356 0.000468
v 0.046052 0.191321 0.000468
v 0.050558 0.190180 0.000468
v 0.055035 0.188933 0.000468
v 0.059482 0.187580 0.000468
v 0.063896 0.186123 0.000468
v 0.068274 0.184562 0.000468
v 0.072614 0.182898 0.000468
v 0.076914 0.181132 0.000468
v 0.081171 0.179265 0.000468
v 0.085382 0.177298 0.000468
v 0.089546 0.175232 0.000468
v 0.093660 0.173068 0.000468
v 0.097721 0.170807 0.000468
v 0.101728 0.168452 0.000468
v 0.105678 0.166002 0.000468
v 0.109570 0.163460 0.000468
v 0.113400 0.160826 0.000468
v 0.117167 0.158103 0.000468
v 0.120868 0.155291 0.000468
v 0.124502 0.152393 0.000468
v 0.128067 0.149410 0.000468
v 0.131560 0.146344 0.000468
v 0.134980 0.143196 0.000468
v 0.138324 0.139968 0.000468
v 0.141592 0.136662 0.000468
v 0.144780 0.133279 0.000468
v 0.147887 0.129823 0.000468
v 0.150912 0.126293 0.000468
v 0.153853 0.122694 0.000468
v 0.156708 0.119026 0.000468
v 0.159476 0.115291 0.000468
v 0.162154 0.111492 0.000468
v 0.164742 0.107632 0.000468
v 0.167238 0.103710 0.000468
v 0.169641 0.099732 0.000468
v 0.171950 0.095697 0.000468
v 0.174162 0.091609 0.000468
v 0.176277 0.087470 0.000468
v 0.178294 0.083282 0.000468
v 0.180211 0.079048 0.000468
v 0.182028 0.074769 0.000468
v 0.183743 0.070449 0.000468
v 0.185356 0.066090 0.000468
v 0.186865 0.061694 0.000468
v 0.188270 0.057263 0.000468
v 0.189570 0.052800 0.000468
v 0.190764 0.048308 0.000468
v 0.191852 0.043789 0.000468
v 0.192832 0.039245 0.000468
v 0.193706 0.034680 0.000468
v 0.194471 0.030095 0.000468
v 0.195127 0.025494 0.000468
v 0.195675 0.020878 0.000468
v 0.196113 0.016250 0.000468
v 0.196443 0.011614 0.000468
v 0.196662 0.006971 0.000468
v 0.196772 0.002324 0.000468
v 0.196772 -0.002324 0.000468
v 0.196662 -0.006971 0.000468
v 0.196443 -0.011614 0.000468
v 0.196113 -0.016250 0.000468
v 0.195675 -0.020878 0.000468
v 0.195127 -0.025494 0.000468
v 0.194471 -0.030095 0.000468
v 0.193706 -0.034680 0.000468
v 0.192832 -0.039245 0.000468
v 0.191852 -0.043789 0.000468
v 0.190764 -0.048308 0.000468
v 0.189570 -0.052800 0.000468
v 0.188270 -0.057263 0.000468
v 0.186865 -0.061694 0.000468
v 0.185356 -0.066090 0.000468
v 0.183743 -0.070449 0.000468
v 0.182028 -0.074769 0.000468
v 0.180211 -0.079048 0.000468
v 0.178294 -0.083282 0.000468
v 0.176277 -0.087470 0.000468
v 0.174162 -0.091609 0.000468
v 0.171950 -0.095697 0.000468
v 0.169641 -0.099732 0.000468
v 0.167238 -0.103710 0.000468
v 0.164742 -0.107632 0.000468
v 0.162154 -0.111492 0.000468
v 0.159476 -0.115291 0.000468
v 0.156708 -0.119026 0.000468
v 0.153853 -0.122694 0.000468
v 0.150912 -0.126293 0.000468
v 0.147887 -0.129823 0.000468
v 0.144780 -0.133279 0.000468
v 0.141592 -0.136662 0.000468
v 0.138324 -0.139968 0.000468
v 0.134980 -0.143196 0.000468
v 0.131560 -0.146344 0.000468
v 0.128067 -0.149410 0.000468
v 0.124502 -0.152393 0.000468
v 0.120868 -0.155291 0.000468
v 0.117167 -0.158103 0.000468
v 0.113400 -0.160826 0.000468
v 0.109570 -0.163460 0.000468
v 0.105678 -0.166002 0.000468
v 0.101728 -0.168452 0.000468
v 0.097721 -0.170807 0.000468
v 0.093660 -0.173068 0.000468
v 0.089546 -0.175232 0.000468
v 0.085382 -0.177298 0.000468
v 0.081171 -0.179265 0.000468
v 0.076914 -0.181132 0.000468
v 0.072614 -0.182898 0.000468
v 0.068274 -0.184562 0.000468
v 0.063896 -0.186123 0.000468
v 0.059482 -0.187580 0.000468
v 0.055035 -0.188933 0.000468
v 0.050558 -0.190180 0.000468
v 0.046052 -0.191321 0.000468
v 0.041520 -0.192356 0.000468
v 0.036965 -0.193283 0.000468
v 0.032390 -0.194102 0.000468
v 0.027796 -0.194813 0.000468
v 0.023187 -0.195415 0.000468
v 0.018565 -0.195908 0.000468
v 0.013933 -0.196292 0.000468
v 0.009293 -0.196566 0.000468
v 0.000000 -0.196500 0.000268
v 0.004641 -0.196445 0.000268
v 0.027756 0.194530 0.000268
v 0.032343 0.193820 0.000268
v 0.036912 0.193002 0.000268
v 0.041460 0.192076 0.000268
v 0.045985 0.191044 0.000268
v 0.050484 0.189904 0.000268
v 0.054955 0.188659 0.000268
v 0.059396 0.187308 0.000268
v 0.063803 0.185853 0.000268
v 0.068175 0.184294 0.000268
v 0.072509 0.182633 0.000268
v 0.076802 0.180869 0.000268
v 0.081053 0.179005 0.000268
v 0.085258 0.177040 0.000268
v 0.089416 0.174977 0.000268
v 0.093524 0.172817 0.000268
v 0.097579 0.170559 0.000268
v 0.101580 0.168207 0.000268
v 0.105525 0.165761 0.000268
v 0.109411 0.163222 0.000268
v 0.113235 0.160593 0.000268
v 0.116997 0.157873 0.000268
v 0.120693 0.155066 0.000268
v 0.124322 0.152172 0.000268
v 0.127881 0.149193 0.000268
v 0.131369 0.146131 0.000268
v 0.134784 0.142988 0.000268
v 0.138124 0.139765 0.000268
v 0.141386 0.136463 0.000268
v 0.144570 0.133086 0.000268
v 0.147673 0.129634 0.000268
v 0.150693 0.126110 0.000268
v 0.153630 0.122516 0.000268
v 0.156481 0.118853 0.000268
v 0.159244 0.115124 0.000268
v 0.161919 0.111331 0.000268
v 0.164503 0.107475 0.000268
v 0.166996 0.103560 0.000268
v 0.169395 0.099587 0.000268
v 0.171700 0.095558 0.000268
v 0.173909 0.091476 0.000268
v 0.176021 0.087343 0.000268
v 0.178035 0.083161 0.000268
v 0.179949 0.078933 0.000268
v 0.181764 0.074661 0.000268
v 0.183476 0.070347 0.000268
v 0.185087 0.065994 0.000268
v 0.186594 0.061604 0.000268
v 0.187997 0.057180 0.000268
v 0.189295 0.052724 0.000268
v 0.190487 0.048238 0.000268
v 0.191573 0.043725 0.000268
v 0.192553 0.039188 0.000268
v 0.193425 0.034630 0.000268
v 0.194188 0.030052 0.000268
v 0.194844 0.025457 0.000268
v 0.195391 0.020848 0.000268
v 0.195829 0.016227 0.000268
v 0.196157 0.011597 0.000268
v 0.196377 0.006961 0.000268
v 0.196486 0.002321 0.000268
v 0.196486 -0.002321 0.000268
v 0.196377 -0.006961 0.000268
v 0.196157 -0.011597 0.000268
v 0.195829 -0.016227 0.000268
v 0.195391 -0.020848 0.000268
v 0.194844 -0.025457 0.000268
v 0.194188 -0.030052 0.000268
v 0.193425 -0.034630 0.000268
v 0.192553 -0.039188 0.000268
v 0.191573 -0.043725 0.000268
v 0.190487 -0.048238 0.000268
v 0.189295 -0.052724 0.000268
v 0.187997 -0.057180 0.000268
v 0.186594 -0.061604 0.000268
v 0.185087 -0.065994 0.000268
v 0.183476 -0.070347 0.000268
v 0.181764 -0.074661 0.000268
v 0.179949 -0.078933 0.000268
v 0.178035 -0.083161 0.000268
v 0.176021 -0.087343 0.000268
v 0.173909 -0.091476 0.000268
v 0.171700 -0.095558 0.000268
v 0.169395 -0.099587 0.000268
v 0.166996 -0.103560 0.000268
v 0.164503 -0.107475 0.000268
v 0.161919 -0.111331 0.000268
v 0.159244 -0.115124 0.000268
v 0.156481 -0.118853 0.000268
v 0.153630 -0.122516 0.000268
v 0.150693 -0.126110 0.000268
v 0.147673 -0.129634 0.000268
v 0.144570 -0.133086 0.000268
v 0.141386 -0.136463 0.000268
v 0.138124 -0.139765 0.000268
v 0.134784 -0.142988 0.000268
v 0.131369 -0.146131 0.000268
v 0.127881 -0.149193 0.000268
v 0.124322 -0.152172 0.000268
v 0.120693 -0.155066 0.000268
v 0.116997 -0.157873 0.000268
v 0.113235 -0.160593 0.000268
v 0.109411 -0.163222 0.000268
v 0.105525 -0.165761 0.000268
v 0.101580 -0.168207 0.000268
v 0.097579 -0.170559 0.000268
v 0.093524 -0.172817 0.000268
v 0.089416 -0.174977 0.000268
v 0.085258 -0.177040 0.000268
v 0.081053 -0.179005 0.000268
v 0.076802 -0.180869 0.000268
v 0.072509 -0.182633 0.000268
v 0.068175 -0.184294 0.000268
v 0.063803 -0.185853 0.000268
v 0.059396 -0.187308 0.000268
v 0.054955 -0.188659 0.000268
v 0.050484 -0.189904 0.000268
v 0.045985 -0.191044 0.000268
v 0.041460 -0.192076 0.000268
v 0.036912 -0.193002 0.000268
v 0.032343 -0.193820 0.000268
v 0.027756 -0.194530 0.000268
v 0.023154 -0.195131 0.000268
v 0.018538 -0.195624 0.000268
v 0.013913 -0.196007 0.000268
v 0.009280 -0.196281 0.000268
v 0.000000 -0.196184 0.000121
v 0.004634 -0.196129 0.000121
v 0.027711 0.194217 0.000121
v 0.032291 0.193508 0.000121
v 0.036852 0.192692 0.000121
v 0.041393 0.191768 0.000121
v 0.045911 0.190736 0.000121
v 0.050403 0.189599 0.000121
v 0.054867 0.188355 0.000121
v 0.059301 0.187007 0.000121
v 0.063701 0.185554 0.000121
v 0.068066 0.183998 0.000121
v 0.072392 0.182339 0.000121
v 0.076679 0.180578 0.000121
v 0.080923 0.178717 0.000121
v 0.085121 0.176756 0.000121
v 0.089272 0.174696 0.000121
v 0.093373 0.172539 0.000121
v 0.097422 0.170285 0.000121
v 0.101417 0.167937 0.000121
v 0.105355 0.165495 0.000121
v 0.109235 0.162960 0.000121
v 0.113053 0.160335 0.000121
v 0.116809 0.157620 0.000121
v 0.120499 0.154817 0.000121
v 0.124122 0.151928 0.000121
v 0.127675 0.148954 0.000121
v 0.131158 0.145896 0.000121
v 0.134567 0.142758 0.000121
v 0.137901 0.139540 0.000121
v 0.141159 0.136244 0.000121
v 0.144337 0.132872 0.000121
v 0.147435 0.129426 0.000121
v 0.150451 0.125907 0.000121
v 0.153383 0.122319 0.000121
v 0.156229 0.118662 0.000121
v 0.158988 0.114939 0.000121
v 0.161659 0.111152 0.000121
v 0.164239 0.107303 0.000121
v 0.166727 0.103393 0.000121
v 0.169123 0.099427 0.000121
v 0.171424 0.095404 0.000121
v 0.173629 0.091329 0.000121
v 0.175738 0.087203 0.000121
v 0.177749 0.083028 0.000121
v 0.179660 0.078806 0.000121
v 0.181471 0.074541 0.000121
v 0.183181 0.070234 0.000121
v 0.184789 0.065888 0.000121
v 0.186294 0.061505 0.000121
v 0.187694 0.057088 0.000121
v 0.188990 0.052639 0.000121
v 0.190181 0.048160 0.000121
v 0.191265 0.043655 0.000121
v 0.192243 0.039125 0.000121
v 0.193113 0.034574 0.000121
v 0.193876 0.030003 0.000121
v 0.194531 0.025416 0.000121
v 0.195077 0.020814 0.000121
v 0.195514 0.016201 0.000121
v 0.195842 0.011578 0.000121
v 0.196061 0.006950 0.000121
v 0.196170 0.002317 0.000121
v 0.196170 -0.002317 0.000121
v 0.196061 -0.006950 0.000121
v 0.195842 -0.011578 0.000121
v 0.195514 -0.016201 0.000121
v 0.195077 -0.020814 0.000121
v 0.194531 -0.025416 0.000121
v 0.193876 -0.030003 0.000121
v 0.193113 -0.034574 0.000121
v 0.192243 -0.039125 0.000121
v 0.191265 -0.043655 0.000121
v 0.190181 -0.048160 0.000121
v 0.188990 -0.052639 0.000121
v 0.187694 -0.057088 0.000121
v 0.186294 -0.061505 0.000121
v 0.184789 -0.065888 0.000121
v 0.183181 -0.070234 0.000121
v 0.181471 -0.074541 0.000121
v 0.179660 -0.078806 0.000121
v 0.177749 -0.083028 0.000121
v 0.175738 -0.087203 0.000121
v 0.173629 -0.091329 0.000121
v 0.171424 -0.095404 0.000121
v 0.169123 -0.099427 0.000121
v 0.166727 -0.103393 0.000121
v 0.164239 -0.107303 0.000121
v 0.161659 -0.111152 0.000121
v 0.158988 -0.114939 0.000121
v 0.156229 -0.118662 0.000121
v 0.153383 -0.122319 0.000121
v 0.150451 -0.125907 0.000121
v 0.147435 -0.129426 0.000121
v 0.144337 -0.132872 0.000121
v 0.141159 -0.136244 0.000121
v 0.137901 -0.139540 0.000121
v 0.134567 -0.142758 0.000121
v 0.131158 -0.145896 0.000121
v 0.127675 -0.148954 0.000121
v 0.124122 -0.151928 0.000121
v 0.120499 -0.154817 0.000121
v 0.116809 -0.157620 0.000121
v 0.113053 -0.160335 0.000121
v 0.109235 -0.162960 0.000121
v 0.105355 -0.165495 0.000121
v 0.101417 -0.167937 0.000121
v 0.097422 -0.170285 0.000121
v 0.093373 -0.172539 0.000121
v 0.089272 -0.174696 0.000121
v 0.085121 -0.176756 0.000121
v 0.080923 -0.178717 0.000121
v 0.076679 -0.180578 0.000121
v 0.072392 -0.182339 0.000121
v 0.068066 -0.183998 0.000121
v 0.063701 -0.185554 0.000121
v 0.059301 -0.187007 0.000121
v 0.054867 -0.188355 0.000121
v 0.050403 -0.189599 0.000121
v 0.045911 -0.190736 0.000121
v 0.041393 -0.191768 0.000121
v 0.036852 -0.192692 0.000121
v 0.032291 -0.193508 0.000121
v 0.027711 -0.194217 0.000121
v 0.023116 -0.194817 0.000121
v 0.018509 -0.195309 0.000121
v 0.013891 -0.195692 0.000121
v 0.009265 -0.195965 0.000121
v 0.000000 -0.195847 0.000030
v 0.004626 -0.195793 0.000030
v 0.027664 0.193884 0.000030
v 0.032235 0.193176 0.000030
v 0.036789 0.192361 0.000030
v 0.041322 0.191438 0.000030
v 0.045832 0.190409 0.000030
v 0.050317 0.189273 0.000030
v 0.054773 0.188032 0.000030
v 0.059199 0.186686 0.000030
v 0.063592 0.185236 0.000030
v 0.067949 0.183682 0.000030
v 0.072268 0.182026 0.000030
v 0.076547 0.180268 0.000030
v 0.080784 0.178410 0.000030
v 0.084975 0.176452 0.000030
v 0.089119 0.174396 0.000030
v 0.093213 0.172243 0.000030
v 0.097255 0.169993 0.000030
v 0.101243 0.167648 0.000030
v 0.105174 0.165210 0.000030
v 0.109047 0.162680 0.000030
v 0.112859 0.160059 0.000030
v 0.116608 0.157349 0.000030
v 0.120292 0.154551 0.000030
v 0.123909 0.151667 0.000030
v 0.127456 0.148698 0.000030
v 0.130933 0.145646 0.000030
v 0.134336 0.142513 0.000030
v 0.137665 0.139300 0.000030
v 0.140916 0.136010 0.000030
v 0.144090 0.132644 0.000030
v 0.147182 0.129204 0.000030
v 0.150193 0.125691 0.000030
v 0.153120 0.122109 0.000030
v 0.155961 0.118458 0.000030
v 0.158715 0.114742 0.000030
v 0.161381 0.110961 0.000030
v 0.163957 0.107118 0.000030
v 0.166441 0.103216 0.000030
v 0.168832 0.099256 0.000030
v 0.171130 0.095241 0.000030
v 0.173331 0.091172 0.000030
v 0.175436 0.087053 0.000030
v 0.177444 0.082885 0.000030
v 0.179352 0.078671 0.000030
v 0.181160 0.074413 0.000030
v 0.182867 0.070113 0.000030
v 0.184472 0.065775 0.000030
v 0.185974 0.061399 0.000030
v 0.187372 0.056990 0.000030
v 0.188666 0.052548 0.000030
v 0.189854 0.048078 0.000030
v 0.190937 0.043580 0.000030
v 0.191913 0.039058 0.000030
v 0.192782 0.034515 0.000030
v 0.193543 0.029952 0.000030
v 0.194197 0.025372 0.000030
v 0.194742 0.020778 0.000030
v 0.195178 0.016173 0.000030
v 0.195506 0.011559 0.000030
v 0.195724 0.006938 0.000030
v 0.195834 0.002313 0.000030
v 0.195834 -0.002313 0.000030
v 0.195724 -0.006938 0.000030
v 0.195506 -0.011559 0.000030
v 0.195178 -0.016173 0.000030
v 0.194742 -0.020778 0.000030
v 0.194197 -0.025372 0.000030
v 0.193543 -0.029952 0.000030
v 0.192782 -0.034515 0.000030
v 0.191913 -0.039058 0.000030
v 0.190937 -0.043580 0.000030
v 0.189854 -0.048078 0.000030
v 0.188666 -0.052548 0.000030
v 0.187372 -0.056990 0.000030
v 0.185974 -0.061399 0.000030
v 0.184472 -0.065775 0.000030
v 0.182867 -0.070113 0.000030
v 0.181160 -0.074413 0.000030
v 0.179352 -0.078671 0.000030
v 0.177444 -0.082885 0.000030
v 0.175436 -0.087053 0.000030
v 0.173331 -0.091172 0.000030
v 0.171130 -0.095241 0.000030
v 0.168832 -0.099256 0.000030
v 0.166441 -0.103216 0.000030
v 0.163957 -0.107118 0.000030
v 0.161381 -0.110961 0.000030
v 0.158715 -0.114742 0.000030
v 0.155961 -0.118458 0.000030
v 0.153120 -0.122109 0.000030
v 0.150193 -0.125691 0.000030
v 0.147182 -0.129204 0.000030
v 0.144090 -0.132644 0.000030
v 0.140916 -0.136010 0.000030
v 0.137665 -0.139300 0.000030
v 0.134336 -0.142513 0.000030
v 0.130933 -0.145646 0.000030
v 0.127456 -0.148698 0.000030
v 0.123909 -0.151667 0.000030
v 0.120292 -0.154551 0.000030
v 0.116608 -0.157349 0.000030
v 0.112859 -0.160059 0.000030
v 0.109047 -0.162680 0.000030
v 0.105174 -0.165210 0.000030
v 0.101243 -0.167648 0.000030
v 0.097255 -0.169993 0.000030
v 0.093213 -0.172243 0.000030
v 0.089119 -0.174396 0.000030
v 0.084975 -0.176452 0.000030
v 0.080784 -0.178410 0.000030
v 0.076547 -0.180268 0.000030
v 0.072268 -0.182026 0.000030
v 0.067949 -0.183682 0.000030
v 0.063592 -0.185236 0.000030
v 0.059199 -0.186686 0.000030
v 0.054773 -0.188032 0.000030
v 0.050317 -0.189273 0.000030
v 0.045832 -0.190409 0.000030
v 0.041322 -0.191438 0.000030
v 0.036789 -0.192361 0.000030
v 0.032235 -0.193176 0.000030
v 0.027664 -0.193884 0.000030
v 0.023077 -0.194483 0.000030
v 0.018477 -0.194974 0.000030
v 0.013867 -0.195356 0.000030
v 0.009249 -0.195629 0.000030
v 0.000000 0.197500 0.002000
v 0.000000 0.197470 0.001653
v 0.004664 0.197415 0.001653
v 0.000000 0.197379 0.001316
v 0.004662 0.197324 0.001316
v 0.000000 0.197232 0.001000
v 0.004658 0.197177 0.001000
v 0.000000 0.197032 0.000714
v 0.004654 0.196977 0.000714
v 0.000000 0.196786 0.000468
v 0.004648 0.196731 0.000468
v 0.000000 0.196500 0.000268
v 0.004641 0.196445 0.000268
v 0.000000 0.196184 0.000121
v 0.004634 0.196129 0.000121
v 0.000000 0.195847 0.000030
v 0.004626 0.195793 0.000030
v 0.000000 0.195500 0.000000
v 0.009325 0.197249 0.001653
v 0.009321 0.197159 0.001316
v 0.009314 0.197012 0.001000
v 0.009305 0.196812 0.000714
v 0.009293 0.196566 0.000468
v 0.009280 0.196281 0.000268
v 0.009265 0.195965 0.000121
v 0.009249 0.195629 0.000030
v 0.013975 0.196884 0.001316
v 0.013965 0.196737 0.001000
v 0.013951 0.196538 0.000714
v 0.013933 0.196292 0.000468
v 0.013913 0.196007 0.000268
v 0.013891 0.195692 0.000121
v 0.013867 0.195356 0.000030
v 0.000000 -0.195500 0.000000
v -0.105000 -0.142500 0.035000
v -0.110000 -0.137500 0.035000
v -0.109924 -0.138368 0.035000
v -0.109698 -0.139210 0.035000
v -0.109330 -0.140000 0.035000
v -0.108830 -0.140714 0.035000
v -0.108214 -0.141330 0.035000
v -0.107500 -0.141830 0.035000
v -0.106710 -0.142198 0.035000
v -0.105868 -0.142424 0.035000
v 0.105000 -0.142500 0.035000
v 0.000000 -0.195500 0.035000
v 0.105000 0.142500 0.035000
v -0.105000 0.142500 0.035000
v -0.105868 0.142424 0.035000
v -0.106710 0.142198 0.035000
v -0.107500 0.141830 0.035000
v -0.108214 0.141330 0.035000
v -0.108830 0.140714 0.035000
v -0.109330 0.140000 0.035000
v -0.109698 0.139210 0.035000
v -0.109924 0.138368 0.035000
v -0.110000 0.137500 0.035000
v 0.110000 -0.137500 0.035000
v 0.105868 -0.142424 0.035000
v 0.106710 -0.142198 0.035000
v 0.107500 -0.141830 0.035000
v 0.108214 -0.141330 0.035000
v 0.108830 -0.140714 0.035000
v 0.109330 -0.140000 0.035000
v 0.109698 -0.139210 0.035000
v 0.109924 -0.138368 0.035000
v 0.110000 0.137500 0.035000
v 0.109924 0.138368 0.035000
v 0.109698 0.139210 0.035000
v 0.109330 0.140000 0.035000
v 0.108830 0.140714 0.035000
v 0.108214 0.141330 0.035000
v 0.107500 0.141830 0.035000
v 0.106710 0.142198 0.035000
v 0.105868 0.142424 0.035000
v -0.000000 0.195500 0.035000
v 0.105000 -0.142500 0.025000
v 0.105868 -0.142424 0.025000
v 0.106710 -0.142198 0.025000
v 0.107500 -0.141830 0.025000
v 0.108214 -0.141330 0.025000
v 0.108830 -0.140714 0.025000
v 0.109330 -0.140000 0.025000
v 0.109698 -0.139210 0.025000
v 0.109924 -0.138368 0.025000
v 0.110000 -0.137500 0.025000
v -0.105000 -0.142500 0.025000
v 0.110000 0.137500 0.025000
v 0.105000 0.142500 0.025000
v 0.108214 0.141330 0.025000
v 0.107500 0.141830 0.025000
v 0.109698 0.139210 0.025000
v 0.109330 0.140000 0.025000
v 0.108830 0.140714 0.025000
v -0.110000 0.137500 0.025000
v -0.110000 -0.137500 0.025000
v -0.108214 -0.141330 0.025000
v -0.107500 -0.141830 0.025000
v 0.106710 0.142198 0.025000
v 0.105868 0.142424 0.025000
v -0.105000 0.142500 0.025000
v -0.105868 0.142424 0.025000
v -0.106710 0.142198 0.025000
v -0.107500 0.141830 0.025000
v -0.108214 0.141330 0.025000
v -0.108830 0.140714 0.025000
v -0.109698 -0.139210 0.025000
v -0.109330 -0.140000 0.025000
v -0.108830 -0.140714 0.025000
v 0.109924 0.138368 0.025000
v -0.109330 0.140000 0.025000
v -0.109698 0.139210 0.025000
v -0.109924 0.138368 0.025000
v -0.106710 -0.142198 0.025000
v -0.105868 -0.142424 0.025000
v -0.109924 -0.138368 0.025000
vn -0.0402 0.9954 0.0872
vn -0.1086 0.9903 0.0871
vn -0.1367 0.9868 0.0872
vn -0.1764 0.9805 0.0872
vn -0.2043 0.9750 0.0871
vn -0.2709 0.9587 0.0872
vn -0.2981 0.9505 0.0871
vn -0.3362 0.9377 0.0871
vn -0.3628 0.9278 0.0872
vn -0.3886 0.9173 0.0872
vn -0.4258 0.9006 0.0872
vn -0.4867 0.8692 0.0871
vn -0.5113 0.8550 0.0871
vn -0.5454 0.8336 0.0871
vn -0.5689 0.8177 0.0872
vn -0.6238 0.7767 0.0872
vn -0.6458 0.7586 0.0871
vn -0.6758 0.7319 0.0871
vn -0.6964 0.7123 0.0871
vn -0.7164 0.6922 0.0872
vn -0.7438 0.6627 0.0872
vn -0.7876 0.6100 0.0872
vn -0.8047 0.5873 0.0872
vn -0.8277 0.5544 0.0871
vn -0.8432 0.5305 0.0872
vn -0.8777 0.4713 0.0872
vn -0.8908 0.4461 0.0871
vn -0.9080 0.4098 0.0872
vn -0.9193 0.3837 0.0871
vn -0.9436 0.3196 0.0871
vn -0.9523 0.2925 0.0871
vn -0.9633 0.2539 0.0872
vn -0.9701 0.2263 0.0871
vn -0.9785 0.1870 0.0871
vn -0.9834 0.1590 0.0871
vn -0.9920 0.0910 0.0872
vn -0.9942 0.0627 0.0873
vn -0.9959 0.0225 0.0872
vn -0.9962 -0.0059 0.0871
vn -0.9934 -0.0744 0.0872
vn -0.9909 -0.1027 0.0872
vn -0.9859 -0.1426 0.0872
vn -0.9815 -0.1706 0.0871
vn -0.9762 -0.1986 0.0871
vn -0.9674 -0.2378 0.0871
vn -0.9488 -0.3037 0.0871
vn -0.9397 -0.3307 0.0872
vn -0.9256 -0.3683 0.0871
vn -0.9147 -0.3945 0.0871
vn -0.8854 -0.4565 0.0872
vn -0.8720 -0.4816 0.0871
vn -0.8519 -0.5164 0.0873
vn -0.8368 -0.5405 0.0872
vn -0.8211 -0.5641 0.0871
vn -0.7977 -0.5968 0.0871
vn -0.7547 -0.6502 0.0872
vn -0.7359 -0.6715 0.0871
vn -0.7082 -0.7006 0.0871
vn -0.6879 -0.7205 0.0871
vn -0.6367 -0.7661 0.0872
vn -0.6146 -0.7840 0.0871
vn -0.5825 -0.8081 0.0871
vn -0.5592 -0.8244 0.0872
vn -0.5012 -0.8609 0.0871
vn -0.4408 -0.8934 0.0871
vn -0.4151 -0.9056 0.0871
vn -0.3783 -0.9216 0.0872
vn -0.3518 -0.9320 0.0872
vn -0.2869 -0.9540 0.0872
vn -0.2596 -0.9618 0.0871
vn -0.2206 -0.9715 0.0871
vn -0.1928 -0.9774 0.0872
vn -0.1251 -0.9883 0.0871
vn -0.0968 -0.9915 0.0872
vn -0.0568 -0.9946 0.0872
vn -0.0284 -0.9958 0.0871
vn -0.0154 -0.0858 0.9962
vn -0.0456 -0.2548 0.9659
vn -0.0745 -0.4160 0.9063
vn -0.1011 -0.5646 0.8191
vn -0.1246 -0.6961 0.7071
vn -0.1444 -0.8063 0.5735
vn -0.1444 -0.8064 0.5735
vn -0.1597 -0.8921 0.4226
vn -0.1702 -0.9508 0.2588
vn -0.0293 -0.0821 0.9962
vn -0.0869 -0.2438 0.9659
vn -0.1419 -0.3981 0.9063
vn -0.1926 -0.5403 0.8191
vn -0.2375 -0.6661 0.7071
vn -0.2751 -0.7716 0.5736
vn -0.2751 -0.7716 0.5735
vn -0.3044 -0.8537 0.4226
vn -0.3244 -0.9098 0.2588
vn -0.0424 -0.0762 0.9962
vn -0.1259 -0.2262 0.9659
vn -0.2055 -0.3693 0.9063
vn -0.2789 -0.5012 0.8191
vn -0.3439 -0.6179 0.7071
vn -0.3984 -0.7158 0.5735
vn -0.3984 -0.7158 0.5736
vn -0.4407 -0.7919 0.4226
vn -0.4697 -0.8440 0.2588
vn -0.0477 -0.0730 0.9962
vn -0.1416 -0.2167 0.9659
vn -0.2312 -0.3538 0.9063
vn -0.3137 -0.4802 0.8191
vn -0.3868 -0.5920 0.7071
vn -0.4480 -0.6858 0.5736
vn -0.4480 -0.6858 0.5735
vn -0.4957 -0.7588 0.4226
vn -0.4957 -0.7587 0.4226
vn -0.5283 -0.8086 0.2588
vn -0.0590 -0.0641 0.9962
vn -0.1753 -0.1904 0.9659
vn -0.2862 -0.3109 0.9063
vn -0.2863 -0.3110 0.9063
vn -0.3885 -0.4220 0.8191
vn -0.4789 -0.5203 0.7070
vn -0.4789 -0.5202 0.7071
vn -0.5548 -0.6027 0.5735
vn -0.5548 -0.6027 0.5736
vn -0.6138 -0.6668 0.4226
vn -0.6139 -0.6668 0.4225
vn -0.6542 -0.7107 0.2588
vn -0.6542 -0.7106 0.2589
vn -0.0688 -0.0535 0.9962
vn -0.2042 -0.1590 0.9659
vn -0.2043 -0.1590 0.9659
vn -0.3335 -0.2596 0.9063
vn -0.4527 -0.3523 0.8191
vn -0.4526 -0.3523 0.8192
vn -0.5581 -0.4344 0.7070
vn -0.5580 -0.4343 0.7071
vn -0.6464 -0.5032 0.5735
vn -0.6464 -0.5031 0.5735
vn -0.7152 -0.5567 0.4226
vn -0.7622 -0.5933 0.2589
vn -0.7623 -0.5933 0.2587
vn -0.0794 -0.0360 0.9962
vn -0.0794 -0.0359 0.9962
vn -0.2358 -0.1068 0.9659
vn -0.3850 -0.1744 0.9063
vn -0.3850 -0.1743 0.9063
vn -0.5225 -0.2366 0.8191
vn -0.5226 -0.2366 0.8191
vn -0.6441 -0.2917 0.7071
vn -0.6442 -0.2917 0.7071
vn -0.7462 -0.3379 0.5735
vn -0.7462 -0.3379 0.5736
vn -0.8257 -0.3739 0.4225
vn -0.8256 -0.3738 0.4226
vn -0.8799 -0.3984 0.2589
vn -0.8799 -0.3984 0.2588
vn -0.0842 -0.0224 0.9962
vn -0.2502 -0.0665 0.9659
vn -0.2501 -0.0665 0.9659
vn -0.4085 -0.1086 0.9063
vn -0.5543 -0.1474 0.8191
vn -0.6834 -0.1817 0.7070
vn -0.6834 -0.1817 0.7071
vn -0.7917 -0.2105 0.5736
vn -0.7917 -0.2105 0.5735
vn -0.8759 -0.2329 0.4226
vn -0.8759 -0.2328 0.4226
vn -0.9335 -0.2482 0.2588
vn -0.9335 -0.2482 0.2589
vn -0.0871 -0.0021 0.9962
vn -0.2587 -0.0061 0.9659
vn -0.2588 -0.0061 0.9659
vn -0.4226 -0.0100 0.9063
vn -0.4224 -0.0100 0.9063
vn -0.5734 -0.0135 0.8191
vn -0.5735 -0.0135 0.8191
vn -0.7069 -0.0167 0.7071
vn -0.8190 -0.0193 0.5735
vn -0.8189 -0.0193 0.5736
vn -0.9061 -0.0214 0.4226
vn -0.9060 -0.0214 0.4227
vn -0.9657 -0.0228 0.2588
vn -0.9657 -0.0228 0.2587
vn -0.0863 0.0123 0.9962
vn -0.2562 0.0366 0.9659
vn -0.4184 0.0597 0.9063
vn -0.5679 0.0810 0.8191
vn -0.7000 0.0999 0.7071
vn -0.7001 0.0999 0.7070
vn -0.8109 0.1157 0.5736
vn -0.8110 0.1157 0.5735
vn -0.8972 0.1280 0.4226
vn -0.9563 0.1364 0.2588
vn -0.9562 0.1364 0.2588
vn -0.0810 0.0322 0.9962
vn -0.2406 0.0955 0.9659
vn -0.3928 0.1560 0.9063
vn -0.5331 0.2117 0.8191
vn -0.6572 0.2609 0.7071
vn -0.6573 0.2609 0.7071
vn -0.7613 0.3023 0.5736
vn -0.7614 0.3023 0.5735
vn -0.8424 0.3344 0.4226
vn -0.8423 0.3344 0.4226
vn -0.8978 0.3564 0.2588
vn -0.0746 0.0451 0.9962
vn -0.2216 0.1338 0.9659
vn -0.3618 0.2185 0.9063
vn -0.4910 0.2965 0.8191
vn -0.6053 0.3656 0.7070
vn -0.6053 0.3655 0.7071
vn -0.7012 0.4235 0.5736
vn -0.7012 0.4235 0.5735
vn -0.7758 0.4685 0.4226
vn -0.8268 0.4993 0.2589
vn -0.8269 0.4993 0.2587
vn -0.0662 0.0567 0.9962
vn -0.1965 0.1685 0.9659
vn -0.1965 0.1684 0.9659
vn -0.3209 0.2750 0.9063
vn -0.3209 0.2751 0.9063
vn -0.4355 0.3733 0.8192
vn -0.4355 0.3733 0.8191
vn -0.5369 0.4602 0.7070
vn -0.5369 0.4602 0.7071
vn -0.6219 0.5331 0.5736
vn -0.6220 0.5331 0.5735
vn -0.6881 0.5898 0.4227
vn -0.6881 0.5898 0.4226
vn -0.7334 0.6286 0.2588
vn -0.0511 0.0706 0.9962
vn -0.1516 0.2098 0.9659
vn -0.1516 0.2097 0.9659
vn -0.2476 0.3425 0.9063
vn -0.3360 0.4648 0.8191
vn -0.3361 0.4648 0.8191
vn -0.4143 0.5731 0.7071
vn -0.4799 0.6638 0.5736
vn -0.4799 0.6639 0.5735
vn -0.5310 0.7345 0.4226
vn -0.5659 0.7828 0.2588
vn -0.0387 0.0781 0.9962
vn -0.1150 0.2319 0.9659
vn -0.1151 0.2319 0.9659
vn -0.1879 0.3786 0.9063
vn -0.2550 0.5138 0.8191
vn -0.3143 0.6334 0.7071
vn -0.3641 0.7338 0.5735
vn -0.4029 0.8119 0.4226
vn -0.4294 0.8653 0.2588
vn -0.0194 0.0850 0.9962
vn -0.0576 0.2524 0.9659
vn -0.0576 0.2523 0.9659
vn -0.0940 0.4121 0.9063
vn -0.0940 0.4120 0.9063
vn -0.1276 0.5592 0.8191
vn -0.1573 0.6894 0.7071
vn -0.1574 0.6894 0.7071
vn -0.1823 0.7986 0.5736
vn -0.1823 0.7986 0.5735
vn -0.2017 0.8836 0.4226
vn -0.2149 0.9417 0.2588
vn -0.0051 0.0870 0.9962
vn -0.0153 0.2584 0.9659
vn -0.0249 0.4219 0.9063
vn -0.0339 0.5726 0.8191
vn -0.0417 0.7059 0.7071
vn -0.0483 0.8177 0.5736
vn -0.0535 0.9047 0.4226
vn -0.0570 0.9642 0.2588
vn -0.0570 0.9643 0.2588
vn -0.0010 -0.0871 0.9962
vn -0.0010 -0.0872 0.9962
vn -0.0031 -0.2588 0.9659
vn -0.0050 -0.4226 0.9063
vn -0.0068 -0.5736 0.8191
vn -0.0084 -0.7071 0.7071
vn -0.0097 -0.8191 0.5736
vn -0.0107 -0.9063 0.4226
vn -0.0114 -0.9659 0.2588
vn -0.0118 -0.9961 0.0871
vn -0.0031 -0.0871 0.9962
vn -0.0092 -0.2587 0.9659
vn -0.0150 -0.4224 0.9063
vn -0.0203 -0.5732 0.8191
vn -0.0203 -0.5733 0.8191
vn -0.0251 -0.7067 0.7071
vn -0.0290 -0.8186 0.5736
vn -0.0321 -0.9058 0.4226
vn -0.0342 -0.9653 0.2588
vn -0.0351 -0.9915 0.1250
vn -0.0402 -0.9954 0.0872
vn -0.0685 -0.9938 0.0872
vn -0.0587 -0.9923 0.1092
vn -0.0570 -0.9642 0.2588
vn -0.0570 -0.9643 0.2588
vn -0.0535 -0.9047 0.4226
vn -0.0483 -0.8177 0.5736
vn -0.0417 -0.7059 0.7071
vn -0.0339 -0.5726 0.8191
vn -0.0249 -0.4219 0.9063
vn -0.0153 -0.2584 0.9659
vn -0.0051 -0.0870 0.9962
vn -0.0072 -0.0869 0.9962
vn -0.0214 -0.2580 0.9659
vn -0.0349 -0.4212 0.9063
vn -0.0474 -0.5716 0.8191
vn -0.0584 -0.7047 0.7071
vn -0.0676 -0.8164 0.5736
vn -0.0677 -0.8164 0.5735
vn -0.0748 -0.9032 0.4226
vn -0.0798 -0.9626 0.2588
vn -0.0823 -0.9928 0.0872
vn -0.0823 -0.9928 0.0871
vn -0.0092 -0.0867 0.9962
vn -0.0275 -0.2574 0.9659
vn -0.0448 -0.4203 0.9063
vn -0.0609 -0.5703 0.8191
vn -0.0609 -0.5704 0.8191
vn -0.0750 -0.7032 0.7071
vn -0.0750 -0.7031 0.7071
vn -0.0869 -0.8146 0.5735
vn -0.0869 -0.8145 0.5736
vn -0.0961 -0.9012 0.4226
vn -0.0962 -0.9012 0.4226
vn -0.1025 -0.9605 0.2588
vn -0.1054 -0.9876 0.1160
vn -0.1086 -0.9903 0.0871
vn -0.1367 -0.9868 0.0872
vn -0.1286 -0.9841 0.1222
vn -0.1251 -0.9578 0.2588
vn -0.1174 -0.8987 0.4226
vn -0.1061 -0.8123 0.5735
vn -0.1061 -0.8123 0.5736
vn -0.0916 -0.7012 0.7071
vn -0.0743 -0.5688 0.8191
vn -0.0548 -0.4191 0.9063
vn -0.0335 -0.2566 0.9659
vn -0.0335 -0.2567 0.9659
vn -0.0113 -0.0864 0.9962
vn -0.0133 -0.0861 0.9962
vn -0.0396 -0.2558 0.9659
vn -0.0646 -0.4177 0.9063
vn -0.0877 -0.5668 0.8191
vn -0.0877 -0.5669 0.8191
vn -0.1081 -0.6988 0.7071
vn -0.1253 -0.8095 0.5735
vn -0.1386 -0.8956 0.4226
vn -0.1386 -0.8957 0.4226
vn -0.1477 -0.9546 0.2588
vn -0.1523 -0.9845 0.0872
vn -0.1523 -0.9845 0.0871
vn -0.1756 -0.9806 0.0872
vn -0.1762 -0.9794 0.0988
vn -0.1648 -0.9825 0.0871
vn -0.0174 -0.0854 0.9962
vn -0.0516 -0.2536 0.9659
vn -0.0843 -0.4142 0.9063
vn -0.0843 -0.4141 0.9063
vn -0.1144 -0.5621 0.8191
vn -0.1410 -0.6929 0.7071
vn -0.1634 -0.8027 0.5735
vn -0.1807 -0.8881 0.4226
vn -0.1926 -0.9465 0.2588
vn -0.1978 -0.9721 0.1261
vn -0.2043 -0.9750 0.0871
vn -0.2320 -0.9688 0.0871
vn -0.2214 -0.9700 0.1007
vn -0.2149 -0.9417 0.2588
vn -0.2017 -0.8836 0.4226
vn -0.1823 -0.7986 0.5736
vn -0.1823 -0.7986 0.5735
vn -0.1573 -0.6894 0.7071
vn -0.1574 -0.6894 0.7071
vn -0.1276 -0.5593 0.8191
vn -0.1276 -0.5592 0.8191
vn -0.0940 -0.4120 0.9063
vn -0.0576 -0.2523 0.9659
vn -0.0576 -0.2524 0.9659
vn -0.0194 -0.0850 0.9962
vn -0.0214 -0.0845 0.9962
vn -0.0635 -0.2509 0.9659
vn -0.1038 -0.4097 0.9063
vn -0.1408 -0.5560 0.8191
vn -0.1408 -0.5561 0.8191
vn -0.1736 -0.6855 0.7071
vn -0.2011 -0.7941 0.5736
vn -0.2225 -0.8786 0.4226
vn -0.2371 -0.9364 0.2588
vn -0.2446 -0.9657 0.0871
vn -0.2445 -0.9657 0.0871
vn -0.0234 -0.0840 0.9962
vn -0.0694 -0.2493 0.9659
vn -0.1134 -0.4072 0.9063
vn -0.1134 -0.4071 0.9063
vn -0.1539 -0.5526 0.8191
vn -0.1897 -0.6812 0.7071
vn -0.2198 -0.7891 0.5736
vn -0.2198 -0.7891 0.5735
vn -0.2432 -0.8731 0.4226
vn -0.2592 -0.9305 0.2588
vn -0.2663 -0.9562 0.1210
vn -0.2709 -0.9587 0.0872
vn -0.2981 -0.9505 0.0871
vn -0.2890 -0.9501 0.1176
vn -0.2811 -0.9241 0.2588
vn -0.2637 -0.8671 0.4226
vn -0.2384 -0.7837 0.5736
vn -0.2384 -0.7837 0.5735
vn -0.2058 -0.6765 0.7071
vn -0.1669 -0.5488 0.8191
vn -0.1230 -0.4043 0.9063
vn -0.0753 -0.2476 0.9659
vn -0.0254 -0.0834 0.9962
vn -0.0273 -0.0828 0.9962
vn -0.0811 -0.2458 0.9659
vn -0.1325 -0.4013 0.9063
vn -0.1798 -0.5447 0.8191
vn -0.2217 -0.6715 0.7071
vn -0.2568 -0.7779 0.5736
vn -0.2568 -0.7779 0.5735
vn -0.2841 -0.8606 0.4226
vn -0.3028 -0.9172 0.2588
vn -0.3123 -0.9460 0.0871
vn -0.3346 -0.9383 0.0871
vn -0.3354 -0.9356 0.1104
vn -0.3251 -0.9417 0.0871
vn -0.3628 -0.9278 0.0872
vn -0.3552 -0.9263 0.1255
vn -0.3458 -0.9019 0.2588
vn -0.3245 -0.8462 0.4226
vn -0.2933 -0.7649 0.5735
vn -0.2531 -0.6603 0.7071
vn -0.2532 -0.6603 0.7071
vn -0.2053 -0.5356 0.8191
vn -0.2054 -0.5356 0.8191
vn -0.1513 -0.3946 0.9063
vn -0.0927 -0.2417 0.9659
vn -0.0312 -0.0814 0.9962
vn -0.3886 -0.9173 0.0871
vn -0.3784 -0.9212 0.0904
vn -0.3670 -0.8935 0.2588
vn -0.3444 -0.8383 0.4226
vn -0.3112 -0.7577 0.5735
vn -0.3112 -0.7577 0.5736
vn -0.2687 -0.6541 0.7071
vn -0.2179 -0.5306 0.8191
vn -0.1606 -0.3909 0.9063
vn -0.1606 -0.3910 0.9063
vn -0.0983 -0.2394 0.9659
vn -0.0331 -0.0806 0.9962
vn -0.0350 -0.0798 0.9962
vn -0.1040 -0.2370 0.9659
vn -0.1698 -0.3871 0.9063
vn -0.1698 -0.3870 0.9063
vn -0.2304 -0.5253 0.8191
vn -0.2841 -0.6476 0.7071
vn -0.3290 -0.7502 0.5736
vn -0.3291 -0.7502 0.5735
vn -0.3641 -0.8300 0.4226
vn -0.3880 -0.8846 0.2588
vn -0.4002 -0.9123 0.0872
vn -0.4002 -0.9123 0.0871
vn -0.0369 -0.0790 0.9962
vn -0.1095 -0.2345 0.9659
vn -0.1789 -0.3829 0.9063
vn -0.2428 -0.5197 0.8191
vn -0.2993 -0.6407 0.7071
vn -0.3467 -0.7422 0.5735
vn -0.3836 -0.8211 0.4226
vn -0.4088 -0.8752 0.2588
vn -0.4199 -0.8990 0.1244
vn -0.4258 -0.9006 0.0872
vn -0.4513 -0.8881 0.0872
vn -0.4417 -0.8902 0.1114
vn -0.4294 -0.8653 0.2588
vn -0.4293 -0.8653 0.2588
vn -0.4029 -0.8119 0.4226
vn -0.3641 -0.7338 0.5736
vn -0.3641 -0.7338 0.5735
vn -0.3143 -0.6334 0.7071
vn -0.3143 -0.6335 0.7071
vn -0.2550 -0.5138 0.8191
vn -0.2550 -0.5138 0.8192
vn -0.1879 -0.3786 0.9063
vn -0.1150 -0.2318 0.9659
vn -0.1151 -0.2319 0.9659
vn -0.0387 -0.0781 0.9962
vn -0.0406 -0.0771 0.9962
vn -0.1205 -0.2291 0.9659
vn -0.1968 -0.3740 0.9063
vn -0.1968 -0.3741 0.9063
vn -0.2670 -0.5077 0.8191
vn -0.3292 -0.6258 0.7071
vn -0.3813 -0.7250 0.5735
vn -0.3814 -0.7250 0.5736
vn -0.4219 -0.8021 0.4226
vn -0.4497 -0.8549 0.2588
vn -0.4638 -0.8817 0.0872
vn -0.4637 -0.8817 0.0872
vn -0.4845 -0.8705 0.0872
vn -0.4850 -0.8660 0.1220
vn -0.4764 -0.8749 0.0872
vn -0.5113 -0.8550 0.0871
vn -0.5030 -0.8555 0.1232
vn -0.4895 -0.8327 0.2588
vn -0.4593 -0.7813 0.4226
vn -0.4152 -0.7062 0.5735
vn -0.4152 -0.7062 0.5736
vn -0.3584 -0.6096 0.7071
vn -0.2907 -0.4945 0.8191
vn -0.2142 -0.3643 0.9063
vn -0.1312 -0.2231 0.9659
vn -0.0442 -0.0751 0.9962
vn -0.0459 -0.0741 0.9962
vn -0.1364 -0.2200 0.9659
vn -0.2227 -0.3592 0.9063
vn -0.3023 -0.4875 0.8191
vn -0.3727 -0.6010 0.7071
vn -0.3727 -0.6009 0.7071
vn -0.4317 -0.6962 0.5736
vn -0.4317 -0.6962 0.5735
vn -0.4776 -0.7702 0.4226
vn -0.4777 -0.7702 0.4226
vn -0.5091 -0.8209 0.2589
vn -0.5091 -0.8209 0.2588
vn -0.5250 -0.8466 0.0871
vn -0.5250 -0.8466 0.0872
vn -0.5449 -0.8340 0.0872
vn -0.5450 -0.8330 0.0955
vn -0.5355 -0.8400 0.0872
vn -0.0494 -0.0718 0.9962
vn -0.1467 -0.2133 0.9659
vn -0.1466 -0.2133 0.9659
vn -0.2395 -0.3483 0.9063
vn -0.3250 -0.4726 0.8191
vn -0.3250 -0.4727 0.8191
vn -0.4006 -0.5827 0.7071
vn -0.4641 -0.6750 0.5735
vn -0.4641 -0.6750 0.5736
vn -0.5135 -0.7468 0.4226
vn -0.5473 -0.7959 0.2588
vn -0.5621 -0.8174 0.1260
vn -0.5689 -0.8177 0.0872
vn -0.5920 -0.8012 0.0872
vn -0.5827 -0.8061 0.1033
vn -0.5659 -0.7828 0.2588
vn -0.5310 -0.7345 0.4226
vn -0.4799 -0.6639 0.5735
vn -0.4799 -0.6638 0.5736
vn -0.4143 -0.5731 0.7071
vn -0.3360 -0.4648 0.8191
vn -0.3361 -0.4648 0.8191
vn -0.2476 -0.3425 0.9063
vn -0.1516 -0.2097 0.9659
vn -0.1516 -0.2098 0.9659
vn -0.0511 -0.0706 0.9962
vn -0.0527 -0.0694 0.9962
vn -0.1566 -0.2061 0.9659
vn -0.2556 -0.3366 0.9063
vn -0.2557 -0.3366 0.9063
vn -0.3469 -0.4568 0.8191
vn -0.4277 -0.5631 0.7071
vn -0.4955 -0.6523 0.5736
vn -0.5482 -0.7218 0.4226
vn -0.5482 -0.7217 0.4226
vn -0.5843 -0.7692 0.2588
vn -0.5842 -0.7692 0.2588
vn -0.6025 -0.7933 0.0871
vn -0.0543 -0.0681 0.9962
vn -0.1614 -0.2024 0.9659
vn -0.2635 -0.3304 0.9063
vn -0.3576 -0.4485 0.8191
vn -0.4409 -0.5528 0.7071
vn -0.4409 -0.5529 0.7071
vn -0.5107 -0.6404 0.5736
vn -0.5107 -0.6405 0.5736
vn -0.5651 -0.7086 0.4226
vn -0.6022 -0.7552 0.2588
vn -0.6022 -0.7552 0.2589
vn -0.6190 -0.7762 0.1198
vn -0.6238 -0.7767 0.0872
vn -0.6458 -0.7586 0.0871
vn -0.6372 -0.7614 0.1191
vn -0.6199 -0.7408 0.2588
vn -0.6199 -0.7407 0.2589
vn -0.5817 -0.6951 0.4225
vn -0.5816 -0.6950 0.4226
vn -0.5257 -0.6282 0.5735
vn -0.5257 -0.6282 0.5736
vn -0.4538 -0.5423 0.7071
vn -0.3681 -0.4399 0.8191
vn -0.2712 -0.3241 0.9063
vn -0.2713 -0.3241 0.9063
vn -0.1661 -0.1985 0.9659
vn -0.0559 -0.0668 0.9962
vn -0.0575 -0.0655 0.9962
vn -0.1708 -0.1945 0.9659
vn -0.2788 -0.3176 0.9063
vn -0.3784 -0.4311 0.8191
vn -0.4665 -0.5315 0.7070
vn -0.4665 -0.5314 0.7071
vn -0.5404 -0.6156 0.5736
vn -0.5979 -0.6811 0.4226
vn -0.6372 -0.7259 0.2589
vn -0.6372 -0.7259 0.2588
vn -0.6572 -0.7486 0.0871
vn -0.6572 -0.7487 0.0872
vn -0.6747 -0.7329 0.0871
vn -0.6745 -0.7305 0.1071
vn -0.6671 -0.7398 0.0872
vn -0.6964 -0.7123 0.0872
vn -0.6890 -0.7138 0.1259
vn -0.6708 -0.6950 0.2588
vn -0.6294 -0.6521 0.4226
vn -0.5689 -0.5894 0.5736
vn -0.5689 -0.5894 0.5735
vn -0.4911 -0.5088 0.7071
vn -0.3984 -0.4127 0.8191
vn -0.3983 -0.4127 0.8191
vn -0.2935 -0.3041 0.9063
vn -0.1798 -0.1862 0.9659
vn -0.1797 -0.1862 0.9659
vn -0.0605 -0.0627 0.9962
vn -0.7164 -0.6922 0.0872
vn -0.7082 -0.6998 0.0936
vn -0.6870 -0.6790 0.2588
vn -0.6446 -0.6370 0.4227
vn -0.6446 -0.6371 0.4226
vn -0.5827 -0.5758 0.5736
vn -0.5827 -0.5758 0.5735
vn -0.5030 -0.4970 0.7071
vn -0.5030 -0.4971 0.7071
vn -0.4080 -0.4032 0.8191
vn -0.3006 -0.2971 0.9063
vn -0.1841 -0.1819 0.9659
vn -0.0620 -0.0613 0.9962
vn -0.0634 -0.0598 0.9962
vn -0.1884 -0.1776 0.9659
vn -0.1883 -0.1775 0.9659
vn -0.3075 -0.2899 0.9063
vn -0.4174 -0.3935 0.8191
vn -0.4174 -0.3934 0.8191
vn -0.5146 -0.4850 0.7071
vn -0.5961 -0.5619 0.5735
vn -0.5961 -0.5619 0.5736
vn -0.6595 -0.6217 0.4226
vn -0.7029 -0.6626 0.2588
vn -0.7249 -0.6833 0.0872
vn -0.7249 -0.6833 0.0871
vn -0.0648 -0.0583 0.9962
vn -0.1925 -0.1730 0.9659
vn -0.3143 -0.2826 0.9063
vn -0.4266 -0.3835 0.8191
vn -0.5258 -0.4727 0.7071
vn -0.5259 -0.4728 0.7071
vn -0.6092 -0.5477 0.5735
vn -0.6092 -0.5476 0.5736
vn -0.6740 -0.6059 0.4226
vn -0.6740 -0.6059 0.4227
vn -0.7183 -0.6458 0.2587
vn -0.7183 -0.6458 0.2588
vn -0.7380 -0.6634 0.1236
vn -0.7438 -0.6627 0.0872
vn -0.7624 -0.6413 0.0871
vn -0.7544 -0.6466 0.1133
vn -0.7334 -0.6286 0.2588
vn -0.6881 -0.5898 0.4226
vn -0.6881 -0.5898 0.4227
vn -0.6220 -0.5331 0.5735
vn -0.6220 -0.5331 0.5736
vn -0.5369 -0.4602 0.7070
vn -0.5369 -0.4602 0.7071
vn -0.4355 -0.3733 0.8191
vn -0.3209 -0.2750 0.9063
vn -0.3209 -0.2751 0.9063
vn -0.1965 -0.1685 0.9659
vn -0.0662 -0.0567 0.9962
vn -0.0675 -0.0551 0.9962
vn -0.2004 -0.1638 0.9659
vn -0.3273 -0.2674 0.9063
vn -0.4442 -0.3629 0.8191
vn -0.5476 -0.4474 0.7071
vn -0.6344 -0.5183 0.5736
vn -0.6344 -0.5183 0.5735
vn -0.7019 -0.5734 0.4225
vn -0.7018 -0.5734 0.4227
vn -0.7480 -0.6111 0.2588
vn -0.7715 -0.6303 0.0872
vn -0.7715 -0.6303 0.0871
vn -0.7861 -0.6119 0.0871
vn -0.7850 -0.6080 0.1187
vn -0.7803 -0.6193 0.0872
vn -0.8047 -0.5873 0.0872
vn -0.7972 -0.5908 0.1240
vn -0.7760 -0.5751 0.2589
vn -0.7761 -0.5751 0.2588
vn -0.7282 -0.5396 0.4226
vn -0.7282 -0.5397 0.4225
vn -0.6581 -0.4877 0.5736
vn -0.5681 -0.4210 0.7071
vn -0.4609 -0.3415 0.8191
vn -0.4608 -0.3415 0.8192
vn -0.3396 -0.2516 0.9063
vn -0.2080 -0.1541 0.9659
vn -0.0700 -0.0519 0.9962
vn -0.0712 -0.0502 0.9962
vn -0.2115 -0.1492 0.9659
vn -0.2115 -0.1491 0.9659
vn -0.3454 -0.2436 0.9063
vn -0.4688 -0.3305 0.8191
vn -0.5779 -0.4075 0.7070
vn -0.5779 -0.4075 0.7071
vn -0.6695 -0.4720 0.5736
vn -0.6695 -0.4721 0.5735
vn -0.7407 -0.5223 0.4226
vn -0.7894 -0.5566 0.2588
vn -0.8142 -0.5741 0.0872
vn -0.8277 -0.5544 0.0871
vn -0.8271 -0.5544 0.0921
vn -0.8024 -0.5378 0.2587
vn -0.8023 -0.5378 0.2588
vn -0.7528 -0.5046 0.4226
vn -0.6805 -0.4561 0.5735
vn -0.6804 -0.4561 0.5736
vn -0.5874 -0.3937 0.7071
vn -0.4764 -0.3194 0.8191
vn -0.4765 -0.3194 0.8191
vn -0.3511 -0.2353 0.9063
vn -0.2150 -0.1441 0.9659
vn -0.0724 -0.0485 0.9962
vn -0.0735 -0.0468 0.9962
vn -0.2183 -0.1390 0.9659
vn -0.3565 -0.2270 0.9063
vn -0.4839 -0.3080 0.8191
vn -0.5965 -0.3798 0.7070
vn -0.5965 -0.3797 0.7071
vn -0.6911 -0.4399 0.5735
vn -0.6910 -0.4399 0.5736
vn -0.7645 -0.4867 0.4226
vn -0.7646 -0.4867 0.4226
vn -0.8148 -0.5187 0.2588
vn -0.8148 -0.5187 0.2587
vn -0.8369 -0.5328 0.1257
vn -0.8432 -0.5305 0.0872
vn -0.8580 -0.5063 0.0871
vn -0.8512 -0.5140 0.1058
vn -0.8269 -0.4993 0.2588
vn -0.7758 -0.4685 0.4225
vn -0.7758 -0.4685 0.4226
vn -0.7012 -0.4235 0.5735
vn -0.7012 -0.4235 0.5736
vn -0.6053 -0.3656 0.7071
vn -0.4910 -0.2965 0.8191
vn -0.3618 -0.2185 0.9063
vn -0.2216 -0.1338 0.9659
vn -0.2215 -0.1338 0.9659
vn -0.0746 -0.0450 0.9962
vn -0.0746 -0.0451 0.9962
vn -0.0756 -0.0433 0.9962
vn -0.0757 -0.0433 0.9962
vn -0.2247 -0.1285 0.9659
vn -0.3668 -0.2099 0.9063
vn -0.4979 -0.2849 0.8191
vn -0.4979 -0.2848 0.8191
vn -0.6137 -0.3511 0.7071
vn -0.6138 -0.3511 0.7071
vn -0.7110 -0.4068 0.5735
vn -0.7867 -0.4501 0.4226
vn -0.8384 -0.4797 0.2588
vn -0.8647 -0.4947 0.0871
vn -0.8647 -0.4947 0.0872
vn -0.0767 -0.0415 0.9962
vn -0.0766 -0.0415 0.9962
vn -0.2276 -0.1232 0.9659
vn -0.3717 -0.2012 0.9063
vn -0.5045 -0.2730 0.8191
vn -0.6219 -0.3366 0.7071
vn -0.7204 -0.3899 0.5736
vn -0.7971 -0.4314 0.4226
vn -0.7971 -0.4314 0.4225
vn -0.8495 -0.4597 0.2589
vn -0.8495 -0.4597 0.2588
vn -0.8733 -0.4726 0.1183
vn -0.8777 -0.4713 0.0872
vn -0.8908 -0.4461 0.0871
vn -0.8840 -0.4517 0.1204
vn -0.8601 -0.4395 0.2589
vn -0.8601 -0.4395 0.2588
vn -0.8071 -0.4124 0.4226
vn -0.8070 -0.4124 0.4226
vn -0.7295 -0.3728 0.5735
vn -0.6297 -0.3218 0.7071
vn -0.6297 -0.3218 0.7070
vn -0.5108 -0.2610 0.8191
vn -0.5107 -0.2610 0.8192
vn -0.3764 -0.1923 0.9063
vn -0.3763 -0.1923 0.9063
vn -0.2305 -0.1178 0.9659
vn -0.0776 -0.0396 0.9962
vn -0.0776 -0.0397 0.9962
vn -0.0785 -0.0378 0.9962
vn -0.2332 -0.1123 0.9659
vn -0.3808 -0.1834 0.9063
vn -0.5168 -0.2489 0.8191
vn -0.6371 -0.3068 0.7071
vn -0.7380 -0.3554 0.5736
vn -0.7381 -0.3554 0.5735
vn -0.8166 -0.3932 0.4226
vn -0.8166 -0.3933 0.4225
vn -0.8702 -0.4191 0.2589
vn -0.8703 -0.4191 0.2588
vn -0.8975 -0.4322 0.0872
vn -0.8975 -0.4322 0.0871
vn -0.9075 -0.4109 0.0871
vn -0.9066 -0.4091 0.1038
vn -0.9031 -0.4205 0.0871
vn -0.9193 -0.3837 0.0871
vn -0.9131 -0.3877 0.1261
vn -0.8891 -0.3775 0.2588
vn -0.8342 -0.3542 0.4226
vn -0.7540 -0.3202 0.5736
vn -0.7540 -0.3202 0.5735
vn -0.6509 -0.2764 0.7070
vn -0.6509 -0.2764 0.7071
vn -0.5280 -0.2242 0.8191
vn -0.3890 -0.1652 0.9063
vn -0.2382 -0.1012 0.9659
vn -0.0802 -0.0341 0.9962
vn -0.9299 -0.3574 0.0871
vn -0.9251 -0.3673 0.0965
vn -0.8978 -0.3564 0.2587
vn -0.8978 -0.3564 0.2588
vn -0.8423 -0.3344 0.4227
vn -0.8424 -0.3344 0.4225
vn -0.7613 -0.3023 0.5736
vn -0.7614 -0.3023 0.5735
vn -0.6572 -0.2609 0.7071
vn -0.5331 -0.2117 0.8191
vn -0.3928 -0.1560 0.9063
vn -0.3928 -0.1559 0.9063
vn -0.2406 -0.0955 0.9659
vn -0.0810 -0.0322 0.9962
vn -0.0818 -0.0302 0.9962
vn -0.0817 -0.0302 0.9962
vn -0.2427 -0.0898 0.9659
vn -0.2428 -0.0898 0.9659
vn -0.3964 -0.1466 0.9063
vn -0.5380 -0.1990 0.8191
vn -0.6632 -0.2453 0.7071
vn -0.7683 -0.2842 0.5736
vn -0.7683 -0.2842 0.5735
vn -0.8500 -0.3145 0.4226
vn -0.8500 -0.3144 0.4226
vn -0.9059 -0.3351 0.2589
vn -0.9059 -0.3351 0.2588
vn -0.9343 -0.3456 0.0871
vn -0.9343 -0.3456 0.0872
vn -0.0824 -0.0283 0.9962
vn -0.2448 -0.0841 0.9659
vn -0.2448 -0.0840 0.9659
vn -0.3998 -0.1372 0.9063
vn -0.3997 -0.1372 0.9063
vn -0.5426 -0.1863 0.8191
vn -0.5425 -0.1863 0.8191
vn -0.6688 -0.2296 0.7071
vn -0.6689 -0.2296 0.7070
vn -0.7748 -0.2660 0.5736
vn -0.8572 -0.2943 0.4226
vn -0.9136 -0.3136 0.2587
vn -0.9136 -0.3136 0.2589
vn -0.9387 -0.3222 0.1227
vn -0.9436 -0.3196 0.0871
vn -0.9523 -0.2925 0.0871
vn -0.9469 -0.3003 0.1151
vn -0.9207 -0.2920 0.2588
vn -0.8639 -0.2739 0.4227
vn -0.8639 -0.2740 0.4226
vn -0.7808 -0.2476 0.5736
vn -0.7809 -0.2476 0.5735
vn -0.6741 -0.2137 0.7071
vn -0.5468 -0.1734 0.8191
vn -0.4028 -0.1277 0.9063
vn -0.4029 -0.1278 0.9063
vn -0.2467 -0.0782 0.9659
vn -0.0831 -0.0263 0.9962
vn -0.0837 -0.0244 0.9962
vn -0.2485 -0.0724 0.9659
vn -0.4058 -0.1182 0.9063
vn -0.5507 -0.1604 0.8192
vn -0.5507 -0.1604 0.8191
vn -0.6789 -0.1978 0.7071
vn -0.7865 -0.2291 0.5736
vn -0.7865 -0.2291 0.5735
vn -0.8702 -0.2535 0.4226
vn -0.9274 -0.2701 0.2589
vn -0.9565 -0.2786 0.0871
vn -0.9564 -0.2786 0.0871
vn -0.9628 -0.2559 0.0871
vn -0.9605 -0.2532 0.1154
vn -0.9602 -0.2652 0.0872
vn -0.9702 -0.2263 0.0871
vn -0.9646 -0.2322 0.1248
vn -0.9391 -0.2260 0.2587
vn -0.9391 -0.2260 0.2589
vn -0.8812 -0.2121 0.4226
vn -0.7964 -0.1917 0.5736
vn -0.7964 -0.1917 0.5735
vn -0.6875 -0.1655 0.7071
vn -0.5577 -0.1342 0.8191
vn -0.5576 -0.1342 0.8192
vn -0.4109 -0.0989 0.9063
vn -0.2517 -0.0606 0.9659
vn -0.2516 -0.0606 0.9659
vn -0.0847 -0.0204 0.9962
vn -0.0852 -0.0184 0.9962
vn -0.2530 -0.0546 0.9659
vn -0.4131 -0.0892 0.9063
vn -0.4132 -0.0892 0.9063
vn -0.5607 -0.1210 0.8191
vn -0.6912 -0.1492 0.7071
vn -0.8007 -0.1728 0.5736
vn -0.8008 -0.1728 0.5735
vn -0.8859 -0.1912 0.4226
vn -0.9442 -0.2038 0.2588
vn -0.9738 -0.2102 0.0871
vn -0.9738 -0.2102 0.0872
vn -0.9785 -0.1870 0.0871
vn -0.9783 -0.1871 0.0889
vn -0.9488 -0.1814 0.2587
vn -0.9487 -0.1814 0.2588
vn -0.8902 -0.1702 0.4226
vn -0.8045 -0.1539 0.5736
vn -0.8046 -0.1539 0.5735
vn -0.6945 -0.1328 0.7071
vn -0.6946 -0.1328 0.7071
vn -0.5634 -0.1078 0.8191
vn -0.5634 -0.1077 0.8191
vn -0.4151 -0.0794 0.9063
vn -0.2542 -0.0486 0.9659
vn -0.0856 -0.0164 0.9962
vn -0.0860 -0.0143 0.9962
vn -0.2553 -0.0426 0.9659
vn -0.4169 -0.0696 0.9063
vn -0.5658 -0.0944 0.8191
vn -0.6975 -0.1164 0.7071
vn -0.8080 -0.1348 0.5735
vn -0.8939 -0.1492 0.4226
vn -0.8940 -0.1492 0.4226
vn -0.9528 -0.1590 0.2588
vn -0.9786 -0.1633 0.1253
vn -0.9834 -0.1590 0.0871
vn -0.9876 -0.1309 0.0870
vn -0.9842 -0.1404 0.1081
vn -0.9562 -0.1364 0.2588
vn -0.9563 -0.1364 0.2588
vn -0.8972 -0.1280 0.4226
vn -0.8972 -0.1280 0.4227
vn -0.8110 -0.1157 0.5735
vn -0.8109 -0.1157 0.5736
vn -0.7001 -0.0999 0.7071
vn -0.7000 -0.0999 0.7071
vn -0.5679 -0.0810 0.8191
vn -0.4184 -0.0597 0.9063
vn -0.2562 -0.0366 0.9659
vn -0.0863 -0.0123 0.9962
vn -0.0865 -0.0103 0.9962
vn -0.0866 -0.0103 0.9962
vn -0.2570 -0.0305 0.9659
vn -0.4197 -0.0498 0.9063
vn -0.5696 -0.0676 0.8191
vn -0.7022 -0.0833 0.7070
vn -0.7021 -0.0833 0.7071
vn -0.8135 -0.0965 0.5735
vn -0.8134 -0.0965 0.5736
vn -0.9000 -0.1068 0.4226
vn -0.9592 -0.1138 0.2588
vn -0.9592 -0.1138 0.2587
vn -0.9892 -0.1174 0.0873
vn -0.9893 -0.1174 0.0871
vn -0.0868 -0.0082 0.9962
vn -0.2577 -0.0244 0.9659
vn -0.2576 -0.0244 0.9659
vn -0.4208 -0.0399 0.9063
vn -0.5711 -0.0541 0.8191
vn -0.7039 -0.0667 0.7072
vn -0.7040 -0.0667 0.7070
vn -0.8155 -0.0773 0.5736
vn -0.8155 -0.0773 0.5735
vn -0.9023 -0.0855 0.4226
vn -0.9616 -0.0911 0.2587
vn -0.9616 -0.0911 0.2589
vn -0.9887 -0.0937 0.1168
vn -0.9920 -0.0910 0.0872
vn -0.9942 -0.0627 0.0873
vn -0.9901 -0.0703 0.1216
vn -0.9635 -0.0684 0.2587
vn -0.9635 -0.0684 0.2588
vn -0.9040 -0.0642 0.4226
vn -0.9041 -0.0642 0.4226
vn -0.8171 -0.0580 0.5736
vn -0.7054 -0.0501 0.7070
vn -0.7053 -0.0501 0.7071
vn -0.5721 -0.0406 0.8191
vn -0.5722 -0.0406 0.8191
vn -0.4216 -0.0299 0.9063
vn -0.2582 -0.0183 0.9659
vn -0.0869 -0.0062 0.9962
vn -0.0871 -0.0041 0.9962
vn -0.2585 -0.0122 0.9659
vn -0.4221 -0.0200 0.9063
vn -0.4222 -0.0200 0.9063
vn -0.5730 -0.0271 0.8191
vn -0.7063 -0.0334 0.7071
vn -0.7064 -0.0334 0.7071
vn -0.8182 -0.0387 0.5736
vn -0.9053 -0.0428 0.4226
vn -0.9648 -0.0456 0.2589
vn -0.9649 -0.0456 0.2587
vn -0.9951 -0.0470 0.0872
vn -0.9959 -0.0235 0.0872
vn -0.9947 -0.0225 0.1006
vn -0.9956 -0.0343 0.0872
vn -0.0872 -0.0000 0.9962
vn -0.2588 -0.0000 0.9659
vn -0.4226 -0.0000 0.9063
vn -0.4227 -0.0000 0.9063
vn -0.5736 -0.0000 0.8192
vn -0.5736 -0.0000 0.8191
vn -0.7071 -0.0000 0.7071
vn -0.8192 -0.0000 0.5735
vn -0.8191 -0.0000 0.5736
vn -0.9063 -0.0000 0.4227
vn -0.9064 -0.0000 0.4225
vn -0.9659 -0.0000 0.2588
vn -0.9920 -0.0000 0.1262
vn -0.9962 0.0059 0.0871
vn -0.9956 0.0343 0.0872
vn -0.9948 0.0235 0.0995
vn -0.9657 0.0228 0.2588
vn -0.9657 0.0228 0.2587
vn -0.9061 0.0214 0.4226
vn -0.9060 0.0214 0.4226
vn -0.8189 0.0193 0.5736
vn -0.8190 0.0193 0.5735
vn -0.7069 0.0167 0.7071
vn -0.7070 0.0167 0.7070
vn -0.5734 0.0135 0.8192
vn -0.5735 0.0135 0.8191
vn -0.4225 0.0100 0.9063
vn -0.2588 0.0061 0.9659
vn -0.2587 0.0061 0.9659
vn -0.0871 0.0021 0.9962
vn -0.0871 0.0041 0.9962
vn -0.2586 0.0122 0.9659
vn -0.2585 0.0122 0.9659
vn -0.4222 0.0200 0.9063
vn -0.5730 0.0271 0.8191
vn -0.7063 0.0334 0.7071
vn -0.7064 0.0334 0.7071
vn -0.8182 0.0387 0.5736
vn -0.9053 0.0428 0.4226
vn -0.9649 0.0456 0.2587
vn -0.9648 0.0456 0.2588
vn -0.9951 0.0470 0.0872
vn -0.0869 0.0062 0.9962
vn -0.2582 0.0183 0.9659
vn -0.4216 0.0299 0.9063
vn -0.5722 0.0406 0.8191
vn -0.7054 0.0501 0.7071
vn -0.8171 0.0580 0.5735
vn -0.8171 0.0580 0.5736
vn -0.9041 0.0642 0.4226
vn -0.9040 0.0642 0.4226
vn -0.9635 0.0684 0.2588
vn -0.9635 0.0684 0.2587
vn -0.9901 0.0703 0.1216
vn -0.9934 0.0744 0.0872
vn -0.9909 0.1027 0.0872
vn -0.9887 0.0937 0.1168
vn -0.9616 0.0911 0.2589
vn -0.9616 0.0911 0.2587
vn -0.9023 0.0855 0.4227
vn -0.9023 0.0855 0.4225
vn -0.8155 0.0773 0.5736
vn -0.7040 0.0667 0.7071
vn -0.7039 0.0667 0.7071
vn -0.5711 0.0541 0.8191
vn -0.4207 0.0399 0.9063
vn -0.4208 0.0399 0.9063
vn -0.2577 0.0244 0.9659
vn -0.0868 0.0082 0.9962
vn -0.0865 0.0103 0.9962
vn -0.0866 0.0103 0.9962
vn -0.2570 0.0305 0.9659
vn -0.4197 0.0498 0.9063
vn -0.5696 0.0676 0.8191
vn -0.7022 0.0833 0.7071
vn -0.8135 0.0965 0.5735
vn -0.9000 0.1068 0.4226
vn -0.9592 0.1138 0.2588
vn -0.9592 0.1138 0.2587
vn -0.9893 0.1174 0.0872
vn -0.9892 0.1174 0.0872
vn -0.9862 0.1407 0.0871
vn -0.9835 0.1422 0.1121
vn -0.9876 0.1309 0.0870
vn -0.9815 0.1706 0.0871
vn -0.9786 0.1633 0.1253
vn -0.9528 0.1590 0.2588
vn -0.8940 0.1492 0.4225
vn -0.8939 0.1492 0.4226
vn -0.8080 0.1348 0.5735
vn -0.8080 0.1348 0.5736
vn -0.6975 0.1164 0.7071
vn -0.5658 0.0944 0.8191
vn -0.4169 0.0696 0.9063
vn -0.2553 0.0426 0.9659
vn -0.0860 0.0143 0.9962
vn -0.9762 0.1986 0.0871
vn -0.9783 0.1871 0.0889
vn -0.9488 0.1815 0.2587
vn -0.9487 0.1814 0.2588
vn -0.8902 0.1702 0.4226
vn -0.8902 0.1703 0.4226
vn -0.8046 0.1539 0.5736
vn -0.8046 0.1539 0.5735
vn -0.6945 0.1328 0.7071
vn -0.5634 0.1078 0.8191
vn -0.5634 0.1077 0.8191
vn -0.4151 0.0794 0.9063
vn -0.2542 0.0486 0.9659
vn -0.0856 0.0164 0.9962
vn -0.0852 0.0184 0.9962
vn -0.2530 0.0546 0.9659
vn -0.4132 0.0892 0.9063
vn -0.4131 0.0892 0.9063
vn -0.5607 0.1210 0.8191
vn -0.6912 0.1492 0.7071
vn -0.8007 0.1728 0.5735
vn -0.8859 0.1912 0.4226
vn -0.9442 0.2038 0.2589
vn -0.9442 0.2038 0.2588
vn -0.9738 0.2102 0.0871
vn -0.9738 0.2102 0.0872
vn -0.0847 0.0204 0.9962
vn -0.2517 0.0606 0.9659
vn -0.2516 0.0606 0.9659
vn -0.4109 0.0989 0.9063
vn -0.4110 0.0989 0.9063
vn -0.5577 0.1342 0.8191
vn -0.5576 0.1342 0.8192
vn -0.6875 0.1655 0.7071
vn -0.7964 0.1917 0.5736
vn -0.7964 0.1917 0.5735
vn -0.8811 0.2121 0.4227
vn -0.8812 0.2121 0.4225
vn -0.9391 0.2260 0.2589
vn -0.9391 0.2260 0.2588
vn -0.9646 0.2322 0.1248
vn -0.9674 0.2378 0.0871
vn -0.9602 0.2652 0.0872
vn -0.9605 0.2553 0.1102
vn -0.9335 0.2482 0.2589
vn -0.9335 0.2482 0.2588
vn -0.8759 0.2328 0.4226
vn -0.7917 0.2105 0.5735
vn -0.7917 0.2105 0.5736
vn -0.6834 0.1817 0.7070
vn -0.6834 0.1817 0.7071
vn -0.5544 0.1474 0.8191
vn -0.5543 0.1474 0.8192
vn -0.4085 0.1086 0.9063
vn -0.2502 0.0665 0.9659
vn -0.2501 0.0665 0.9659
vn -0.0842 0.0224 0.9962
vn -0.0837 0.0244 0.9962
vn -0.2485 0.0724 0.9659
vn -0.4058 0.1182 0.9063
vn -0.5507 0.1604 0.8192
vn -0.5507 0.1604 0.8191
vn -0.6789 0.1978 0.7070
vn -0.6789 0.1978 0.7071
vn -0.7865 0.2291 0.5735
vn -0.7865 0.2291 0.5736
vn -0.8701 0.2535 0.4226
vn -0.8702 0.2535 0.4225
vn -0.9274 0.2701 0.2589
vn -0.9564 0.2786 0.0871
vn -0.0831 0.0263 0.9962
vn -0.2467 0.0782 0.9659
vn -0.4028 0.1277 0.9063
vn -0.4029 0.1278 0.9063
vn -0.5468 0.1734 0.8191
vn -0.6741 0.2138 0.7070
vn -0.6740 0.2137 0.7071
vn -0.7809 0.2476 0.5735
vn -0.7808 0.2476 0.5736
vn -0.8639 0.2739 0.4227
vn -0.8639 0.2740 0.4225
vn -0.9207 0.2920 0.2589
vn -0.9207 0.2920 0.2588
vn -0.9469 0.3003 0.1151
vn -0.9488 0.3037 0.0871
vn -0.9397 0.3307 0.0873
vn -0.9387 0.3222 0.1227
vn -0.9136 0.3136 0.2588
vn -0.8572 0.2943 0.4227
vn -0.8572 0.2943 0.4226
vn -0.7748 0.2660 0.5736
vn -0.6688 0.2296 0.7071
vn -0.5425 0.1863 0.8191
vn -0.5425 0.1862 0.8191
vn -0.3998 0.1372 0.9063
vn -0.3997 0.1372 0.9063
vn -0.2448 0.0840 0.9659
vn -0.0824 0.0283 0.9962
vn -0.0818 0.0302 0.9962
vn -0.2427 0.0898 0.9659
vn -0.2428 0.0898 0.9659
vn -0.3964 0.1466 0.9063
vn -0.5380 0.1990 0.8191
vn -0.6632 0.2453 0.7071
vn -0.7683 0.2842 0.5735
vn -0.7683 0.2842 0.5736
vn -0.8500 0.3145 0.4226
vn -0.8500 0.3144 0.4226
vn -0.9059 0.3351 0.2589
vn -0.9059 0.3351 0.2588
vn -0.9343 0.3456 0.0872
vn -0.9343 0.3456 0.0871
vn -0.9259 0.3676 0.0873
vn -0.9248 0.3680 0.0970
vn -0.9299 0.3574 0.0871
vn -0.0802 0.0341 0.9962
vn -0.2382 0.1012 0.9659
vn -0.3891 0.1652 0.9063
vn -0.3890 0.1652 0.9063
vn -0.5280 0.2242 0.8191
vn -0.6509 0.2764 0.7070
vn -0.6509 0.2764 0.7071
vn -0.7540 0.3202 0.5735
vn -0.7540 0.3202 0.5736
vn -0.8342 0.3542 0.4226
vn -0.8891 0.3775 0.2589
vn -0.8891 0.3775 0.2587
vn -0.9131 0.3877 0.1261
vn -0.9147 0.3945 0.0871
vn -0.9031 0.4205 0.0871
vn -0.9062 0.4103 0.1020
vn -0.8799 0.3984 0.2589
vn -0.8799 0.3984 0.2587
vn -0.8257 0.3739 0.4225
vn -0.8256 0.3738 0.4226
vn -0.7462 0.3379 0.5736
vn -0.7463 0.3379 0.5735
vn -0.6442 0.2917 0.7071
vn -0.6441 0.2917 0.7071
vn -0.5225 0.2366 0.8191
vn -0.5226 0.2366 0.8191
vn -0.3850 0.1743 0.9063
vn -0.2358 0.1068 0.9659
vn -0.0794 0.0360 0.9962
vn -0.0785 0.0378 0.9962
vn -0.2332 0.1123 0.9659
vn -0.3808 0.1834 0.9063
vn -0.5168 0.2489 0.8191
vn -0.6371 0.3068 0.7071
vn -0.7380 0.3554 0.5736
vn -0.7381 0.3554 0.5735
vn -0.8166 0.3932 0.4226
vn -0.8166 0.3932 0.4225
vn -0.8703 0.4191 0.2589
vn -0.8703 0.4191 0.2588
vn -0.8975 0.4322 0.0872
vn -0.8975 0.4322 0.0871
vn -0.0776 0.0397 0.9962
vn -0.2305 0.1178 0.9659
vn -0.3763 0.1923 0.9063
vn -0.3764 0.1923 0.9063
vn -0.5108 0.2610 0.8191
vn -0.5107 0.2610 0.8192
vn -0.6297 0.3218 0.7070
vn -0.6297 0.3218 0.7071
vn -0.7295 0.3728 0.5735
vn -0.7294 0.3728 0.5735
vn -0.8071 0.4124 0.4226
vn -0.8070 0.4124 0.4226
vn -0.8601 0.4395 0.2588
vn -0.8840 0.4517 0.1204
vn -0.8854 0.4565 0.0872
vn -0.8720 0.4816 0.0871
vn -0.8733 0.4726 0.1183
vn -0.8495 0.4597 0.2589
vn -0.8495 0.4597 0.2588
vn -0.7971 0.4314 0.4226
vn -0.7971 0.4314 0.4225
vn -0.7204 0.3899 0.5736
vn -0.6219 0.3365 0.7071
vn -0.6219 0.3366 0.7071
vn -0.5045 0.2730 0.8191
vn -0.3717 0.2012 0.9063
vn -0.2276 0.1232 0.9659
vn -0.0767 0.0415 0.9962
vn -0.0766 0.0415 0.9962
vn -0.0757 0.0433 0.9962
vn -0.2247 0.1285 0.9659
vn -0.3668 0.2099 0.9063
vn -0.4979 0.2849 0.8191
vn -0.4979 0.2848 0.8191
vn -0.6138 0.3512 0.7070
vn -0.6137 0.3511 0.7071
vn -0.7111 0.4068 0.5735
vn -0.7110 0.4068 0.5736
vn -0.7867 0.4501 0.4226
vn -0.8384 0.4797 0.2588
vn -0.8647 0.4947 0.0871
vn -0.8647 0.4947 0.0872
vn -0.8528 0.5150 0.0871
vn -0.8501 0.5153 0.1089
vn -0.8580 0.5063 0.0871
vn -0.8368 0.5405 0.0872
vn -0.8369 0.5328 0.1257
vn -0.8148 0.5187 0.2587
vn -0.8148 0.5187 0.2588
vn -0.7645 0.4867 0.4227
vn -0.7646 0.4867 0.4225
vn -0.6910 0.4399 0.5736
vn -0.6910 0.4399 0.5735
vn -0.5965 0.3798 0.7071
vn -0.4839 0.3080 0.8191
vn -0.3565 0.2270 0.9063
vn -0.2184 0.1390 0.9659
vn -0.2183 0.1390 0.9659
vn -0.0735 0.0468 0.9962
vn -0.8211 0.5641 0.0871
vn -0.8271 0.5544 0.0921
vn -0.8024 0.5378 0.2587
vn -0.8023 0.5378 0.2588
vn -0.7529 0.5047 0.4225
vn -0.7528 0.5046 0.4227
vn -0.6805 0.4561 0.5735
vn -0.6804 0.4561 0.5736
vn -0.5874 0.3937 0.7071
vn -0.5874 0.3938 0.7070
vn -0.4765 0.3194 0.8191
vn -0.3511 0.2353 0.9063
vn -0.2150 0.1441 0.9659
vn -0.0724 0.0485 0.9962
vn -0.0712 0.0502 0.9962
vn -0.2116 0.1492 0.9659
vn -0.2115 0.1491 0.9659
vn -0.3454 0.2436 0.9063
vn -0.4688 0.3305 0.8192
vn -0.4688 0.3306 0.8191
vn -0.5779 0.4075 0.7071
vn -0.6695 0.4720 0.5736
vn -0.6695 0.4721 0.5735
vn -0.7407 0.5223 0.4226
vn -0.7894 0.5566 0.2588
vn -0.8142 0.5741 0.0871
vn -0.8141 0.5741 0.0872
vn -0.0700 0.0519 0.9962
vn -0.2080 0.1541 0.9659
vn -0.3396 0.2516 0.9063
vn -0.3396 0.2517 0.9063
vn -0.4608 0.3415 0.8191
vn -0.5681 0.4210 0.7071
vn -0.6582 0.4877 0.5735
vn -0.6581 0.4877 0.5736
vn -0.7282 0.5396 0.4226
vn -0.7761 0.5751 0.2588
vn -0.7760 0.5751 0.2589
vn -0.7972 0.5908 0.1240
vn -0.7977 0.5968 0.0871
vn -0.7803 0.6193 0.0872
vn -0.7841 0.6103 0.1124
vn -0.7623 0.5933 0.2587
vn -0.7622 0.5933 0.2589
vn -0.7152 0.5567 0.4226
vn -0.6464 0.5031 0.5736
vn -0.6465 0.5032 0.5735
vn -0.5580 0.4343 0.7071
vn -0.5581 0.4344 0.7070
vn -0.4526 0.3523 0.8191
vn -0.4526 0.3523 0.8192
vn -0.3336 0.2596 0.9063
vn -0.3335 0.2596 0.9063
vn -0.2043 0.1590 0.9659
vn -0.0688 0.0535 0.9962
vn -0.0675 0.0551 0.9962
vn -0.0675 0.0552 0.9962
vn -0.2004 0.1638 0.9659
vn -0.2004 0.1637 0.9659
vn -0.3273 0.2674 0.9063
vn -0.4442 0.3629 0.8192
vn -0.4442 0.3629 0.8191
vn -0.5476 0.4474 0.7071
vn -0.6344 0.5183 0.5735
vn -0.6344 0.5183 0.5736
vn -0.7019 0.5734 0.4226
vn -0.7480 0.6111 0.2588
vn -0.7715 0.6303 0.0871
vn -0.7715 0.6303 0.0872
vn -0.7564 0.6483 0.0871
vn -0.7521 0.6480 0.1204
vn -0.7624 0.6413 0.0871
vn -0.7359 0.6715 0.0871
vn -0.7380 0.6634 0.1236
vn -0.7183 0.6458 0.2588
vn -0.7184 0.6458 0.2587
vn -0.6740 0.6059 0.4227
vn -0.6740 0.6059 0.4226
vn -0.6092 0.5476 0.5736
vn -0.6092 0.5477 0.5736
vn -0.5259 0.4727 0.7071
vn -0.4266 0.3835 0.8191
vn -0.3143 0.2826 0.9063
vn -0.1925 0.1730 0.9659
vn -0.0648 0.0583 0.9962
vn -0.0634 0.0598 0.9962
vn -0.1883 0.1775 0.9659
vn -0.1884 0.1775 0.9659
vn -0.3075 0.2899 0.9063
vn -0.4174 0.3934 0.8191
vn -0.4174 0.3935 0.8191
vn -0.5146 0.4850 0.7071
vn -0.5961 0.5619 0.5736
vn -0.5961 0.5619 0.5735
vn -0.6595 0.6217 0.4226
vn -0.7029 0.6626 0.2588
vn -0.7249 0.6833 0.0872
vn -0.7082 0.7006 0.0871
vn -0.7082 0.6998 0.0936
vn -0.6870 0.6790 0.2588
vn -0.6446 0.6370 0.4227
vn -0.6446 0.6371 0.4226
vn -0.5826 0.5758 0.5736
vn -0.5827 0.5758 0.5735
vn -0.5030 0.4971 0.7071
vn -0.5029 0.4970 0.7071
vn -0.4080 0.4032 0.8191
vn -0.3006 0.2971 0.9063
vn -0.1841 0.1819 0.9659
vn -0.1841 0.1820 0.9659
vn -0.0620 0.0613 0.9962
vn -0.0605 0.0627 0.9962
vn -0.1797 0.1862 0.9659
vn -0.1798 0.1862 0.9659
vn -0.2935 0.3041 0.9063
vn -0.3983 0.4127 0.8192
vn -0.3984 0.4127 0.8191
vn -0.4911 0.5088 0.7071
vn -0.5689 0.5894 0.5736
vn -0.5689 0.5894 0.5735
vn -0.6294 0.6521 0.4226
vn -0.6708 0.6950 0.2588
vn -0.6890 0.7138 0.1259
vn -0.6879 0.7205 0.0871
vn -0.6671 0.7398 0.0872
vn -0.6736 0.7317 0.1045
vn -0.6542 0.7107 0.2588
vn -0.6542 0.7106 0.2589
vn -0.6139 0.6668 0.4225
vn -0.6138 0.6668 0.4226
vn -0.5548 0.6027 0.5736
vn -0.5548 0.6027 0.5735
vn -0.4789 0.5203 0.7071
vn -0.3885 0.4220 0.8192
vn -0.3885 0.4220 0.8191
vn -0.2862 0.3109 0.9063
vn -0.2863 0.3109 0.9063
vn -0.1753 0.1904 0.9659
vn -0.0590 0.0641 0.9962
vn -0.0575 0.0655 0.9962
vn -0.1708 0.1945 0.9659
vn -0.2788 0.3176 0.9063
vn -0.3784 0.4311 0.8191
vn -0.4665 0.5314 0.7071
vn -0.5404 0.6156 0.5736
vn -0.5979 0.6811 0.4226
vn -0.6372 0.7259 0.2588
vn -0.6572 0.7487 0.0871
vn -0.0559 0.0668 0.9962
vn -0.1661 0.1985 0.9659
vn -0.2713 0.3241 0.9063
vn -0.2712 0.3241 0.9063
vn -0.3681 0.4399 0.8191
vn -0.4538 0.5423 0.7071
vn -0.5257 0.6282 0.5736
vn -0.5257 0.6282 0.5735
vn -0.5817 0.6951 0.4226
vn -0.5817 0.6951 0.4225
vn -0.6199 0.7407 0.2589
vn -0.6199 0.7408 0.2588
vn -0.6372 0.7614 0.1191
vn -0.6367 0.7661 0.0872
vn -0.6146 0.7840 0.0871
vn -0.6190 0.7762 0.1198
vn -0.6022 0.7552 0.2589
vn -0.6022 0.7552 0.2588
vn -0.5651 0.7086 0.4226
vn -0.5107 0.6405 0.5736
vn -0.5107 0.6404 0.5736
vn -0.4409 0.5528 0.7071
vn -0.4409 0.5529 0.7071
vn -0.3576 0.4485 0.8191
vn -0.2635 0.3304 0.9063
vn -0.2635 0.3305 0.9063
vn -0.1614 0.2023 0.9659
vn -0.1614 0.2024 0.9659
vn -0.0543 0.0681 0.9962
vn -0.0527 0.0694 0.9962
vn -0.1565 0.2061 0.9659
vn -0.1566 0.2061 0.9659
vn -0.2556 0.3366 0.9063
vn -0.3469 0.4568 0.8191
vn -0.4277 0.5631 0.7071
vn -0.4955 0.6523 0.5736
vn -0.5482 0.7218 0.4226
vn -0.5482 0.7217 0.4226
vn -0.5842 0.7692 0.2588
vn -0.6026 0.7933 0.0872
vn -0.6025 0.7933 0.0871
vn -0.5836 0.8073 0.0872
vn -0.5815 0.8067 0.1054
vn -0.5920 0.8012 0.0872
vn -0.5592 0.8244 0.0872
vn -0.5621 0.8174 0.1260
vn -0.5473 0.7959 0.2588
vn -0.5135 0.7468 0.4226
vn -0.4641 0.6750 0.5735
vn -0.4641 0.6750 0.5736
vn -0.4006 0.5827 0.7071
vn -0.3250 0.4726 0.8191
vn -0.3250 0.4727 0.8191
vn -0.2395 0.3483 0.9063
vn -0.1467 0.2133 0.9659
vn -0.1466 0.2133 0.9659
vn -0.0494 0.0718 0.9962
vn -0.5355 0.8400 0.0872
vn -0.5445 0.8334 0.0951
vn -0.5283 0.8086 0.2588
vn -0.4957 0.7587 0.4226
vn -0.4480 0.6858 0.5735
vn -0.3868 0.5920 0.7071
vn -0.3137 0.4802 0.8191
vn -0.2312 0.3538 0.9063
vn -0.1416 0.2167 0.9659
vn -0.0477 0.0730 0.9962
vn -0.0459 0.0741 0.9962
vn -0.1364 0.2200 0.9659
vn -0.1364 0.2199 0.9659
vn -0.2227 0.3592 0.9063
vn -0.3023 0.4875 0.8191
vn -0.3727 0.6010 0.7071
vn -0.4317 0.6962 0.5736
vn -0.4317 0.6962 0.5735
vn -0.4777 0.7703 0.4226
vn -0.4777 0.7702 0.4226
vn -0.5091 0.8209 0.2588
vn -0.5250 0.8466 0.0872
vn -0.5250 0.8466 0.0871
vn -0.0442 0.0751 0.9962
vn -0.1312 0.2232 0.9659
vn -0.1312 0.2231 0.9659
vn -0.2142 0.3643 0.9063
vn -0.2907 0.4945 0.8191
vn -0.3584 0.6096 0.7071
vn -0.4152 0.7062 0.5735
vn -0.4152 0.7062 0.5736
vn -0.4593 0.7813 0.4226
vn -0.4895 0.8327 0.2588
vn -0.5030 0.8555 0.1232
vn -0.5012 0.8609 0.0871
vn -0.4764 0.8749 0.0872
vn -0.4831 0.8681 0.1143
vn -0.4697 0.8440 0.2588
vn -0.4407 0.7919 0.4226
vn -0.3984 0.7158 0.5735
vn -0.3984 0.7158 0.5736
vn -0.3439 0.6179 0.7071
vn -0.2789 0.5012 0.8191
vn -0.2055 0.3693 0.9063
vn -0.1259 0.2262 0.9659
vn -0.0424 0.0761 0.9962
vn -0.0424 0.0762 0.9962
vn -0.0406 0.0771 0.9962
vn -0.1205 0.2291 0.9659
vn -0.1968 0.3741 0.9063
vn -0.1967 0.3740 0.9063
vn -0.2670 0.5077 0.8191
vn -0.3292 0.6259 0.7071
vn -0.3292 0.6258 0.7071
vn -0.3813 0.7250 0.5736
vn -0.3814 0.7250 0.5735
vn -0.4219 0.8021 0.4226
vn -0.4497 0.8549 0.2588
vn -0.4638 0.8817 0.0872
vn -0.4638 0.8817 0.0871
vn -0.4428 0.8924 0.0872
vn -0.4394 0.8906 0.1170
vn -0.4513 0.8881 0.0872
vn -0.4151 0.9056 0.0871
vn -0.4199 0.8990 0.1244
vn -0.4088 0.8752 0.2588
vn -0.3836 0.8211 0.4226
vn -0.3836 0.8212 0.4226
vn -0.3467 0.7422 0.5735
vn -0.2993 0.6407 0.7071
vn -0.2427 0.5197 0.8191
vn -0.2428 0.5197 0.8191
vn -0.1789 0.3829 0.9063
vn -0.1095 0.2345 0.9659
vn -0.0369 0.0790 0.9962
vn -0.0350 0.0798 0.9962
vn -0.1040 0.2370 0.9659
vn -0.1698 0.3871 0.9063
vn -0.1698 0.3870 0.9063
vn -0.2304 0.5253 0.8191
vn -0.2840 0.6476 0.7071
vn -0.2841 0.6476 0.7071
vn -0.3291 0.7502 0.5736
vn -0.3641 0.8300 0.4226
vn -0.3880 0.8846 0.2588
vn -0.4002 0.9123 0.0871
vn -0.4002 0.9123 0.0872
vn -0.3783 0.9216 0.0872
vn -0.3784 0.9212 0.0904
vn -0.3670 0.8935 0.2588
vn -0.3444 0.8383 0.4226
vn -0.3444 0.8384 0.4226
vn -0.3112 0.7577 0.5735
vn -0.3113 0.7577 0.5736
vn -0.2687 0.6541 0.7071
vn -0.2179 0.5306 0.8191
vn -0.1606 0.3909 0.9063
vn -0.1606 0.3910 0.9063
vn -0.0983 0.2394 0.9659
vn -0.0331 0.0806 0.9962
vn -0.0312 0.0814 0.9962
vn -0.0927 0.2417 0.9659
vn -0.1513 0.3946 0.9063
vn -0.2054 0.5356 0.8191
vn -0.2053 0.5356 0.8191
vn -0.2531 0.6603 0.7071
vn -0.2532 0.6603 0.7071
vn -0.2933 0.7649 0.5735
vn -0.3245 0.8462 0.4226
vn -0.3458 0.9019 0.2588
vn -0.3552 0.9263 0.1255
vn -0.3518 0.9320 0.0872
vn -0.3251 0.9417 0.0871
vn -0.3339 0.9365 0.1070
vn -0.3244 0.9098 0.2588
vn -0.3044 0.8537 0.4226
vn -0.2751 0.7716 0.5736
vn -0.2751 0.7716 0.5735
vn -0.2375 0.6661 0.7071
vn -0.1926 0.5403 0.8191
vn -0.1419 0.3981 0.9063
vn -0.0869 0.2438 0.9659
vn -0.0293 0.0821 0.9962
vn -0.0273 0.0828 0.9962
vn -0.0811 0.2458 0.9659
vn -0.1325 0.4013 0.9063
vn -0.1798 0.5447 0.8191
vn -0.2217 0.6715 0.7071
vn -0.2568 0.7779 0.5736
vn -0.2841 0.8606 0.4226
vn -0.3028 0.9172 0.2588
vn -0.3123 0.9460 0.0871
vn -0.0254 0.0834 0.9962
vn -0.0753 0.2476 0.9659
vn -0.1230 0.4043 0.9063
vn -0.1230 0.4044 0.9063
vn -0.1669 0.5488 0.8191
vn -0.2058 0.6765 0.7071
vn -0.2384 0.7837 0.5736
vn -0.2384 0.7837 0.5735
vn -0.2637 0.8671 0.4226
vn -0.2811 0.9241 0.2588
vn -0.2890 0.9501 0.1176
vn -0.2869 0.9540 0.0872
vn -0.2596 0.9618 0.0871
vn -0.2663 0.9562 0.1210
vn -0.2592 0.9305 0.2588
vn -0.2432 0.8731 0.4226
vn -0.2198 0.7891 0.5736
vn -0.2198 0.7892 0.5735
vn -0.1897 0.6812 0.7071
vn -0.1539 0.5526 0.8191
vn -0.1134 0.4071 0.9063
vn -0.1134 0.4072 0.9063
vn -0.0694 0.2493 0.9659
vn -0.0234 0.0840 0.9962
vn -0.0214 0.0845 0.9962
vn -0.0635 0.2509 0.9659
vn -0.1038 0.4097 0.9063
vn -0.1408 0.5561 0.8191
vn -0.1736 0.6855 0.7071
vn -0.2011 0.7941 0.5736
vn -0.2225 0.8786 0.4226
vn -0.2371 0.9364 0.2588
vn -0.2445 0.9657 0.0871
vn -0.2446 0.9657 0.0871
vn -0.2217 0.9712 0.0871
vn -0.2203 0.9701 0.1021
vn -0.2320 0.9688 0.0871
vn -0.1928 0.9774 0.0872
vn -0.1978 0.9721 0.1261
vn -0.1926 0.9465 0.2588
vn -0.1808 0.8881 0.4226
vn -0.1807 0.8881 0.4226
vn -0.1634 0.8027 0.5735
vn -0.1410 0.6929 0.7071
vn -0.1144 0.5621 0.8191
vn -0.0843 0.4142 0.9063
vn -0.0843 0.4141 0.9063
vn -0.0516 0.2536 0.9659
vn -0.0516 0.2537 0.9659
vn -0.0174 0.0854 0.9962
vn -0.1648 0.9825 0.0871
vn -0.1754 0.9796 0.0980
vn -0.1702 0.9508 0.2588
vn -0.1597 0.8921 0.4226
vn -0.1444 0.8063 0.5736
vn -0.1444 0.8064 0.5735
vn -0.1246 0.6961 0.7071
vn -0.1011 0.5646 0.8191
vn -0.0745 0.4160 0.9063
vn -0.0456 0.2548 0.9659
vn -0.0154 0.0858 0.9962
vn -0.0133 0.0861 0.9962
vn -0.0396 0.2558 0.9659
vn -0.0646 0.4177 0.9063
vn -0.0877 0.5669 0.8191
vn -0.1081 0.6988 0.7071
vn -0.1253 0.8095 0.5735
vn -0.1386 0.8957 0.4226
vn -0.1386 0.8956 0.4226
vn -0.1477 0.9546 0.2588
vn -0.1524 0.9845 0.0871
vn -0.1523 0.9845 0.0872
vn -0.0113 0.0864 0.9962
vn -0.0335 0.2567 0.9659
vn -0.0335 0.2566 0.9659
vn -0.0548 0.4191 0.9063
vn -0.0743 0.5688 0.8191
vn -0.0916 0.7012 0.7071
vn -0.1061 0.8123 0.5735
vn -0.1061 0.8123 0.5736
vn -0.1174 0.8987 0.4226
vn -0.1251 0.9578 0.2588
vn -0.1286 0.9841 0.1222
vn -0.1251 0.9883 0.0871
vn -0.0968 0.9915 0.0872
vn -0.1054 0.9876 0.1160
vn -0.1025 0.9605 0.2588
vn -0.0962 0.9012 0.4226
vn -0.0869 0.8146 0.5735
vn -0.0869 0.8145 0.5736
vn -0.0750 0.7031 0.7071
vn -0.0750 0.7032 0.7071
vn -0.0609 0.5704 0.8191
vn -0.0448 0.4203 0.9063
vn -0.0275 0.2574 0.9659
vn -0.0092 0.0867 0.9962
vn -0.0072 0.0869 0.9962
vn -0.0214 0.2580 0.9659
vn -0.0214 0.2579 0.9659
vn -0.0349 0.4212 0.9063
vn -0.0474 0.5716 0.8192
vn -0.0474 0.5716 0.8191
vn -0.0584 0.7047 0.7071
vn -0.0676 0.8164 0.5735
vn -0.0676 0.8164 0.5736
vn -0.0748 0.9032 0.4226
vn -0.0798 0.9626 0.2588
vn -0.0823 0.9928 0.0872
vn -0.0823 0.9928 0.0871
vn -0.0588 0.9945 0.0872
vn -0.0566 0.9919 0.1137
vn -0.0685 0.9938 0.0872
vn -0.0284 0.9958 0.0871
vn -0.0351 0.9915 0.1250
vn -0.0342 0.9653 0.2588
vn -0.0321 0.9058 0.4226
vn -0.0290 0.8186 0.5736
vn -0.0250 0.7067 0.7071
vn -0.0251 0.7067 0.7071
vn -0.0203 0.5733 0.8191
vn -0.0203 0.5732 0.8191
vn -0.0150 0.4224 0.9063
vn -0.0092 0.2587 0.9659
vn -0.0031 0.0871 0.9962
vn -0.0010 0.0871 0.9962
vn -0.0010 0.0872 0.9962
vn -0.0031 0.2588 0.9659
vn -0.0050 0.4226 0.9063
vn -0.0068 0.5736 0.8191
vn -0.0084 0.7071 0.7071
vn -0.0097 0.8191 0.5736
vn -0.0097 0.8191 0.5735
vn -0.0107 0.9063 0.4226
vn -0.0114 0.9659 0.2588
vn -0.0118 0.9961 0.0871
vn 0.0402 -0.9954 0.0872
vn 0.1086 -0.9903 0.0871
vn 0.1367 -0.9868 0.0872
vn 0.1764 -0.9805 0.0872
vn 0.2043 -0.9750 0.0871
vn 0.2709 -0.9587 0.0872
vn 0.2981 -0.9505 0.0871
vn 0.3362 -0.9377 0.0871
vn 0.3628 -0.9278 0.0872
vn 0.3886 -0.9173 0.0872
vn 0.4258 -0.9006 0.0872
vn 0.4867 -0.8692 0.0871
vn 0.5113 -0.8550 0.0871
vn 0.5454 -0.8336 0.0871
vn 0.5689 -0.8177 0.0872
vn 0.6238 -0.7767 0.0872
vn 0.6458 -0.7586 0.0871
vn 0.6758 -0.7319 0.0871
vn 0.6964 -0.7123 0.0871
vn 0.7164 -0.6922 0.0872
vn 0.7438 -0.6627 0.0872
vn 0.7876 -0.6100 0.0872
vn 0.8047 -0.5873 0.0872
vn 0.8277 -0.5544 0.0871
vn 0.8432 -0.5305 0.0872
vn 0.8777 -0.4713 0.0872
vn 0.8908 -0.4461 0.0871
vn 0.9080 -0.4098 0.0872
vn 0.9193 -0.3837 0.0871
vn 0.9436 -0.3196 0.0871
vn 0.9523 -0.2925 0.0871
vn 0.9633 -0.2539 0.0872
vn 0.9701 -0.2263 0.0871
vn 0.9785 -0.1870 0.0871
vn 0.9834 -0.1590 0.0871
vn 0.9920 -0.0910 0.0872
vn 0.9942 -0.0627 0.0873
vn 0.9959 -0.0225 0.0872
vn 0.9962 0.0059 0.0871
vn 0.9934 0.0744 0.0872
vn 0.9909 0.1027 0.0872
vn 0.9859 0.1426 0.0872
vn 0.9815 0.1706 0.0871
vn 0.9762 0.1986 0.0871
vn 0.9674 0.2378 0.0871
vn 0.9488 0.3037 0.0871
vn 0.9397 0.3307 0.0872
vn 0.9256 0.3683 0.0871
vn 0.9147 0.3945 0.0871
vn 0.8854 0.4565 0.0872
vn 0.8720 0.4816 0.0871
vn 0.8519 0.5164 0.0873
vn 0.8368 0.5405 0.0872
vn 0.8211 0.5641 0.0871
vn 0.7977 0.5968 0.0871
vn 0.7547 0.6502 0.0872
vn 0.7359 0.6715 0.0871
vn 0.7082 0.7006 0.0871
vn 0.6879 0.7205 0.0871
vn 0.6367 0.7661 0.0872
vn 0.6146 0.7840 0.0871
vn 0.5825 0.8081 0.0871
vn 0.5592 0.8244 0.0872
vn 0.5012 0.8609 0.0871
vn 0.4408 0.8934 0.0871
vn 0.4151 0.9056 0.0871
vn 0.3783 0.9216 0.0872
vn 0.3518 0.9320 0.0872
vn 0.2869 0.9540 0.0872
vn 0.2596 0.9618 0.0871
vn 0.2206 0.9715 0.0871
vn 0.1928 0.9774 0.0872
vn 0.1251 0.9883 0.0871
vn 0.0968 0.9915 0.0872
vn 0.0568 0.9946 0.0872
vn 0.0284 0.9958 0.0871
vn 0.0154 0.0858 0.9962
vn 0.0456 0.2548 0.9659
vn 0.0745 0.4160 0.9063
vn 0.1011 0.5646 0.8191
vn 0.1246 0.6961 0.7071
vn 0.1444 0.8063 0.5735
vn 0.1444 0.8064 0.5735
vn 0.1597 0.8921 0.4226
vn 0.1702 0.9508 0.2588
vn 0.0293 0.0821 0.9962
vn 0.0869 0.2438 0.9659
vn 0.1419 0.3981 0.9063
vn 0.1926 0.5403 0.8191
vn 0.2375 0.6661 0.7071
vn 0.2751 0.7716 0.5736
vn 0.2751 0.7716 0.5735
vn 0.3044 0.8537 0.4226
vn 0.3244 0.9098 0.2588
vn 0.0424 0.0762 0.9962
vn 0.1259 0.2262 0.9659
vn 0.2055 0.3693 0.9063
vn 0.2789 0.5012 0.8191
vn 0.3439 0.6179 0.7071
vn 0.3984 0.7158 0.5735
vn 0.3984 0.7158 0.5736
vn 0.4407 0.7919 0.4226
vn 0.4697 0.8440 0.2588
vn 0.0477 0.0730 0.9962
vn 0.1416 0.2167 0.9659
vn 0.2312 0.3538 0.9063
vn 0.3137 0.4802 0.8191
vn 0.3868 0.5920 0.7071
vn 0.4480 0.6858 0.5736
vn 0.4480 0.6858 0.5735
vn 0.4957 0.7588 0.4226
vn 0.4957 0.7587 0.4226
vn 0.5283 0.8086 0.2588
vn 0.0590 0.0641 0.9962
vn 0.1753 0.1904 0.9659
vn 0.2862 0.3109 0.9063
vn 0.2863 0.3110 0.9063
vn 0.3885 0.4220 0.8191
vn 0.4789 0.5203 0.7070
vn 0.4789 0.5202 0.7071
vn 0.5548 0.6027 0.5735
vn 0.5548 0.6027 0.5736
vn 0.6138 0.6668 0.4226
vn 0.6139 0.6668 0.4225
vn 0.6542 0.7107 0.2588
vn 0.6542 0.7106 0.2589
vn 0.0688 0.0535 0.9962
vn 0.2042 0.1590 0.9659
vn 0.2043 0.1590 0.9659
vn 0.3335 0.2596 0.9063
vn 0.4527 0.3523 0.8191
vn 0.4526 0.3523 0.8192
vn 0.5581 0.4344 0.7070
vn 0.5580 0.4343 0.7071
vn 0.6464 0.5032 0.5735
vn 0.6464 0.5031 0.5735
vn 0.7152 0.5567 0.4226
vn 0.7622 0.5933 0.2589
vn 0.7623 0.5933 0.2587
vn 0.0794 0.0360 0.9962
vn 0.0794 0.0359 0.9962
vn 0.2358 0.1068 0.9659
vn 0.3850 0.1744 0.9063
vn 0.3850 0.1743 0.9063
vn 0.5225 0.2366 0.8191
vn 0.5226 0.2366 0.8191
vn 0.6441 0.2917 0.7071
vn 0.6442 0.2917 0.7071
vn 0.7462 0.3379 0.5735
vn 0.7462 0.3379 0.5736
vn 0.8257 0.3739 0.4225
vn 0.8256 0.3738 0.4226
vn 0.8799 0.3984 0.2589
vn 0.8799 0.3984 0.2588
vn 0.0842 0.0224 0.9962
vn 0.2502 0.0665 0.9659
vn 0.2501 0.0665 0.9659
vn 0.4085 0.1086 0.9063
vn 0.5543 0.1474 0.8191
vn 0.6834 0.1817 0.7070
vn 0.6834 0.1817 0.7071
vn 0.7917 0.2105 0.5736
vn 0.7917 0.2105 0.5735
vn 0.8759 0.2329 0.4226
vn 0.8759 0.2328 0.4226
vn 0.9335 0.2482 0.2588
vn 0.9335 0.2482 0.2589
vn 0.0871 0.0021 0.9962
vn 0.2587 0.0061 0.9659
vn 0.2588 0.0061 0.9659
vn 0.4226 0.0100 0.9063
vn 0.4224 0.0100 0.9063
vn 0.5734 0.0135 0.8191
vn 0.5735 0.0135 0.8191
vn 0.7069 0.0167 0.7071
vn 0.8190 0.0193 0.5735
vn 0.8189 0.0193 0.5736
vn 0.9061 0.0214 0.4226
vn 0.9060 0.0214 0.4227
vn 0.9657 0.0228 0.2588
vn 0.9657 0.0228 0.2587
vn 0.0863 -0.0123 0.9962
vn 0.2562 -0.0366 0.9659
vn 0.4184 -0.0597 0.9063
vn 0.5679 -0.0810 0.8191
vn 0.7000 -0.0999 0.7071
vn 0.7001 -0.0999 0.7070
vn 0.8109 -0.1157 0.5736
vn 0.8110 -0.1157 0.5735
vn 0.8972 -0.1280 0.4226
vn 0.9563 -0.1364 0.2588
vn 0.9562 -0.1364 0.2588
vn 0.0810 -0.0322 0.9962
vn 0.2406 -0.0955 0.9659
vn 0.3928 -0.1560 0.9063
vn 0.5331 -0.2117 0.8191
vn 0.6572 -0.2609 0.7071
vn 0.6573 -0.2609 0.7071
vn 0.7613 -0.3023 0.5736
vn 0.7614 -0.3023 0.5735
vn 0.8424 -0.3344 0.4226
vn 0.8423 -0.3344 0.4226
vn 0.8978 -0.3564 0.2588
vn 0.0746 -0.0451 0.9962
vn 0.2216 -0.1338 0.9659
vn 0.3618 -0.2185 0.9063
vn 0.4910 -0.2965 0.8191
vn 0.6053 -0.3656 0.7070
vn 0.6053 -0.3655 0.7071
vn 0.7012 -0.4235 0.5736
vn 0.7012 -0.4235 0.5735
vn 0.7758 -0.4685 0.4226
vn 0.8268 -0.4993 0.2589
vn 0.8269 -0.4993 0.2587
vn 0.0662 -0.0567 0.9962
vn 0.1965 -0.1685 0.9659
vn 0.1965 -0.1684 0.9659
vn 0.3209 -0.2750 0.9063
vn 0.3209 -0.2751 0.9063
vn 0.4355 -0.3733 0.8192
vn 0.4355 -0.3733 0.8191
vn 0.5369 -0.4602 0.7070
vn 0.5369 -0.4602 0.7071
vn 0.6219 -0.5331 0.5736
vn 0.6220 -0.5331 0.5735
vn 0.6881 -0.5898 0.4227
vn 0.6881 -0.5898 0.4226
vn 0.7334 -0.6286 0.2588
vn 0.0511 -0.0706 0.9962
vn 0.1516 -0.2098 0.9659
vn 0.1516 -0.2097 0.9659
vn 0.2476 -0.3425 0.9063
vn 0.3360 -0.4648 0.8191
vn 0.3361 -0.4648 0.8191
vn 0.4143 -0.5731 0.7071
vn 0.4799 -0.6638 0.5736
vn 0.4799 -0.6639 0.5735
vn 0.5310 -0.7345 0.4226
vn 0.5659 -0.7828 0.2588
vn 0.0387 -0.0781 0.9962
vn 0.1150 -0.2319 0.9659
vn 0.1151 -0.2319 0.9659
vn 0.1879 -0.3786 0.9063
vn 0.2550 -0.5138 0.8191
vn 0.3143 -0.6334 0.7071
vn 0.3641 -0.7338 0.5735
vn 0.4029 -0.8119 0.4226
vn 0.4294 -0.8653 0.2588
vn 0.0194 -0.0850 0.9962
vn 0.0576 -0.2524 0.9659
vn 0.0576 -0.2523 0.9659
vn 0.0940 -0.4121 0.9063
vn 0.0940 -0.4120 0.9063
vn 0.1276 -0.5592 0.8191
vn 0.1573 -0.6894 0.7071
vn 0.1574 -0.6894 0.7071
vn 0.1823 -0.7986 0.5736
vn 0.1823 -0.7986 0.5735
vn 0.2017 -0.8836 0.4226
vn 0.2149 -0.9417 0.2588
vn 0.0051 -0.0870 0.9962
vn 0.0153 -0.2584 0.9659
vn 0.0249 -0.4219 0.9063
vn 0.0339 -0.5726 0.8191
vn 0.0417 -0.7059 0.7071
vn 0.0483 -0.8177 0.5736
vn 0.0535 -0.9047 0.4226
vn 0.0570 -0.9642 0.2588
vn 0.0570 -0.9643 0.2588
vn 0.0010 0.0871 0.9962
vn 0.0010 0.0872 0.9962
vn 0.0031 0.2588 0.9659
vn 0.0050 0.4226 0.9063
vn 0.0068 0.5736 0.8191
vn 0.0084 0.7071 0.7071
vn 0.0097 0.8191 0.5736
vn 0.0107 0.9063 0.4226
vn 0.0114 0.9659 0.2588
vn 0.0118 0.9961 0.0871
vn 0.0031 0.0871 0.9962
vn 0.0092 0.2587 0.9659
vn 0.0150 0.4224 0.9063
vn 0.0203 0.5732 0.8191
vn 0.0203 0.5733 0.8191
vn 0.0251 0.7067 0.7071
vn 0.0290 0.8186 0.5736
vn 0.0321 0.9058 0.4226
vn 0.0342 0.9653 0.2588
vn 0.0351 0.9915 0.1250
vn 0.0402 0.9954 0.0872
vn 0.0685 0.9938 0.0872
vn 0.0587 0.9923 0.1092
vn 0.0570 0.9642 0.2588
vn 0.0570 0.9643 0.2588
vn 0.0535 0.9047 0.4226
vn 0.0483 0.8177 0.5736
vn 0.0417 0.7059 0.7071
vn 0.0339 0.5726 0.8191
vn 0.0249 0.4219 0.9063
vn 0.0153 0.2584 0.9659
vn 0.0051 0.0870 0.9962
vn 0.0072 0.0869 0.9962
vn 0.0214 0.2580 0.9659
vn 0.0349 0.4212 0.9063
vn 0.0474 0.5716 0.8191
vn 0.0584 0.7047 0.7071
vn 0.0676 0.8164 0.5736
vn 0.0677 0.8164 0.5735
vn 0.0748 0.9032 0.4226
vn 0.0798 0.9626 0.2588
vn 0.0823 0.9928 0.0872
vn 0.0823 0.9928 0.0871
vn 0.0092 0.0867 0.9962
vn 0.0275 0.2574 0.9659
vn 0.0448 0.4203 0.9063
vn 0.0609 0.5703 0.8191
vn 0.0609 0.5704 0.8191
vn 0.0750 0.7032 0.7071
vn 0.0750 0.7031 0.7071
vn 0.0869 0.8146 0.5735
vn 0.0869 0.8145 0.5736
vn 0.0961 0.9012 0.4226
vn 0.0962 0.9012 0.4226
vn 0.1025 0.9605 0.2588
vn 0.1054 0.9876 0.1160
vn 0.1086 0.9903 0.0871
vn 0.1367 0.9868 0.0872
vn 0.1286 0.9841 0.1222
vn 0.1251 0.9578 0.2588
vn 0.1174 0.8987 0.4226
vn 0.1061 0.8123 0.5735
vn 0.1061 0.8123 0.5736
vn 0.0916 0.7012 0.7071
vn 0.0743 0.5688 0.8191
vn 0.0548 0.4191 0.9063
vn 0.0335 0.2566 0.9659
vn 0.0335 0.2567 0.9659
vn 0.0113 0.0864 0.9962
vn 0.0133 0.0861 0.9962
vn 0.0396 0.2558 0.9659
vn 0.0646 0.4177 0.9063
vn 0.0877 0.5668 0.8191
vn 0.0877 0.5669 0.8191
vn 0.1081 0.6988 0.7071
vn 0.1253 0.8095 0.5735
vn 0.1386 0.8956 0.4226
vn 0.1386 0.8957 0.4226
vn 0.1477 0.9546 0.2588
vn 0.1523 0.9845 0.0872
vn 0.1523 0.9845 0.0871
vn 0.1756 0.9806 0.0872
vn 0.1762 0.9794 0.0988
vn 0.1648 0.9825 0.0871
vn 0.0174 0.0854 0.9962
vn 0.0516 0.2536 0.9659
vn 0.0843 0.4142 0.9063
vn 0.0843 0.4141 0.9063
vn 0.1144 0.5621 0.8191
vn 0.1410 0.6929 0.7071
vn 0.1634 0.8027 0.5735
vn 0.1807 0.8881 0.4226
vn 0.1926 0.9465 0.2588
vn 0.1978 0.9721 0.1261
vn 0.2043 0.9750 0.0871
vn 0.2320 0.9688 0.0871
vn 0.2214 0.9700 0.1007
vn 0.2149 0.9417 0.2588
vn 0.2017 0.8836 0.4226
vn 0.1823 0.7986 0.5736
vn 0.1823 0.7986 0.5735
vn 0.1573 0.6894 0.7071
vn 0.1574 0.6894 0.7071
vn 0.1276 0.5593 0.8191
vn 0.1276 0.5592 0.8191
vn 0.0940 0.4120 0.9063
vn 0.0576 0.2523 0.9659
vn 0.0576 0.2524 0.9659
vn 0.0194 0.0850 0.9962
vn 0.0214 0.0845 0.9962
vn 0.0635 0.2509 0.9659
vn 0.1038 0.4097 0.9063
vn 0.1408 0.5560 0.8191
vn 0.1408 0.5561 0.8191
vn 0.1736 0.6855 0.7071
vn 0.2011 0.7941 0.5736
vn 0.2225 0.8786 0.4226
vn 0.2371 0.9364 0.2588
vn 0.2446 0.9657 0.0871
vn 0.2445 0.9657 0.0871
vn 0.0234 0.0840 0.9962
vn 0.0694 0.2493 0.9659
vn 0.1134 0.4072 0.9063
vn 0.1134 0.4071 0.9063
vn 0.1539 0.5526 0.8191
vn 0.1897 0.6812 0.7071
vn 0.2198 0.7891 0.5736
vn 0.2198 0.7891 0.5735
vn 0.2432 0.8731 0.4226
vn 0.2592 0.9305 0.2588
vn 0.2663 0.9562 0.1210
vn 0.2709 0.9587 0.0872
vn 0.2981 0.9505 0.0871
vn 0.2890 0.9501 0.1176
vn 0.2811 0.9241 0.2588
vn 0.2637 0.8671 0.4226
vn 0.2384 0.7837 0.5736
vn 0.2384 0.7837 0.5735
vn 0.2058 0.6765 0.7071
vn 0.1669 0.5488 0.8191
vn 0.1230 0.4043 0.9063
vn 0.0753 0.2476 0.9659
vn 0.0254 0.0834 0.9962
vn 0.0273 0.0828 0.9962
vn 0.0811 0.2458 0.9659
vn 0.1325 0.4013 0.9063
vn 0.1798 0.5447 0.8191
vn 0.2217 0.6715 0.7071
vn 0.2568 0.7779 0.5736
vn 0.2568 0.7779 0.5735
vn 0.2841 0.8606 0.4226
vn 0.3028 0.9172 0.2588
vn 0.3123 0.9460 0.0871
vn 0.3346 0.9383 0.0871
vn 0.3354 0.9356 0.1104
vn 0.3251 0.9417 0.0871
vn 0.3628 0.9278 0.0872
vn 0.3552 0.9263 0.1255
vn 0.3458 0.9019 0.2588
vn 0.3245 0.8462 0.4226
vn 0.2933 0.7649 0.5735
vn 0.2531 0.6603 0.7071
vn 0.2532 0.6603 0.7071
vn 0.2053 0.5356 0.8191
vn 0.2054 0.5356 0.8191
vn 0.1513 0.3946 0.9063
vn 0.0927 0.2417 0.9659
vn 0.0312 0.0814 0.9962
vn 0.3886 0.9173 0.0871
vn 0.3784 0.9212 0.0904
vn 0.3670 0.8935 0.2588
vn 0.3444 0.8383 0.4226
vn 0.3112 0.7577 0.5735
vn 0.3112 0.7577 0.5736
vn 0.2687 0.6541 0.7071
vn 0.2179 0.5306 0.8191
vn 0.1606 0.3909 0.9063
vn 0.1606 0.3910 0.9063
vn 0.0983 0.2394 0.9659
vn 0.0331 0.0806 0.9962
vn 0.0350 0.0798 0.9962
vn 0.1040 0.2370 0.9659
vn 0.1698 0.3871 0.9063
vn 0.1698 0.3870 0.9063
vn 0.2304 0.5253 0.8191
vn 0.2841 0.6476 0.7071
vn 0.3290 0.7502 0.5736
vn 0.3291 0.7502 0.5735
vn 0.3641 0.8300 0.4226
vn 0.3880 0.8846 0.2588
vn 0.4002 0.9123 0.0872
vn 0.4002 0.9123 0.0871
vn 0.0369 0.0790 0.9962
vn 0.1095 0.2345 0.9659
vn 0.1789 0.3829 0.9063
vn 0.2428 0.5197 0.8191
vn 0.2993 0.6407 0.7071
vn 0.3467 0.7422 0.5735
vn 0.3836 0.8211 0.4226
vn 0.4088 0.8752 0.2588
vn 0.4199 0.8990 0.1244
vn 0.4258 0.9006 0.0872
vn 0.4513 0.8881 0.0872
vn 0.4417 0.8902 0.1114
vn 0.4294 0.8653 0.2588
vn 0.4293 0.8653 0.2588
vn 0.4029 0.8119 0.4226
vn 0.3641 0.7338 0.5736
vn 0.3641 0.7338 0.5735
vn 0.3143 0.6334 0.7071
vn 0.3143 0.6335 0.7071
vn 0.2550 0.5138 0.8191
vn 0.2550 0.5138 0.8192
vn 0.1879 0.3786 0.9063
vn 0.1150 0.2318 0.9659
vn 0.1151 0.2319 0.9659
vn 0.0387 0.0781 0.9962
vn 0.0406 0.0771 0.9962
vn 0.1205 0.2291 0.9659
vn 0.1968 0.3740 0.9063
vn 0.1968 0.3741 0.9063
vn 0.2670 0.5077 0.8191
vn 0.3292 0.6258 0.7071
vn 0.3813 0.7250 0.5735
vn 0.3814 0.7250 0.5736
vn 0.4219 0.8021 0.4226
vn 0.4497 0.8549 0.2588
vn 0.4638 0.8817 0.0872
vn 0.4637 0.8817 0.0872
vn 0.4845 0.8705 0.0872
vn 0.4850 0.8660 0.1220
vn 0.4764 0.8749 0.0872
vn 0.5113 0.8550 0.0871
vn 0.5030 0.8555 0.1232
vn 0.4895 0.8327 0.2588
vn 0.4593 0.7813 0.4226
vn 0.4152 0.7062 0.5735
vn 0.4152 0.7062 0.5736
vn 0.3584 0.6096 0.7071
vn 0.2907 0.4945 0.8191
vn 0.2142 0.3643 0.9063
vn 0.1312 0.2231 0.9659
vn 0.0442 0.0751 0.9962
vn 0.0459 0.0741 0.9962
vn 0.1364 0.2200 0.9659
vn 0.2227 0.3592 0.9063
vn 0.3023 0.4875 0.8191
vn 0.3727 0.6010 0.7071
vn 0.3727 0.6009 0.7071
vn 0.4317 0.6962 0.5736
vn 0.4317 0.6962 0.5735
vn 0.4776 0.7702 0.4226
vn 0.4777 0.7702 0.4226
vn 0.5091 0.8209 0.2589
vn 0.5091 0.8209 0.2588
vn 0.5250 0.8466 0.0871
vn 0.5250 0.8466 0.0872
vn 0.5449 0.8340 0.0872
vn 0.5450 0.8330 0.0955
vn 0.5355 0.8400 0.0872
vn 0.0494 0.0718 0.9962
vn 0.1467 0.2133 0.9659
vn 0.1466 0.2133 0.9659
vn 0.2395 0.3483 0.9063
vn 0.3250 0.4726 0.8191
vn 0.3250 0.4727 0.8191
vn 0.4006 0.5827 0.7071
vn 0.4641 0.6750 0.5735
vn 0.4641 0.6750 0.5736
vn 0.5135 0.7468 0.4226
vn 0.5473 0.7959 0.2588
vn 0.5621 0.8174 0.1260
vn 0.5689 0.8177 0.0872
vn 0.5920 0.8012 0.0872
vn 0.5827 0.8061 0.1033
vn 0.5659 0.7828 0.2588
vn 0.5310 0.7345 0.4226
vn 0.4799 0.6639 0.5735
vn 0.4799 0.6638 0.5736
vn 0.4143 0.5731 0.7071
vn 0.3360 0.4648 0.8191
vn 0.3361 0.4648 0.8191
vn 0.2476 0.3425 0.9063
vn 0.1516 0.2097 0.9659
vn 0.1516 0.2098 0.9659
vn 0.0511 0.0706 0.9962
vn 0.0527 0.0694 0.9962
vn 0.1566 0.2061 0.9659
vn 0.2556 0.3366 0.9063
vn 0.2557 0.3366 0.9063
vn 0.3469 0.4568 0.8191
vn 0.4277 0.5631 0.7071
vn 0.4955 0.6523 0.5736
vn 0.5482 0.7218 0.4226
vn 0.5482 0.7217 0.4226
vn 0.5843 0.7692 0.2588
vn 0.5842 0.7692 0.2588
vn 0.6025 0.7933 0.0871
vn 0.0543 0.0681 0.9962
vn 0.1614 0.2024 0.9659
vn 0.2635 0.3304 0.9063
vn 0.3576 0.4485 0.8191
vn 0.4409 0.5528 0.7071
vn 0.4409 0.5529 0.7071
vn 0.5107 0.6404 0.5736
vn 0.5107 0.6405 0.5736
vn 0.5651 0.7086 0.4226
vn 0.6022 0.7552 0.2588
vn 0.6022 0.7552 0.2589
vn 0.6190 0.7762 0.1198
vn 0.6238 0.7767 0.0872
vn 0.6458 0.7586 0.0871
vn 0.6372 0.7614 0.1191
vn 0.6199 0.7408 0.2588
vn 0.6199 0.7407 0.2589
vn 0.5817 0.6951 0.4225
vn 0.5816 0.6950 0.4226
vn 0.5257 0.6282 0.5735
vn 0.5257 0.6282 0.5736
vn 0.4538 0.5423 0.7071
vn 0.3681 0.4399 0.8191
vn 0.2712 0.3241 0.9063
vn 0.2713 0.3241 0.9063
vn 0.1661 0.1985 0.9659
vn 0.0559 0.0668 0.9962
vn 0.0575 0.0655 0.9962
vn 0.1708 0.1945 0.9659
vn 0.2788 0.3176 0.9063
vn 0.3784 0.4311 0.8191
vn 0.4665 0.5315 0.7070
vn 0.4665 0.5314 0.7071
vn 0.5404 0.6156 0.5736
vn 0.5979 0.6811 0.4226
vn 0.6372 0.7259 0.2589
vn 0.6372 0.7259 0.2588
vn 0.6572 0.7486 0.0871
vn 0.6572 0.7487 0.0872
vn 0.6747 0.7329 0.0871
vn 0.6745 0.7305 0.1071
vn 0.6671 0.7398 0.0872
vn 0.6964 0.7123 0.0872
vn 0.6890 0.7138 0.1259
vn 0.6708 0.6950 0.2588
vn 0.6294 0.6521 0.4226
vn 0.5689 0.5894 0.5736
vn 0.5689 0.5894 0.5735
vn 0.4911 0.5088 0.7071
vn 0.3984 0.4127 0.8191
vn 0.3983 0.4127 0.8191
vn 0.2935 0.3041 0.9063
vn 0.1798 0.1862 0.9659
vn 0.1797 0.1862 0.9659
vn 0.0605 0.0627 0.9962
vn 0.7164 0.6922 0.0872
vn 0.7082 0.6998 0.0936
vn 0.6870 0.6790 0.2588
vn 0.6446 0.6370 0.4227
vn 0.6446 0.6371 0.4226
vn 0.5827 0.5758 0.5736
vn 0.5827 0.5758 0.5735
vn 0.5030 0.4970 0.7071
vn 0.5030 0.4971 0.7071
vn 0.4080 0.4032 0.8191
vn 0.3006 0.2971 0.9063
vn 0.1841 0.1819 0.9659
vn 0.0620 0.0613 0.9962
vn 0.0634 0.0598 0.9962
vn 0.1884 0.1776 0.9659
vn 0.1883 0.1775 0.9659
vn 0.3075 0.2899 0.9063
vn 0.4174 0.3935 0.8191
vn 0.4174 0.3934 0.8191
vn 0.5146 0.4850 0.7071
vn 0.5961 0.5619 0.5735
vn 0.5961 0.5619 0.5736
vn 0.6595 0.6217 0.4226
vn 0.7029 0.6626 0.2588
vn 0.7249 0.6833 0.0872
vn 0.7249 0.6833 0.0871
vn 0.0648 0.0583 0.9962
vn 0.1925 0.1730 0.9659
vn 0.3143 0.2826 0.9063
vn 0.4266 0.3835 0.8191
vn 0.5258 0.4727 0.7071
vn 0.5259 0.4728 0.7071
vn 0.6092 0.5477 0.5735
vn 0.6092 0.5476 0.5736
vn 0.6740 0.6059 0.4226
vn 0.6740 0.6059 0.4227
vn 0.7183 0.6458 0.2587
vn 0.7183 0.6458 0.2588
vn 0.7380 0.6634 0.1236
vn 0.7438 0.6627 0.0872
vn 0.7624 0.6413 0.0871
vn 0.7544 0.6466 0.1133
vn 0.7334 0.6286 0.2588
vn 0.6881 0.5898 0.4226
vn 0.6881 0.5898 0.4227
vn 0.6220 0.5331 0.5735
vn 0.6220 0.5331 0.5736
vn 0.5369 0.4602 0.7070
vn 0.5369 0.4602 0.7071
vn 0.4355 0.3733 0.8191
vn 0.3209 0.2750 0.9063
vn 0.3209 0.2751 0.9063
vn 0.1965 0.1685 0.9659
vn 0.0662 0.0567 0.9962
vn 0.0675 0.0551 0.9962
vn 0.2004 0.1638 0.9659
vn 0.3273 0.2674 0.9063
vn 0.4442 0.3629 0.8191
vn 0.5476 0.4474 0.7071
vn 0.6344 0.5183 0.5736
vn 0.6344 0.5183 0.5735
vn 0.7019 0.5734 0.4225
vn 0.7018 0.5734 0.4227
vn 0.7480 0.6111 0.2588
vn 0.7715 0.6303 0.0872
vn 0.7715 0.6303 0.0871
vn 0.7861 0.6119 0.0871
vn 0.7850 0.6080 0.1187
vn 0.7803 0.6193 0.0872
vn 0.8047 0.5873 0.0872
vn 0.7972 0.5908 0.1240
vn 0.7760 0.5751 0.2589
vn 0.7761 0.5751 0.2588
vn 0.7282 0.5396 0.4226
vn 0.7282 0.5397 0.4225
vn 0.6581 0.4877 0.5736
vn 0.5681 0.4210 0.7071
vn 0.4609 0.3415 0.8191
vn 0.4608 0.3415 0.8192
vn 0.3396 0.2516 0.9063
vn 0.2080 0.1541 0.9659
vn 0.0700 0.0519 0.9962
vn 0.0712 0.0502 0.9962
vn 0.2115 0.1492 0.9659
vn 0.2115 0.1491 0.9659
vn 0.3454 0.2436 0.9063
vn 0.4688 0.3305 0.8191
vn 0.5779 0.4075 0.7070
vn 0.5779 0.4075 0.7071
vn 0.6695 0.4720 0.5736
vn 0.6695 0.4721 0.5735
vn 0.7407 0.5223 0.4226
vn 0.7894 0.5566 0.2588
vn 0.8142 0.5741 0.0872
vn 0.8277 0.5544 0.0871
vn 0.8271 0.5544 0.0921
vn 0.8024 0.5378 0.2587
vn 0.8023 0.5378 0.2588
vn 0.7528 0.5046 0.4226
vn 0.6805 0.4561 0.5735
vn 0.6804 0.4561 0.5736
vn 0.5874 0.3937 0.7071
vn 0.4764 0.3194 0.8191
vn 0.4765 0.3194 0.8191
vn 0.3511 0.2353 0.9063
vn 0.2150 0.1441 0.9659
vn 0.0724 0.0485 0.9962
vn 0.0735 0.0468 0.9962
vn 0.2183 0.1390 0.9659
vn 0.3565 0.2270 0.9063
vn 0.4839 0.3080 0.8191
vn 0.5965 0.3798 0.7070
vn 0.5965 0.3797 0.7071
vn 0.6911 0.4399 0.5735
vn 0.6910 0.4399 0.5736
vn 0.7645 0.4867 0.4226
vn 0.7646 0.4867 0.4226
vn 0.8148 0.5187 0.2588
vn 0.8148 0.5187 0.2587
vn 0.8369 0.5328 0.1257
vn 0.8432 0.5305 0.0872
vn 0.8580 0.5063 0.0871
vn 0.8512 0.5140 0.1058
vn 0.8269 0.4993 0.2588
vn 0.7758 0.4685 0.4225
vn 0.7758 0.4685 0.4226
vn 0.7012 0.4235 0.5735
vn 0.7012 0.4235 0.5736
vn 0.6053 0.3656 0.7071
vn 0.4910 0.2965 0.8191
vn 0.3618 0.2185 0.9063
vn 0.2216 0.1338 0.9659
vn 0.2215 0.1338 0.9659
vn 0.0746 0.0450 0.9962
vn 0.0746 0.0451 0.9962
vn 0.0756 0.0433 0.9962
vn 0.0757 0.0433 0.9962
vn 0.2247 0.1285 0.9659
vn 0.3668 0.2099 0.9063
vn 0.4979 0.2849 0.8191
vn 0.4979 0.2848 0.8191
vn 0.6137 0.3511 0.7071
vn 0.6138 0.3511 0.7071
vn 0.7110 0.4068 0.5735
vn 0.7867 0.4501 0.4226
vn 0.8384 0.4797 0.2588
vn 0.8647 0.4947 0.0871
vn 0.8647 0.4947 0.0872
vn 0.0767 0.0415 0.9962
vn 0.0766 0.0415 0.9962
vn 0.2276 0.1232 0.9659
vn 0.3717 0.2012 0.9063
vn 0.5045 0.2730 0.8191
vn 0.6219 0.3366 0.7071
vn 0.7204 0.3899 0.5736
vn 0.7971 0.4314 0.4226
vn 0.7971 0.4314 0.4225
vn 0.8495 0.4597 0.2589
vn 0.8495 0.4597 0.2588
vn 0.8733 0.4726 0.1183
vn 0.8777 0.4713 0.0872
vn 0.8908 0.4461 0.0871
vn 0.8840 0.4517 0.1204
vn 0.8601 0.4395 0.2589
vn 0.8601 0.4395 0.2588
vn 0.8071 0.4124 0.4226
vn 0.8070 0.4124 0.4226
vn 0.7295 0.3728 0.5735
vn 0.6297 0.3218 0.7071
vn 0.6297 0.3218 0.7070
vn 0.5108 0.2610 0.8191
vn 0.5107 0.2610 0.8192
vn 0.3764 0.1923 0.9063
vn 0.3763 0.1923 0.9063
vn 0.2305 0.1178 0.9659
vn 0.0776 0.0396 0.9962
vn 0.0776 0.0397 0.9962
vn 0.0785 0.0378 0.9962
vn 0.2332 0.1123 0.9659
vn 0.3808 0.1834 0.9063
vn 0.5168 0.2489 0.8191
vn 0.6371 0.3068 0.7071
vn 0.7380 0.3554 0.5736
vn 0.7381 0.3554 0.5735
vn 0.8166 0.3932 0.4226
vn 0.8166 0.3933 0.4225
vn 0.8702 0.4191 0.2589
vn 0.8703 0.4191 0.2588
vn 0.8975 0.4322 0.0872
vn 0.8975 0.4322 0.0871
vn 0.9075 0.4109 0.0871
vn 0.9066 0.4091 0.1038
vn 0.9031 0.4205 0.0871
vn 0.9193 0.3837 0.0871
vn 0.9131 0.3877 0.1261
vn 0.8891 0.3775 0.2588
vn 0.8342 0.3542 0.4226
vn 0.7540 0.3202 0.5736
vn 0.7540 0.3202 0.5735
vn 0.6509 0.2764 0.7070
vn 0.6509 0.2764 0.7071
vn 0.5280 0.2242 0.8191
vn 0.3890 0.1652 0.9063
vn 0.2382 0.1012 0.9659
vn 0.0802 0.0341 0.9962
vn 0.9299 0.3574 0.0871
vn 0.9251 0.3673 0.0965
vn 0.8978 0.3564 0.2587
vn 0.8978 0.3564 0.2588
vn 0.8423 0.3344 0.4227
vn 0.8424 0.3344 0.4225
vn 0.7613 0.3023 0.5736
vn 0.7614 0.3023 0.5735
vn 0.6572 0.2609 0.7071
vn 0.5331 0.2117 0.8191
vn 0.3928 0.1560 0.9063
vn 0.3928 0.1559 0.9063
vn 0.2406 0.0955 0.9659
vn 0.0810 0.0322 0.9962
vn 0.0818 0.0302 0.9962
vn 0.0817 0.0302 0.9962
vn 0.2427 0.0898 0.9659
vn 0.2428 0.0898 0.9659
vn 0.3964 0.1466 0.9063
vn 0.5380 0.1990 0.8191
vn 0.6632 0.2453 0.7071
vn 0.7683 0.2842 0.5736
vn 0.7683 0.2842 0.5735
vn 0.8500 0.3145 0.4226
vn 0.8500 0.3144 0.4226
vn 0.9059 0.3351 0.2589
vn 0.9059 0.3351 0.2588
vn 0.9343 0.3456 0.0871
vn 0.9343 0.3456 0.0872
vn 0.0824 0.0283 0.9962
vn 0.2448 0.0841 0.9659
vn 0.2448 0.0840 0.9659
vn 0.3998 0.1372 0.9063
vn 0.3997 0.1372 0.9063
vn 0.5426 0.1863 0.8191
vn 0.5425 0.1863 0.8191
vn 0.6688 0.2296 0.7071
vn 0.6689 0.2296 0.7070
vn 0.7748 0.2660 0.5736
vn 0.8572 0.2943 0.4226
vn 0.9136 0.3136 0.2587
vn 0.9136 0.3136 0.2589
vn 0.9387 0.3222 0.1227
vn 0.9436 0.3196 0.0871
vn 0.9523 0.2925 0.0871
vn 0.9469 0.3003 0.1151
vn 0.9207 0.2920 0.2588
vn 0.8639 0.2739 0.4227
vn 0.8639 0.2740 0.4226
vn 0.7808 0.2476 0.5736
vn 0.7809 0.2476 0.5735
vn 0.6741 0.2137 0.7071
vn 0.5468 0.1734 0.8191
vn 0.4028 0.1277 0.9063
vn 0.4029 0.1278 0.9063
vn 0.2467 0.0782 0.9659
vn 0.0831 0.0263 0.9962
vn 0.0837 0.0244 0.9962
vn 0.2485 0.0724 0.9659
vn 0.4058 0.1182 0.9063
vn 0.5507 0.1604 0.8192
vn 0.5507 0.1604 0.8191
vn 0.6789 0.1978 0.7071
vn 0.7865 0.2291 0.5736
vn 0.7865 0.2291 0.5735
vn 0.8702 0.2535 0.4226
vn 0.9274 0.2701 0.2589
vn 0.9565 0.2786 0.0871
vn 0.9564 0.2786 0.0871
vn 0.9628 0.2559 0.0871
vn 0.9605 0.2532 0.1154
vn 0.9602 0.2652 0.0872
vn 0.9702 0.2263 0.0871
vn 0.9646 0.2322 0.1248
vn 0.9391 0.2260 0.2587
vn 0.9391 0.2260 0.2589
vn 0.8812 0.2121 0.4226
vn 0.7964 0.1917 0.5736
vn 0.7964 0.1917 0.5735
vn 0.6875 0.1655 0.7071
vn 0.5577 0.1342 0.8191
vn 0.5576 0.1342 0.8192
vn 0.4109 0.0989 0.9063
vn 0.2517 0.0606 0.9659
vn 0.2516 0.0606 0.9659
vn 0.0847 0.0204 0.9962
vn 0.0852 0.0184 0.9962
vn 0.2530 0.0546 0.9659
vn 0.4131 0.0892 0.9063
vn 0.4132 0.0892 0.9063
vn 0.5607 0.1210 0.8191
vn 0.6912 0.1492 0.7071
vn 0.8007 0.1728 0.5736
vn 0.8008 0.1728 0.5735
vn 0.8859 0.1912 0.4226
vn 0.9442 0.2038 0.2588
vn 0.9738 0.2102 0.0871
vn 0.9738 0.2102 0.0872
vn 0.9785 0.1870 0.0871
vn 0.9783 0.1871 0.0889
vn 0.9488 0.1814 0.2587
vn 0.9487 0.1814 0.2588
vn 0.8902 0.1702 0.4226
vn 0.8045 0.1539 0.5736
vn 0.8046 0.1539 0.5735
vn 0.6945 0.1328 0.7071
vn 0.6946 0.1328 0.7071
vn 0.5634 0.1078 0.8191
vn 0.5634 0.1077 0.8191
vn 0.4151 0.0794 0.9063
vn 0.2542 0.0486 0.9659
vn 0.0856 0.0164 0.9962
vn 0.0860 0.0143 0.9962
vn 0.2553 0.0426 0.9659
vn 0.4169 0.0696 0.9063
vn 0.5658 0.0944 0.8191
vn 0.6975 0.1164 0.7071
vn 0.8080 0.1348 0.5735
vn 0.8939 0.1492 0.4226
vn 0.8940 0.1492 0.4226
vn 0.9528 0.1590 0.2588
vn 0.9786 0.1633 0.1253
vn 0.9834 0.1590 0.0871
vn 0.9876 0.1309 0.0870
vn 0.9842 0.1404 0.1081
vn 0.9562 0.1364 0.2588
vn 0.9563 0.1364 0.2588
vn 0.8972 0.1280 0.4226
vn 0.8972 0.1280 0.4227
vn 0.8110 0.1157 0.5735
vn 0.8109 0.1157 0.5736
vn 0.7001 0.0999 0.7071
vn 0.7000 0.0999 0.7071
vn 0.5679 0.0810 0.8191
vn 0.4184 0.0597 0.9063
vn 0.2562 0.0366 0.9659
vn 0.0863 0.0123 0.9962
vn 0.0865 0.0103 0.9962
vn 0.0866 0.0103 0.9962
vn 0.2570 0.0305 0.9659
vn 0.4197 0.0498 0.9063
vn 0.5696 0.0676 0.8191
vn 0.7022 0.0833 0.7070
vn 0.7021 0.0833 0.7071
vn 0.8135 0.0965 0.5735
vn 0.8134 0.0965 0.5736
vn 0.9000 0.1068 0.4226
vn 0.9592 0.1138 0.2588
vn 0.9592 0.1138 0.2587
vn 0.9892 0.1174 0.0873
vn 0.9893 0.1174 0.0871
vn 0.0868 0.0082 0.9962
vn 0.2577 0.0244 0.9659
vn 0.2576 0.0244 0.9659
vn 0.4208 0.0399 0.9063
vn 0.5711 0.0541 0.8191
vn 0.7039 0.0667 0.7072
vn 0.7040 0.0667 0.7070
vn 0.8155 0.0773 0.5736
vn 0.8155 0.0773 0.5735
vn 0.9023 0.0855 0.4226
vn 0.9616 0.0911 0.2587
vn 0.9616 0.0911 0.2589
vn 0.9887 0.0937 0.1168
vn 0.9920 0.0910 0.0872
vn 0.9942 0.0627 0.0873
vn 0.9901 0.0703 0.1216
vn 0.9635 0.0684 0.2587
vn 0.9635 0.0684 0.2588
vn 0.9040 0.0642 0.4226
vn 0.9041 0.0642 0.4226
vn 0.8171 0.0580 0.5736
vn 0.7054 0.0501 0.7070
vn 0.7053 0.0501 0.7071
vn 0.5721 0.0406 0.8191
vn 0.5722 0.0406 0.8191
vn 0.4216 0.0299 0.9063
vn 0.2582 0.0183 0.9659
vn 0.0869 0.0062 0.9962
vn 0.0871 0.0041 0.9962
vn 0.2585 0.0122 0.9659
vn 0.4221 0.0200 0.9063
vn 0.4222 0.0200 0.9063
vn 0.5730 0.0271 0.8191
vn 0.7063 0.0334 0.7071
vn 0.7064 0.0334 0.7071
vn 0.8182 0.0387 0.5736
vn 0.9053 0.0428 0.4226
vn 0.9648 0.0456 0.2589
vn 0.9649 0.0456 0.2587
vn 0.9951 0.0470 0.0872
vn 0.9959 0.0235 0.0872
vn 0.9947 0.0225 0.1006
vn 0.9956 0.0343 0.0872
vn 0.0872 -0.0000 0.9962
vn 0.2588 -0.0000 0.9659
vn 0.4226 -0.0000 0.9063
vn 0.4227 -0.0000 0.9063
vn 0.5736 -0.0000 0.8192
vn 0.5736 -0.0000 0.8191
vn 0.7071 -0.0000 0.7071
vn 0.8192 -0.0000 0.5735
vn 0.8191 -0.0000 0.5736
vn 0.9063 -0.0000 0.4227
vn 0.9064 -0.0000 0.4225
vn 0.9659 -0.0000 0.2588
vn 0.9920 -0.0000 0.1262
vn 0.9962 -0.0059 0.0871
vn 0.9956 -0.0343 0.0872
vn 0.9948 -0.0235 0.0995
vn 0.9657 -0.0228 0.2588
vn 0.9657 -0.0228 0.2587
vn 0.9061 -0.0214 0.4226
vn 0.9060 -0.0214 0.4226
vn 0.8189 -0.0193 0.5736
vn 0.8190 -0.0193 0.5735
vn 0.7069 -0.0167 0.7071
vn 0.7070 -0.0167 0.7070
vn 0.5734 -0.0135 0.8192
vn 0.5735 -0.0135 0.8191
vn 0.4225 -0.0100 0.9063
vn 0.2588 -0.0061 0.9659
vn 0.2587 -0.0061 0.9659
vn 0.0871 -0.0021 0.9962
vn 0.0871 -0.0041 0.9962
vn 0.2586 -0.0122 0.9659
vn 0.2585 -0.0122 0.9659
vn 0.4222 -0.0200 0.9063
vn 0.5730 -0.0271 0.8191
vn 0.7063 -0.0334 0.7071
vn 0.7064 -0.0334 0.7071
vn 0.8182 -0.0387 0.5736
vn 0.9053 -0.0428 0.4226
vn 0.9649 -0.0456 0.2587
vn 0.9648 -0.0456 0.2588
vn 0.9951 -0.0470 0.0872
vn 0.0869 -0.0062 0.9962
vn 0.2582 -0.0183 0.9659
vn 0.4216 -0.0299 0.9063
vn 0.5722 -0.0406 0.8191
vn 0.7054 -0.0501 0.7071
vn 0.8171 -0.0580 0.5735
vn 0.8171 -0.0580 0.5736
vn 0.9041 -0.0642 0.4226
vn 0.9040 -0.0642 0.4226
vn 0.9635 -0.0684 0.2588
vn 0.9635 -0.0684 0.2587
vn 0.9901 -0.0703 0.1216
vn 0.9934 -0.0744 0.0872
vn 0.9909 -0.1027 0.0872
vn 0.9887 -0.0937 0.1168
vn 0.9616 -0.0911 0.2589
vn 0.9616 -0.0911 0.2587
vn 0.9023 -0.0855 0.4227
vn 0.9023 -0.0855 0.4225
vn 0.8155 -0.0773 0.5736
vn 0.7040 -0.0667 0.7071
vn 0.7039 -0.0667 0.7071
vn 0.5711 -0.0541 0.8191
vn 0.4207 -0.0399 0.9063
vn 0.4208 -0.0399 0.9063
vn 0.2577 -0.0244 0.9659
vn 0.0868 -0.0082 0.9962
vn 0.0865 -0.0103 0.9962
vn 0.0866 -0.0103 0.9962
vn 0.2570 -0.0305 0.9659
vn 0.4197 -0.0498 0.9063
vn 0.5696 -0.0676 0.8191
vn 0.7022 -0.0833 0.7071
vn 0.8135 -0.0965 0.5735
vn 0.9000 -0.1068 0.4226
vn 0.9592 -0.1138 0.2588
vn 0.9592 -0.1138 0.2587
vn 0.9893 -0.1174 0.0872
vn 0.9892 -0.1174 0.0872
vn 0.9862 -0.1407 0.0871
vn 0.9835 -0.1422 0.1121
vn 0.9876 -0.1309 0.0870
vn 0.9815 -0.1706 0.0871
vn 0.9786 -0.1633 0.1253
vn 0.9528 -0.1590 0.2588
vn 0.8940 -0.1492 0.4225
vn 0.8939 -0.1492 0.4226
vn 0.8080 -0.1348 0.5735
vn 0.8080 -0.1348 0.5736
vn 0.6975 -0.1164 0.7071
vn 0.5658 -0.0944 0.8191
vn 0.4169 -0.0696 0.9063
vn 0.2553 -0.0426 0.9659
vn 0.0860 -0.0143 0.9962
vn 0.9762 -0.1986 0.0871
vn 0.9783 -0.1871 0.0889
vn 0.9488 -0.1815 0.2587
vn 0.9487 -0.1814 0.2588
vn 0.8902 -0.1702 0.4226
vn 0.8902 -0.1703 0.4226
vn 0.8046 -0.1539 0.5736
vn 0.8046 -0.1539 0.5735
vn 0.6945 -0.1328 0.7071
vn 0.5634 -0.1078 0.8191
vn 0.5634 -0.1077 0.8191
vn 0.4151 -0.0794 0.9063
vn 0.2542 -0.0486 0.9659
vn 0.0856 -0.0164 0.9962
vn 0.0852 -0.0184 0.9962
vn 0.2530 -0.0546 0.9659
vn 0.4132 -0.0892 0.9063
vn 0.4131 -0.0892 0.9063
vn 0.5607 -0.1210 0.8191
vn 0.6912 -0.1492 0.7071
vn 0.8007 -0.1728 0.5735
vn 0.8859 -0.1912 0.4226
vn 0.9442 -0.2038 0.2589
vn 0.9442 -0.2038 0.2588
vn 0.9738 -0.2102 0.0871
vn 0.9738 -0.2102 0.0872
vn 0.0847 -0.0204 0.9962
vn 0.2517 -0.0606 0.9659
vn 0.2516 -0.0606 0.9659
vn 0.4109 -0.0989 0.9063
vn 0.4110 -0.0989 0.9063
vn 0.5577 -0.1342 0.8191
vn 0.5576 -0.1342 0.8192
vn 0.6875 -0.1655 0.7071
vn 0.7964 -0.1917 0.5736
vn 0.7964 -0.1917 0.5735
vn 0.8811 -0.2121 0.4227
vn 0.8812 -0.2121 0.4225
vn 0.9391 -0.2260 0.2589
vn 0.9391 -0.2260 0.2588
vn 0.9646 -0.2322 0.1248
vn 0.9674 -0.2378 0.0871
vn 0.9602 -0.2652 0.0872
vn 0.9605 -0.2553 0.1102
vn 0.9335 -0.2482 0.2589
vn 0.9335 -0.2482 0.2588
vn 0.8759 -0.2328 0.4226
vn 0.7917 -0.2105 0.5735
vn 0.7917 -0.2105 0.5736
vn 0.6834 -0.1817 0.7070
vn 0.6834 -0.1817 0.7071
vn 0.5544 -0.1474 0.8191
vn 0.5543 -0.1474 0.8192
vn 0.4085 -0.1086 0.9063
vn 0.2502 -0.0665 0.9659
vn 0.2501 -0.0665 0.9659
vn 0.0842 -0.0224 0.9962
vn 0.0837 -0.0244 0.9962
vn 0.2485 -0.0724 0.9659
vn 0.4058 -0.1182 0.9063
vn 0.5507 -0.1604 0.8192
vn 0.5507 -0.1604 0.8191
vn 0.6789 -0.1978 0.7070
vn 0.6789 -0.1978 0.7071
vn 0.7865 -0.2291 0.5735
vn 0.7865 -0.2291 0.5736
vn 0.8701 -0.2535 0.4226
vn 0.8702 -0.2535 0.4225
vn 0.9274 -0.2701 0.2589
vn 0.9564 -0.2786 0.0871
vn 0.0831 -0.0263 0.9962
vn 0.2467 -0.0782 0.9659
vn 0.4028 -0.1277 0.9063
vn 0.4029 -0.1278 0.9063
vn 0.5468 -0.1734 0.8191
vn 0.6741 -0.2138 0.7070
vn 0.6740 -0.2137 0.7071
vn 0.7809 -0.2476 0.5735
vn 0.7808 -0.2476 0.5736
vn 0.8639 -0.2739 0.4227
vn 0.8639 -0.2740 0.4225
vn 0.9207 -0.2920 0.2589
vn 0.9207 -0.2920 0.2588
vn 0.9469 -0.3003 0.1151
vn 0.9488 -0.3037 0.0871
vn 0.9397 -0.3307 0.0873
vn 0.9387 -0.3222 0.1227
vn 0.9136 -0.3136 0.2588
vn 0.8572 -0.2943 0.4227
vn 0.8572 -0.2943 0.4226
vn 0.7748 -0.2660 0.5736
vn 0.6688 -0.2296 0.7071
vn 0.5425 -0.1863 0.8191
vn 0.5425 -0.1862 0.8191
vn 0.3998 -0.1372 0.9063
vn 0.3997 -0.1372 0.9063
vn 0.2448 -0.0840 0.9659
vn 0.0824 -0.0283 0.9962
vn 0.0818 -0.0302 0.9962
vn 0.2427 -0.0898 0.9659
vn 0.2428 -0.0898 0.9659
vn 0.3964 -0.1466 0.9063
vn 0.5380 -0.1990 0.8191
vn 0.6632 -0.2453 0.7071
vn 0.7683 -0.2842 0.5735
vn 0.7683 -0.2842 0.5736
vn 0.8500 -0.3145 0.4226
vn 0.8500 -0.3144 0.4226
vn 0.9059 -0.3351 0.2589
vn 0.9059 -0.3351 0.2588
vn 0.9343 -0.3456 0.0872
vn 0.9343 -0.3456 0.0871
vn 0.9259 -0.3676 0.0873
vn 0.9248 -0.3680 0.0970
vn 0.9299 -0.3574 0.0871
vn 0.0802 -0.0341 0.9962
vn 0.2382 -0.1012 0.9659
vn 0.3891 -0.1652 0.9063
vn 0.3890 -0.1652 0.9063
vn 0.5280 -0.2242 0.8191
vn 0.6509 -0.2764 0.7070
vn 0.6509 -0.2764 0.7071
vn 0.7540 -0.3202 0.5735
vn 0.7540 -0.3202 0.5736
vn 0.8342 -0.3542 0.4226
vn 0.8891 -0.3775 0.2589
vn 0.8891 -0.3775 0.2587
vn 0.9131 -0.3877 0.1261
vn 0.9147 -0.3945 0.0871
vn 0.9031 -0.4205 0.0871
vn 0.9062 -0.4103 0.1020
vn 0.8799 -0.3984 0.2589
vn 0.8799 -0.3984 0.2587
vn 0.8257 -0.3739 0.4225
vn 0.8256 -0.3738 0.4226
vn 0.7462 -0.3379 0.5736
vn 0.7463 -0.3379 0.5735
vn 0.6442 -0.2917 0.7071
vn 0.6441 -0.2917 0.7071
vn 0.5225 -0.2366 0.8191
vn 0.5226 -0.2366 0.8191
vn 0.3850 -0.1743 0.9063
vn 0.2358 -0.1068 0.9659
vn 0.0794 -0.0360 0.9962
vn 0.0785 -0.0378 0.9962
vn 0.2332 -0.1123 0.9659
vn 0.3808 -0.1834 0.9063
vn 0.5168 -0.2489 0.8191
vn 0.6371 -0.3068 0.7071
vn 0.7380 -0.3554 0.5736
vn 0.7381 -0.3554 0.5735
vn 0.8166 -0.3932 0.4226
vn 0.8166 -0.3932 0.4225
vn 0.8703 -0.4191 0.2589
vn 0.8703 -0.4191 0.2588
vn 0.8975 -0.4322 0.0872
vn 0.8975 -0.4322 0.0871
vn 0.0776 -0.0397 0.9962
vn 0.2305 -0.1178 0.9659
vn 0.3763 -0.1923 0.9063
vn 0.3764 -0.1923 0.9063
vn 0.5108 -0.2610 0.8191
vn 0.5107 -0.2610 0.8192
vn 0.6297 -0.3218 0.7070
vn 0.6297 -0.3218 0.7071
vn 0.7295 -0.3728 0.5735
vn 0.7294 -0.3728 0.5735
vn 0.8071 -0.4124 0.4226
vn 0.8070 -0.4124 0.4226
vn 0.8601 -0.4395 0.2588
vn 0.8840 -0.4517 0.1204
vn 0.8854 -0.4565 0.0872
vn 0.8720 -0.4816 0.0871
vn 0.8733 -0.4726 0.1183
vn 0.8495 -0.4597 0.2589
vn 0.8495 -0.4597 0.2588
vn 0.7971 -0.4314 0.4226
vn 0.7971 -0.4314 0.4225
vn 0.7204 -0.3899 0.5736
vn 0.6219 -0.3365 0.7071
vn 0.6219 -0.3366 0.7071
vn 0.5045 -0.2730 0.8191
vn 0.3717 -0.2012 0.9063
vn 0.2276 -0.1232 0.9659
vn 0.0767 -0.0415 0.9962
vn 0.0766 -0.0415 0.9962
vn 0.0757 -0.0433 0.9962
vn 0.2247 -0.1285 0.9659
vn 0.3668 -0.2099 0.9063
vn 0.4979 -0.2849 0.8191
vn 0.4979 -0.2848 0.8191
vn 0.6138 -0.3512 0.7070
vn 0.6137 -0.3511 0.7071
vn 0.7111 -0.4068 0.5735
vn 0.7110 -0.4068 0.5736
vn 0.7867 -0.4501 0.4226
vn 0.8384 -0.4797 0.2588
vn 0.8647 -0.4947 0.0871
vn 0.8647 -0.4947 0.0872
vn 0.8528 -0.5150 0.0871
vn 0.8501 -0.5153 0.1089
vn 0.8580 -0.5063 0.0871
vn 0.8368 -0.5405 0.0872
vn 0.8369 -0.5328 0.1257
vn 0.8148 -0.5187 0.2587
vn 0.8148 -0.5187 0.2588
vn 0.7645 -0.4867 0.4227
vn 0.7646 -0.4867 0.4225
vn 0.6910 -0.4399 0.5736
vn 0.6910 -0.4399 0.5735
vn 0.5965 -0.3798 0.7071
vn 0.4839 -0.3080 0.8191
vn 0.3565 -0.2270 0.9063
vn 0.2184 -0.1390 0.9659
vn 0.2183 -0.1390 0.9659
vn 0.0735 -0.0468 0.9962
vn 0.8211 -0.5641 0.0871
vn 0.8271 -0.5544 0.0921
vn 0.8024 -0.5378 0.2587
vn 0.8023 -0.5378 0.2588
vn 0.7529 -0.5047 0.4225
vn 0.7528 -0.5046 0.4227
vn 0.6805 -0.4561 0.5735
vn 0.6804 -0.4561 0.5736
vn 0.5874 -0.3937 0.7071
vn 0.5874 -0.3938 0.7070
vn 0.4765 -0.3194 0.8191
vn 0.3511 -0.2353 0.9063
vn 0.2150 -0.1441 0.9659
vn 0.0724 -0.0485 0.9962
vn 0.0712 -0.0502 0.9962
vn 0.2116 -0.1492 0.9659
vn 0.2115 -0.1491 0.9659
vn 0.3454 -0.2436 0.9063
vn 0.4688 -0.3305 0.8192
vn 0.4688 -0.3306 0.8191
vn 0.5779 -0.4075 0.7071
vn 0.6695 -0.4720 0.5736
vn 0.6695 -0.4721 0.5735
vn 0.7407 -0.5223 0.4226
vn 0.7894 -0.5566 0.2588
vn 0.8142 -0.5741 0.0871
vn 0.8141 -0.5741 0.0872
vn 0.0700 -0.0519 0.9962
vn 0.2080 -0.1541 0.9659
vn 0.3396 -0.2516 0.9063
vn 0.3396 -0.2517 0.9063
vn 0.4608 -0.3415 0.8191
vn 0.5681 -0.4210 0.7071
vn 0.6582 -0.4877 0.5735
vn 0.6581 -0.4877 0.5736
vn 0.7282 -0.5396 0.4226
vn 0.7761 -0.5751 0.2588
vn 0.7760 -0.5751 0.2589
vn 0.7972 -0.5908 0.1240
vn 0.7977 -0.5968 0.0871
vn 0.7803 -0.6193 0.0872
vn 0.7841 -0.6103 0.1124
vn 0.7623 -0.5933 0.2587
vn 0.7622 -0.5933 0.2589
vn 0.7152 -0.5567 0.4226
vn 0.6464 -0.5031 0.5736
vn 0.6465 -0.5032 0.5735
vn 0.5580 -0.4343 0.7071
vn 0.5581 -0.4344 0.7070
vn 0.4526 -0.3523 0.8191
vn 0.4526 -0.3523 0.8192
vn 0.3336 -0.2596 0.9063
vn 0.3335 -0.2596 0.9063
vn 0.2043 -0.1590 0.9659
vn 0.0688 -0.0535 0.9962
vn 0.0675 -0.0551 0.9962
vn 0.0675 -0.0552 0.9962
vn 0.2004 -0.1638 0.9659
vn 0.2004 -0.1637 0.9659
vn 0.3273 -0.2674 0.9063
vn 0.4442 -0.3629 0.8192
vn 0.4442 -0.3629 0.8191
vn 0.5476 -0.4474 0.7071
vn 0.6344 -0.5183 0.5735
vn 0.6344 -0.5183 0.5736
vn 0.7019 -0.5734 0.4226
vn 0.7480 -0.6111 0.2588
vn 0.7715 -0.6303 0.0871
vn 0.7715 -0.6303 0.0872
vn 0.7564 -0.6483 0.0871
vn 0.7521 -0.6480 0.1204
vn 0.7624 -0.6413 0.0871
vn 0.7359 -0.6715 0.0871
vn 0.7380 -0.6634 0.1236
vn 0.7183 -0.6458 0.2588
vn 0.7184 -0.6458 0.2587
vn 0.6740 -0.6059 0.4227
vn 0.6740 -0.6059 0.4226
vn 0.6092 -0.5476 0.5736
vn 0.6092 -0.5477 0.5736
vn 0.5259 -0.4727 0.7071
vn 0.4266 -0.3835 0.8191
vn 0.3143 -0.2826 0.9063
vn 0.1925 -0.1730 0.9659
vn 0.0648 -0.0583 0.9962
vn 0.0634 -0.0598 0.9962
vn 0.1883 -0.1775 0.9659
vn 0.1884 -0.1775 0.9659
vn 0.3075 -0.2899 0.9063
vn 0.4174 -0.3934 0.8191
vn 0.4174 -0.3935 0.8191
vn 0.5146 -0.4850 0.7071
vn 0.5961 -0.5619 0.5736
vn 0.5961 -0.5619 0.5735
vn 0.6595 -0.6217 0.4226
vn 0.7029 -0.6626 0.2588
vn 0.7249 -0.6833 0.0872
vn 0.7082 -0.7006 0.0871
vn 0.7082 -0.6998 0.0936
vn 0.6870 -0.6790 0.2588
vn 0.6446 -0.6370 0.4227
vn 0.6446 -0.6371 0.4226
vn 0.5826 -0.5758 0.5736
vn 0.5827 -0.5758 0.5735
vn 0.5030 -0.4971 0.7071
vn 0.5029 -0.4970 0.7071
vn 0.4080 -0.4032 0.8191
vn 0.3006 -0.2971 0.9063
vn 0.1841 -0.1819 0.9659
vn 0.1841 -0.1820 0.9659
vn 0.0620 -0.0613 0.9962
vn 0.0605 -0.0627 0.9962
vn 0.1797 -0.1862 0.9659
vn 0.1798 -0.1862 0.9659
vn 0.2935 -0.3041 0.9063
vn 0.3983 -0.4127 0.8192
vn 0.3984 -0.4127 0.8191
vn 0.4911 -0.5088 0.7071
vn 0.5689 -0.5894 0.5736
vn 0.5689 -0.5894 0.5735
vn 0.6294 -0.6521 0.4226
vn 0.6708 -0.6950 0.2588
vn 0.6890 -0.7138 0.1259
vn 0.6879 -0.7205 0.0871
vn 0.6671 -0.7398 0.0872
vn 0.6736 -0.7317 0.1045
vn 0.6542 -0.7107 0.2588
vn 0.6542 -0.7106 0.2589
vn 0.6139 -0.6668 0.4225
vn 0.6138 -0.6668 0.4226
vn 0.5548 -0.6027 0.5736
vn 0.5548 -0.6027 0.5735
vn 0.4789 -0.5203 0.7071
vn 0.3885 -0.4220 0.8192
vn 0.3885 -0.4220 0.8191
vn 0.2862 -0.3109 0.9063
vn 0.2863 -0.3109 0.9063
vn 0.1753 -0.1904 0.9659
vn 0.0590 -0.0641 0.9962
vn 0.0575 -0.0655 0.9962
vn 0.1708 -0.1945 0.9659
vn 0.2788 -0.3176 0.9063
vn 0.3784 -0.4311 0.8191
vn 0.4665 -0.5314 0.7071
vn 0.5404 -0.6156 0.5736
vn 0.5979 -0.6811 0.4226
vn 0.6372 -0.7259 0.2588
vn 0.6572 -0.7487 0.0871
vn 0.0559 -0.0668 0.9962
vn 0.1661 -0.1985 0.9659
vn 0.2713 -0.3241 0.9063
vn 0.2712 -0.3241 0.9063
vn 0.3681 -0.4399 0.8191
vn 0.4538 -0.5423 0.7071
vn 0.5257 -0.6282 0.5736
vn 0.5257 -0.6282 0.5735
vn 0.5817 -0.6951 0.4226
vn 0.5817 -0.6951 0.4225
vn 0.6199 -0.7407 0.2589
vn 0.6199 -0.7408 0.2588
vn 0.6372 -0.7614 0.1191
vn 0.6367 -0.7661 0.0872
vn 0.6146 -0.7840 0.0871
vn 0.6190 -0.7762 0.1198
vn 0.6022 -0.7552 0.2589
vn 0.6022 -0.7552 0.2588
vn 0.5651 -0.7086 0.4226
vn 0.5107 -0.6405 0.5736
vn 0.5107 -0.6404 0.5736
vn 0.4409 -0.5528 0.7071
vn 0.4409 -0.5529 0.7071
vn 0.3576 -0.4485 0.8191
vn 0.2635 -0.3304 0.9063
vn 0.2635 -0.3305 0.9063
vn 0.1614 -0.2023 0.9659
vn 0.1614 -0.2024 0.9659
vn 0.0543 -0.0681 0.9962
vn 0.0527 -0.0694 0.9962
vn 0.1565 -0.2061 0.9659
vn 0.1566 -0.2061 0.9659
vn 0.2556 -0.3366 0.9063
vn 0.3469 -0.4568 0.8191
vn 0.4277 -0.5631 0.7071
vn 0.4955 -0.6523 0.5736
vn 0.5482 -0.7218 0.4226
vn 0.5482 -0.7217 0.4226
vn 0.5842 -0.7692 0.2588
vn 0.6026 -0.7933 0.0872
vn 0.6025 -0.7933 0.0871
vn 0.5836 -0.8073 0.0872
vn 0.5815 -0.8067 0.1054
vn 0.5920 -0.8012 0.0872
vn 0.5592 -0.8244 0.0872
vn 0.5621 -0.8174 0.1260
vn 0.5473 -0.7959 0.2588
vn 0.5135 -0.7468 0.4226
vn 0.4641 -0.6750 0.5735
vn 0.4641 -0.6750 0.5736
vn 0.4006 -0.5827 0.7071
vn 0.3250 -0.4726 0.8191
vn 0.3250 -0.4727 0.8191
vn 0.2395 -0.3483 0.9063
vn 0.1467 -0.2133 0.9659
vn 0.1466 -0.2133 0.9659
vn 0.0494 -0.0718 0.9962
vn 0.5355 -0.8400 0.0872
vn 0.5445 -0.8334 0.0951
vn 0.5283 -0.8086 0.2588
vn 0.4957 -0.7587 0.4226
vn 0.4480 -0.6858 0.5735
vn 0.3868 -0.5920 0.7071
vn 0.3137 -0.4802 0.8191
vn 0.2312 -0.3538 0.9063
vn 0.1416 -0.2167 0.9659
vn 0.0477 -0.0730 0.9962
vn 0.0459 -0.0741 0.9962
vn 0.1364 -0.2200 0.9659
vn 0.1364 -0.2199 0.9659
vn 0.2227 -0.3592 0.9063
vn 0.3023 -0.4875 0.8191
vn 0.3727 -0.6010 0.7071
vn 0.4317 -0.6962 0.5736
vn 0.4317 -0.6962 0.5735
vn 0.4777 -0.7703 0.4226
vn 0.4777 -0.7702 0.4226
vn 0.5091 -0.8209 0.2588
vn 0.5250 -0.8466 0.0872
vn 0.5250 -0.8466 0.0871
vn 0.0442 -0.0751 0.9962
vn 0.1312 -0.2232 0.9659
vn 0.1312 -0.2231 0.9659
vn 0.2142 -0.3643 0.9063
vn 0.2907 -0.4945 0.8191
vn 0.3584 -0.6096 0.7071
vn 0.4152 -0.7062 0.5735
vn 0.4152 -0.7062 0.5736
vn 0.4593 -0.7813 0.4226
vn 0.4895 -0.8327 0.2588
vn 0.5030 -0.8555 0.1232
vn 0.5012 -0.8609 0.0871
vn 0.4764 -0.8749 0.0872
vn 0.4831 -0.8681 0.1143
vn 0.4697 -0.8440 0.2588
vn 0.4407 -0.7919 0.4226
vn 0.3984 -0.7158 0.5735
vn 0.3984 -0.7158 0.5736
vn 0.3439 -0.6179 0.7071
vn 0.2789 -0.5012 0.8191
vn 0.2055 -0.3693 0.9063
vn 0.1259 -0.2262 0.9659
vn 0.0424 -0.0761 0.9962
vn 0.0424 -0.0762 0.9962
vn 0.0406 -0.0771 0.9962
vn 0.1205 -0.2291 0.9659
vn 0.1968 -0.3741 0.9063
vn 0.1967 -0.3740 0.9063
vn 0.2670 -0.5077 0.8191
vn 0.3292 -0.6259 0.7071
vn 0.3292 -0.6258 0.7071
vn 0.3813 -0.7250 0.5736
vn 0.3814 -0.7250 0.5735
vn 0.4219 -0.8021 0.4226
vn 0.4497 -0.8549 0.2588
vn 0.4638 -0.8817 0.0872
vn 0.4638 -0.8817 0.0871
vn 0.4428 -0.8924 0.0872
vn 0.4394 -0.8906 0.1170
vn 0.4513 -0.8881 0.0872
vn 0.4151 -0.9056 0.0871
vn 0.4199 -0.8990 0.1244
vn 0.4088 -0.8752 0.2588
vn 0.3836 -0.8211 0.4226
vn 0.3836 -0.8212 0.4226
vn 0.3467 -0.7422 0.5735
vn 0.2993 -0.6407 0.7071
vn 0.2427 -0.5197 0.8191
vn 0.2428 -0.5197 0.8191
vn 0.1789 -0.3829 0.9063
vn 0.1095 -0.2345 0.9659
vn 0.0369 -0.0790 0.9962
vn 0.0350 -0.0798 0.9962
vn 0.1040 -0.2370 0.9659
vn 0.1698 -0.3871 0.9063
vn 0.1698 -0.3870 0.9063
vn 0.2304 -0.5253 0.8191
vn 0.2840 -0.6476 0.7071
vn 0.2841 -0.6476 0.7071
vn 0.3291 -0.7502 0.5736
vn 0.3641 -0.8300 0.4226
vn 0.3880 -0.8846 0.2588
vn 0.4002 -0.9123 0.0871
vn 0.4002 -0.9123 0.0872
vn 0.3783 -0.9216 0.0872
vn 0.3784 -0.9212 0.0904
vn 0.3670 -0.8935 0.2588
vn 0.3444 -0.8383 0.4226
vn 0.3444 -0.8384 0.4226
vn 0.3112 -0.7577 0.5735
vn 0.3113 -0.7577 0.5736
vn 0.2687 -0.6541 0.7071
vn 0.2179 -0.5306 0.8191
vn 0.1606 -0.3909 0.9063
vn 0.1606 -0.3910 0.9063
vn 0.0983 -0.2394 0.9659
vn 0.0331 -0.0806 0.9962
vn 0.0312 -0.0814 0.9962
vn 0.0927 -0.2417 0.9659
vn 0.1513 -0.3946 0.9063
vn 0.2054 -0.5356 0.8191
vn 0.2053 -0.5356 0.8191
vn 0.2531 -0.6603 0.7071
vn 0.2532 -0.6603 0.7071
vn 0.2933 -0.7649 0.5735
vn 0.3245 -0.8462 0.4226
vn 0.3458 -0.9019 0.2588
vn 0.3552 -0.9263 0.1255
vn 0.3518 -0.9320 0.0872
vn 0.3251 -0.9417 0.0871
vn 0.3339 -0.9365 0.1070
vn 0.3244 -0.9098 0.2588
vn 0.3044 -0.8537 0.4226
vn 0.2751 -0.7716 0.5736
vn 0.2751 -0.7716 0.5735
vn 0.2375 -0.6661 0.7071
vn 0.1926 -0.5403 0.8191
vn 0.1419 -0.3981 0.9063
vn 0.0869 -0.2438 0.9659
vn 0.0293 -0.0821 0.9962
vn 0.0273 -0.0828 0.9962
vn 0.0811 -0.2458 0.9659
vn 0.1325 -0.4013 0.9063
vn 0.1798 -0.5447 0.8191
vn 0.2217 -0.6715 0.7071
vn 0.2568 -0.7779 0.5736
vn 0.2841 -0.8606 0.4226
vn 0.3028 -0.9172 0.2588
vn 0.3123 -0.9460 0.0871
vn 0.0254 -0.0834 0.9962
vn 0.0753 -0.2476 0.9659
vn 0.1230 -0.4043 0.9063
vn 0.1230 -0.4044 0.9063
vn 0.1669 -0.5488 0.8191
vn 0.2058 -0.6765 0.7071
vn 0.2384 -0.7837 0.5736
vn 0.2384 -0.7837 0.5735
vn 0.2637 -0.8671 0.4226
vn 0.2811 -0.9241 0.2588
vn 0.2890 -0.9501 0.1176
vn 0.2869 -0.9540 0.0872
vn 0.2596 -0.9618 0.0871
vn 0.2663 -0.9562 0.1210
vn 0.2592 -0.9305 0.2588
vn 0.2432 -0.8731 0.4226
vn 0.2198 -0.7891 0.5736
vn 0.2198 -0.7892 0.5735
vn 0.1897 -0.6812 0.7071
vn 0.1539 -0.5526 0.8191
vn 0.1134 -0.4071 0.9063
vn 0.1134 -0.4072 0.9063
vn 0.0694 -0.2493 0.9659
vn 0.0234 -0.0840 0.9962
vn 0.0214 -0.0845 0.9962
vn 0.0635 -0.2509 0.9659
vn 0.1038 -0.4097 0.9063
vn 0.1408 -0.5561 0.8191
vn 0.1736 -0.6855 0.7071
vn 0.2011 -0.7941 0.5736
vn 0.2225 -0.8786 0.4226
vn 0.2371 -0.9364 0.2588
vn 0.2445 -0.9657 0.0871
vn 0.2446 -0.9657 0.0871
vn 0.2217 -0.9712 0.0871
vn 0.2203 -0.9701 0.1021
vn 0.2320 -0.9688 0.0871
vn 0.1928 -0.9774 0.0872
vn 0.1978 -0.9721 0.1261
vn 0.1926 -0.9465 0.2588
vn 0.1808 -0.8881 0.4226
vn 0.1807 -0.8881 0.4226
vn 0.1634 -0.8027 0.5735
vn 0.1410 -0.6929 0.7071
vn 0.1144 -0.5621 0.8191
vn 0.0843 -0.4142 0.9063
vn 0.0843 -0.4141 0.9063
vn 0.0516 -0.2536 0.9659
vn 0.0516 -0.2537 0.9659
vn 0.0174 -0.0854 0.9962
vn 0.1648 -0.9825 0.0871
vn 0.1754 -0.9796 0.0980
vn 0.1702 -0.9508 0.2588
vn 0.1597 -0.8921 0.4226
vn 0.1444 -0.8063 0.5736
vn 0.1444 -0.8064 0.5735
vn 0.1246 -0.6961 0.7071
vn 0.1011 -0.5646 0.8191
vn 0.0745 -0.4160 0.9063
vn 0.0456 -0.2548 0.9659
vn 0.0154 -0.0858 0.9962
vn 0.0133 -0.0861 0.9962
vn 0.0396 -0.2558 0.9659
vn 0.0646 -0.4177 0.9063
vn 0.0877 -0.5669 0.8191
vn 0.1081 -0.6988 0.7071
vn 0.1253 -0.8095 0.5735
vn 0.1386 -0.8957 0.4226
vn 0.1386 -0.8956 0.4226
vn 0.1477 -0.9546 0.2588
vn 0.1524 -0.9845 0.0871
vn 0.1523 -0.9845 0.0872
vn 0.0113 -0.0864 0.9962
vn 0.0335 -0.2567 0.9659
vn 0.0335 -0.2566 0.9659
vn 0.0548 -0.4191 0.9063
vn 0.0743 -0.5688 0.8191
vn 0.0916 -0.7012 0.7071
vn 0.1061 -0.8123 0.5735
vn 0.1061 -0.8123 0.5736
vn 0.1174 -0.8987 0.4226
vn 0.1251 -0.9578 0.2588
vn 0.1286 -0.9841 0.1222
vn 0.1251 -0.9883 0.0871
vn 0.0968 -0.9915 0.0872
vn 0.1054 -0.9876 0.1160
vn 0.1025 -0.9605 0.2588
vn 0.0962 -0.9012 0.4226
vn 0.0869 -0.8146 0.5735
vn 0.0869 -0.8145 0.5736
vn 0.0750 -0.7031 0.7071
vn 0.0750 -0.7032 0.7071
vn 0.0609 -0.5704 0.8191
vn 0.0448 -0.4203 0.9063
vn 0.0275 -0.2574 0.9659
vn 0.0092 -0.0867 0.9962
vn 0.0072 -0.0869 0.9962
vn 0.0214 -0.2580 0.9659
vn 0.0214 -0.2579 0.9659
vn 0.0349 -0.4212 0.9063
vn 0.0474 -0.5716 0.8192
vn 0.0474 -0.5716 0.8191
vn 0.0584 -0.7047 0.7071
vn 0.0676 -0.8164 0.5735
vn 0.0676 -0.8164 0.5736
vn 0.0748 -0.9032 0.4226
vn 0.0798 -0.9626 0.2588
vn 0.0823 -0.9928 0.0872
vn 0.0823 -0.9928 0.0871
vn 0.0588 -0.9945 0.0872
vn 0.0566 -0.9919 0.1137
vn 0.0685 -0.9938 0.0872
vn 0.0284 -0.9958 0.0871
vn 0.0351 -0.9915 0.1250
vn 0.0342 -0.9653 0.2588
vn 0.0321 -0.9058 0.4226
vn 0.0290 -0.8186 0.5736
vn 0.0250 -0.7067 0.7071
vn 0.0251 -0.7067 0.7071
vn 0.0203 -0.5733 0.8191
vn 0.0203 -0.5732 0.8191
vn 0.0150 -0.4224 0.9063
vn 0.0092 -0.2587 0.9659
vn 0.0031 -0.0871 0.9962
vn 0.0010 -0.0871 0.9962
vn 0.0010 -0.0872 0.9962
vn 0.0031 -0.2588 0.9659
vn 0.0050 -0.4226 0.9063
vn 0.0068 -0.5736 0.8191
vn 0.0084 -0.7071 0.7071
vn 0.0097 -0.8191 0.5736
vn 0.0097 -0.8191 0.5735
vn 0.0107 -0.9063 0.4226
vn 0.0114 -0.9659 0.2588
vn 0.0118 -0.9961 0.0871
vn -0.0000 -0.0000 -1.0000
vn 0.0118 0.9999 -0.0000
vn 0.0285 0.9996 -0.0000
vn 0.0403 0.9992 -0.0000
vn 0.0570 0.9984 -0.0000
vn 0.0688 0.9976 -0.0000
vn 0.0826 0.9966 -0.0000
vn 0.0972 0.9953 -0.0000
vn 0.1090 0.9940 -0.0000
vn 0.1256 0.9921 -0.0000
vn 0.1373 0.9905 -0.0000
vn 0.1529 0.9882 -0.0000
vn 0.1655 0.9862 -0.0000
vn 0.1653 0.9862 -0.0000
vn 0.1771 0.9842 -0.0000
vn 0.1935 0.9811 -0.0000
vn 0.2051 0.9787 -0.0000
vn 0.2214 0.9752 -0.0000
vn 0.2329 0.9725 -0.0000
vn 0.2455 0.9694 -0.0000
vn 0.2606 0.9655 -0.0000
vn 0.2719 0.9623 -0.0000
vn 0.2880 0.9576 -0.0000
vn 0.2993 0.9542 -0.0000
vn 0.3135 0.9496 -0.0000
vn 0.3263 0.9453 -0.0000
vn 0.3264 0.9452 -0.0000
vn 0.3375 0.9413 -0.0000
vn 0.3532 0.9356 -0.0000
vn 0.3642 0.9313 -0.0000
vn 0.3797 0.9251 -0.0000
vn 0.3905 0.9206 -0.0000
vn 0.3907 0.9205 -0.0000
vn 0.4017 0.9158 -0.0000
vn 0.4167 0.9090 -0.0000
vn 0.4274 0.9041 -0.0000
vn 0.4425 0.8968 -0.0000
vn 0.4530 0.8915 -0.0000
vn 0.4655 0.8850 -0.0000
vn 0.4783 0.8782 -0.0000
vn 0.4886 0.8725 -0.0000
vn 0.5031 0.8642 -0.0000
vn 0.5133 0.8582 -0.0000
vn 0.5270 0.8498 -0.0000
vn 0.5270 0.8499 -0.0000
vn 0.5376 0.8432 -0.0000
vn 0.5375 0.8433 -0.0000
vn 0.5475 0.8368 -0.0000
vn 0.5614 0.8276 -0.0000
vn 0.5711 0.8209 -0.0000
vn 0.5848 0.8112 -0.0000
vn 0.5943 0.8042 -0.0000
vn 0.5943 0.8043 -0.0000
vn 0.6048 0.7963 -0.0000
vn 0.6170 0.7870 -0.0000
vn 0.6262 0.7796 -0.0000
vn 0.6392 0.7691 -0.0000
vn 0.6482 0.7615 -0.0000
vn 0.6597 0.7515 -0.0000
vn 0.6697 0.7427 -0.0000
vn 0.6697 0.7426 -0.0000
vn 0.6784 0.7347 -0.0000
vn 0.6906 0.7233 -0.0000
vn 0.6991 0.7151 -0.0000
vn 0.7109 0.7033 -0.0000
vn 0.7192 0.6948 -0.0000
vn 0.7277 0.6859 -0.0000
vn 0.7387 0.6740 -0.0000
vn 0.7466 0.6653 -0.0000
vn 0.7576 0.6527 -0.0000
vn 0.7653 0.6437 -0.0000
vn 0.7744 0.6327 -0.0000
vn 0.7833 0.6216 -0.0000
vn 0.7906 0.6123 -0.0000
vn 0.8007 0.5990 -0.0000
vn 0.8077 0.5895 -0.0000
vn 0.8173 0.5763 -0.0000
vn 0.8242 0.5663 -0.0000
vn 0.8242 0.5662 -0.0000
vn 0.8309 0.5565 -0.0000
vn 0.8400 0.5425 -0.0000
vn 0.8464 0.5326 -0.0000
vn 0.8552 0.5183 -0.0000
vn 0.8612 0.5082 -0.0000
vn 0.8680 0.4966 -0.0000
vn 0.8754 0.4834 -0.0000
vn 0.8754 0.4835 -0.0000
vn 0.8810 0.4731 -0.0000
vn 0.8888 0.4583 -0.0000
vn 0.8942 0.4478 -0.0000
vn 0.9010 0.4339 -0.0000
vn 0.9066 0.4221 -0.0000
vn 0.9065 0.4221 -0.0000
vn 0.9115 0.4113 -0.0000
vn 0.9182 0.3961 -0.0000
vn 0.9182 0.3960 -0.0000
vn 0.9228 0.3852 -0.0000
vn 0.9291 0.3697 -0.0000
vn 0.9334 0.3587 -0.0000
vn 0.9379 0.3469 -0.0000
vn 0.9433 0.3319 -0.0000
vn 0.9472 0.3208 -0.0000
vn 0.9524 0.3049 -0.0000
vn 0.9559 0.2936 -0.0000
vn 0.9601 0.2797 -0.0000
vn 0.9639 0.2663 -0.0000
vn 0.9639 0.2662 -0.0000
vn 0.9670 0.2549 -0.0000
vn 0.9711 0.2387 -0.0000
vn 0.9739 0.2272 -0.0000
vn 0.9775 0.2110 -0.0000
vn 0.0118 -0.9999 -0.0000
vn 0.0285 -0.9996 -0.0000
vn 0.0403 -0.9992 -0.0000
vn 0.0570 -0.9984 -0.0000
vn 0.0688 -0.9976 -0.0000
vn 0.0826 -0.9966 -0.0000
vn 0.0972 -0.9953 -0.0000
vn 0.1090 -0.9940 -0.0000
vn 0.1256 -0.9921 -0.0000
vn 0.1373 -0.9905 -0.0000
vn 0.1529 -0.9882 -0.0000
vn 0.1655 -0.9862 -0.0000
vn 0.1653 -0.9862 -0.0000
vn 0.1771 -0.9842 -0.0000
vn 0.1935 -0.9811 -0.0000
vn 0.2051 -0.9787 -0.0000
vn 0.2214 -0.9752 -0.0000
vn 0.2329 -0.9725 -0.0000
vn 0.2455 -0.9694 -0.0000
vn 0.2606 -0.9655 -0.0000
vn 0.2719 -0.9623 -0.0000
vn 0.2880 -0.9576 -0.0000
vn 0.2993 -0.9542 -0.0000
vn 0.3135 -0.9496 -0.0000
vn 0.3263 -0.9453 -0.0000
vn 0.3264 -0.9452 -0.0000
vn 0.3375 -0.9413 -0.0000
vn 0.3532 -0.9356 -0.0000
vn 0.3642 -0.9313 -0.0000
vn 0.3797 -0.9251 -0.0000
vn 0.3905 -0.9206 -0.0000
vn 0.3907 -0.9205 -0.0000
vn 0.4017 -0.9158 -0.0000
vn 0.4167 -0.9090 -0.0000
vn 0.4274 -0.9041 -0.0000
vn 0.4425 -0.8968 -0.0000
vn 0.4530 -0.8915 -0.0000
vn 0.4655 -0.8850 -0.0000
vn 0.4783 -0.8782 -0.0000
vn 0.4886 -0.8725 -0.0000
vn 0.5031 -0.8642 -0.0000
vn 0.5133 -0.8582 -0.0000
vn 0.5270 -0.8498 -0.0000
vn 0.5270 -0.8499 -0.0000
vn 0.5376 -0.8432 -0.0000
vn 0.5375 -0.8433 -0.0000
vn 0.5475 -0.8368 -0.0000
vn 0.5614 -0.8276 -0.0000
vn 0.5711 -0.8209 -0.0000
vn 0.5848 -0.8112 -0.0000
vn 0.5943 -0.8042 -0.0000
vn 0.5943 -0.8043 -0.0000
vn 0.6048 -0.7963 -0.0000
vn 0.6170 -0.7870 -0.0000
vn 0.6262 -0.7796 -0.0000
vn 0.6392 -0.7691 -0.0000
vn 0.6482 -0.7615 -0.0000
vn 0.6597 -0.7515 -0.0000
vn 0.6697 -0.7427 -0.0000
vn 0.6697 -0.7426 -0.0000
vn 0.6784 -0.7347 -0.0000
vn 0.6906 -0.7233 -0.0000
vn 0.6991 -0.7151 -0.0000
vn 0.7109 -0.7033 -0.0000
vn 0.7192 -0.6948 -0.0000
vn 0.7277 -0.6859 -0.0000
vn 0.7387 -0.6740 -0.0000
vn 0.7466 -0.6653 -0.0000
vn 0.7576 -0.6527 -0.0000
vn 0.7653 -0.6437 -0.0000
vn 0.7744 -0.6327 -0.0000
vn 0.7833 -0.6216 -0.0000
vn 0.7906 -0.6123 -0.0000
vn 0.8007 -0.5990 -0.0000
vn 0.8077 -0.5895 -0.0000
vn 0.8173 -0.5763 -0.0000
vn 0.8242 -0.5663 -0.0000
vn 0.8242 -0.5662 -0.0000
vn 0.8309 -0.5565 -0.0000
vn 0.8400 -0.5425 -0.0000
vn 0.8464 -0.5326 -0.0000
vn 0.8552 -0.5183 -0.0000
vn 0.8612 -0.5082 -0.0000
vn 0.8680 -0.4966 -0.0000
vn 0.8754 -0.4834 -0.0000
vn 0.8754 -0.4835 -0.0000
vn 0.8810 -0.4731 -0.0000
vn 0.8888 -0.4583 -0.0000
vn 0.8942 -0.4478 -0.0000
vn 0.9010 -0.4339 -0.0000
vn 0.9066 -0.4221 -0.0000
vn 0.9065 -0.4221 -0.0000
vn 0.9115 -0.4113 -0.0000
vn 0.9182 -0.3961 -0.0000
vn 0.9182 -0.3960 -0.0000
vn 0.9228 -0.3852 -0.0000
vn 0.9291 -0.3697 -0.0000
vn 0.9334 -0.3587 -0.0000
vn 0.9379 -0.3469 -0.0000
vn 0.9433 -0.3319 -0.0000
vn 0.9472 -0.3208 -0.0000
vn 0.9524 -0.3049 -0.0000
vn 0.9559 -0.2936 -0.0000
vn 0.9601 -0.2797 -0.0000
vn 0.9639 -0.2663 -0.0000
vn 0.9639 -0.2662 -0.0000
vn 0.9670 -0.2549 -0.0000
vn 0.9711 -0.2387 -0.0000
vn 0.9739 -0.2272 -0.0000
vn 0.9775 -0.2110 -0.0000
vn 0.9799 -0.1993 -0.0000
vn 0.9799 -0.1994 -0.0000
vn 0.9822 -0.1877 -0.0000
vn 0.9852 -0.1713 -0.0000
vn 0.9872 -0.1596 -0.0000
vn 0.9897 -0.1431 -0.0000
vn 0.9913 -0.1314 -0.0000
vn 0.9930 -0.1178 -0.0000
vn 0.9947 -0.1031 -0.0000
vn 0.9958 -0.0913 -0.0000
vn 0.9972 -0.0747 -0.0000
vn 0.9980 -0.0629 -0.0000
vn 0.9989 -0.0472 -0.0000
vn 0.9994 -0.0344 -0.0000
vn 0.9997 -0.0226 -0.0000
vn 1.0000 -0.0059 -0.0000
vn 1.0000 0.0059 -0.0000
vn 0.9997 0.0226 -0.0000
vn 0.9994 0.0344 -0.0000
vn 0.9989 0.0472 -0.0000
vn 0.9980 0.0629 -0.0000
vn 0.9972 0.0747 -0.0000
vn 0.9958 0.0913 -0.0000
vn 0.9947 0.1031 -0.0000
vn 0.9930 0.1178 -0.0000
vn 0.9913 0.1314 -0.0000
vn 0.9897 0.1431 -0.0000
vn 0.9872 0.1596 -0.0000
vn 0.9852 0.1713 -0.0000
vn 0.9822 0.1877 -0.0000
vn 0.9799 0.1994 -0.0000
vn 0.9799 0.1993 -0.0000
vn -0.0118 -0.9999 -0.0000
vn -0.0285 -0.9996 -0.0000
vn -0.0403 -0.9992 -0.0000
vn -0.0570 -0.9984 -0.0000
vn -0.0688 -0.9976 -0.0000
vn -0.0826 -0.9966 -0.0000
vn -0.0972 -0.9953 -0.0000
vn -0.1090 -0.9940 -0.0000
vn -0.1256 -0.9921 -0.0000
vn -0.1373 -0.9905 -0.0000
vn -0.1529 -0.9882 -0.0000
vn -0.1655 -0.9862 -0.0000
vn -0.1653 -0.9862 -0.0000
vn -0.1771 -0.9842 -0.0000
vn -0.1935 -0.9811 -0.0000
vn -0.2051 -0.9787 -0.0000
vn -0.2214 -0.9752 -0.0000
vn -0.2329 -0.9725 -0.0000
vn -0.2455 -0.9694 -0.0000
vn -0.2606 -0.9655 -0.0000
vn -0.2719 -0.9623 -0.0000
vn -0.2880 -0.9576 -0.0000
vn -0.2993 -0.9542 -0.0000
vn -0.3135 -0.9496 -0.0000
vn -0.3263 -0.9453 -0.0000
vn -0.3264 -0.9452 -0.0000
vn -0.3375 -0.9413 -0.0000
vn -0.3532 -0.9356 -0.0000
vn -0.3642 -0.9313 -0.0000
vn -0.3797 -0.9251 -0.0000
vn -0.3905 -0.9206 -0.0000
vn -0.3907 -0.9205 -0.0000
vn -0.4017 -0.9158 -0.0000
vn -0.4167 -0.9090 -0.0000
vn -0.4274 -0.9041 -0.0000
vn -0.4425 -0.8968 -0.0000
vn -0.4530 -0.8915 -0.0000
vn -0.4655 -0.8850 -0.0000
vn -0.4783 -0.8782 -0.0000
vn -0.4886 -0.8725 -0.0000
vn -0.5031 -0.8642 -0.0000
vn -0.5133 -0.8582 -0.0000
vn -0.5270 -0.8498 -0.0000
vn -0.5270 -0.8499 -0.0000
vn -0.5376 -0.8432 -0.0000
vn -0.5375 -0.8433 -0.0000
vn -0.5475 -0.8368 -0.0000
vn -0.5614 -0.8276 -0.0000
vn -0.5711 -0.8209 -0.0000
vn -0.5848 -0.8112 -0.0000
vn -0.5943 -0.8042 -0.0000
vn -0.5943 -0.8043 -0.0000
vn -0.6048 -0.7963 -0.0000
vn -0.6170 -0.7870 -0.0000
vn -0.6262 -0.7796 -0.0000
vn -0.6392 -0.7691 -0.0000
vn -0.6482 -0.7615 -0.0000
vn -0.6597 -0.7515 -0.0000
vn -0.6697 -0.7427 -0.0000
vn -0.6697 -0.7426 -0.0000
vn -0.6784 -0.7347 -0.0000
vn -0.6906 -0.7233 -0.0000
vn -0.6991 -0.7151 -0.0000
vn -0.7109 -0.7033 -0.0000
vn -0.7192 -0.6948 -0.0000
vn -0.7277 -0.6859 -0.0000
vn -0.7387 -0.6740 -0.0000
vn -0.7466 -0.6653 -0.0000
vn -0.7576 -0.6527 -0.0000
vn -0.7653 -0.6437 -0.0000
vn -0.7744 -0.6327 -0.0000
vn -0.7833 -0.6216 -0.0000
vn -0.7906 -0.6123 -0.0000
vn -0.8007 -0.5990 -0.0000
vn -0.8077 -0.5895 -0.0000
vn -0.8173 -0.5763 -0.0000
vn -0.8242 -0.5663 -0.0000
vn -0.8242 -0.5662 -0.0000
vn -0.8309 -0.5565 -0.0000
vn -0.8400 -0.5425 -0.0000
vn -0.8464 -0.5326 -0.0000
vn -0.8552 -0.5183 -0.0000
vn -0.8612 -0.5082 -0.0000
vn -0.8680 -0.4966 -0.0000
vn -0.8754 -0.4834 -0.0000
vn -0.8754 -0.4835 -0.0000
vn -0.8810 -0.4731 -0.0000
vn -0.8888 -0.4583 -0.0000
vn -0.8942 -0.4478 -0.0000
vn -0.9010 -0.4339 -0.0000
vn -0.9066 -0.4221 -0.0000
vn -0.9065 -0.4221 -0.0000
vn -0.9115 -0.4113 -0.0000
vn -0.9182 -0.3961 -0.0000
vn -0.9182 -0.3960 -0.0000
vn -0.9228 -0.3852 -0.0000
vn -0.9291 -0.3697 -0.0000
vn -0.9334 -0.3587 -0.0000
vn -0.9379 -0.3469 -0.0000
vn -0.9433 -0.3319 -0.0000
vn -0.9472 -0.3208 -0.0000
vn -0.9524 -0.3049 -0.0000
vn -0.9559 -0.2936 -0.0000
vn -0.9601 -0.2797 -0.0000
vn -0.9639 -0.2663 -0.0000
vn -0.9639 -0.2662 -0.0000
vn -0.9670 -0.2549 -0.0000
vn -0.9711 -0.2387 -0.0000
vn -0.9739 -0.2272 -0.0000
vn -0.9775 -0.2110 -0.0000
vn -0.0118 0.9999 -0.0000
vn -0.0285 0.9996 -0.0000
vn -0.0403 0.9992 -0.0000
vn -0.0570 0.9984 -0.0000
vn -0.0688 0.9976 -0.0000
vn -0.0826 0.9966 -0.0000
vn -0.0972 0.9953 -0.0000
vn -0.1090 0.9940 -0.0000
vn -0.1256 0.9921 -0.0000
vn -0.1373 0.9905 -0.0000
vn -0.1529 0.9882 -0.0000
vn -0.1655 0.9862 -0.0000
vn -0.1653 0.9862 -0.0000
vn -0.1771 0.9842 -0.0000
vn -0.1935 0.9811 -0.0000
vn -0.2051 0.9787 -0.0000
vn -0.2214 0.9752 -0.0000
vn -0.2329 0.9725 -0.0000
vn -0.2455 0.9694 -0.0000
vn -0.2606 0.9655 -0.0000
vn -0.2719 0.9623 -0.0000
vn -0.2880 0.9576 -0.0000
vn -0.2993 0.9542 -0.0000
vn -0.3135 0.9496 -0.0000
vn -0.3263 0.9453 -0.0000
vn -0.3264 0.9452 -0.0000
vn -0.3375 0.9413 -0.0000
vn -0.3532 0.9356 -0.0000
vn -0.3642 0.9313 -0.0000
vn -0.3797 0.9251 -0.0000
vn -0.3905 0.9206 -0.0000
vn -0.3907 0.9205 -0.0000
vn -0.4017 0.9158 -0.0000
vn -0.4167 0.9090 -0.0000
vn -0.4274 0.9041 -0.0000
vn -0.4425 0.8968 -0.0000
vn -0.4530 0.8915 -0.0000
vn -0.4655 0.8850 -0.0000
vn -0.4783 0.8782 -0.0000
vn -0.4886 0.8725 -0.0000
vn -0.5031 0.8642 -0.0000
vn -0.5133 0.8582 -0.0000
vn -0.5270 0.8498 -0.0000
vn -0.5270 0.8499 -0.0000
vn -0.5376 0.8432 -0.0000
vn -0.5375 0.8433 -0.0000
vn -0.5475 0.8368 -0.0000
vn -0.5614 0.8276 -0.0000
vn -0.5711 0.8209 -0.0000
vn -0.5848 0.8112 -0.0000
vn -0.5943 0.8042 -0.0000
vn -0.5943 0.8043 -0.0000
vn -0.6048 0.7963 -0.0000
vn -0.6170 0.7870 -0.0000
vn -0.6262 0.7796 -0.0000
vn -0.6392 0.7691 -0.0000
vn -0.6482 0.7615 -0.0000
vn -0.6597 0.7515 -0.0000
vn -0.6697 0.7427 -0.0000
vn -0.6697 0.7426 -0.0000
vn -0.6784 0.7347 -0.0000
vn -0.6906 0.7233 -0.0000
vn -0.6991 0.7151 -0.0000
vn -0.7109 0.7033 -0.0000
vn -0.7192 0.6948 -0.0000
vn -0.7277 0.6859 -0.0000
vn -0.7387 0.6740 -0.0000
vn -0.7466 0.6653 -0.0000
vn -0.7576 0.6527 -0.0000
vn -0.7653 0.6437 -0.0000
vn -0.7744 0.6327 -0.0000
vn -0.7833 0.6216 -0.0000
vn -0.7906 0.6123 -0.0000
vn -0.8007 0.5990 -0.0000
vn -0.8077 0.5895 -0.0000
vn -0.8173 0.5763 -0.0000
vn -0.8242 0.5663 -0.0000
vn -0.8242 0.5662 -0.0000
vn -0.8309 0.5565 -0.0000
vn -0.8400 0.5425 -0.0000
vn -0.8464 0.5326 -0.0000
vn -0.8552 0.5183 -0.0000
vn -0.8612 0.5082 -0.0000
vn -0.8680 0.4966 -0.0000
vn -0.8754 0.4834 -0.0000
vn -0.8754 0.4835 -0.0000
vn -0.8810 0.4731 -0.0000
vn -0.8888 0.4583 -0.0000
vn -0.8942 0.4478 -0.0000
vn -0.9010 0.4339 -0.0000
vn -0.9066 0.4221 -0.0000
vn -0.9065 0.4221 -0.0000
vn -0.9115 0.4113 -0.0000
vn -0.9182 0.3960 -0.0000
vn -0.9228 0.3852 -0.0000
vn -0.9291 0.3697 -0.0000
vn -0.9334 0.3587 -0.0000
vn -0.9379 0.3469 -0.0000
vn -0.9433 0.3319 -0.0000
vn -0.9472 0.3208 -0.0000
vn -0.9524 0.3049 -0.0000
vn -0.9559 0.2936 -0.0000
vn -0.9601 0.2797 -0.0000
vn -0.9639 0.2663 -0.0000
vn -0.9639 0.2662 -0.0000
vn -0.9670 0.2549 -0.0000
vn -0.9711 0.2387 -0.0000
vn -0.9739 0.2272 -0.0000
vn -0.9775 0.2110 -0.0000
vn -0.9799 0.1993 -0.0000
vn -0.9799 0.1994 -0.0000
vn -0.9822 0.1877 -0.0000
vn -0.9852 0.1713 -0.0000
vn -0.9872 0.1596 -0.0000
vn -0.9897 0.1431 -0.0000
vn -0.9913 0.1314 -0.0000
vn -0.9930 0.1178 -0.0000
vn -0.9947 0.1031 -0.0000
vn -0.9958 0.0913 -0.0000
vn -0.9972 0.0747 -0.0000
vn -0.9980 0.0629 -0.0000
vn -0.9989 0.0472 -0.0000
vn -0.9994 0.0344 -0.0000
vn -0.9997 0.0226 -0.0000
vn -1.0000 0.0059 -0.0000
vn -1.0000 -0.0059 -0.0000
vn -0.9997 -0.0226 -0.0000
vn -0.9994 -0.0344 -0.0000
vn -0.9989 -0.0472 -0.0000
vn -0.9980 -0.0629 -0.0000
vn -0.9972 -0.0747 -0.0000
vn -0.9958 -0.0913 -0.0000
vn -0.9947 -0.1031 -0.0000
vn -0.9930 -0.1178 -0.0000
vn -0.9913 -0.1314 -0.0000
vn -0.9897 -0.1431 -0.0000
vn -0.9872 -0.1596 -0.0000
vn -0.9852 -0.1713 -0.0000
vn -0.9822 -0.1877 -0.0000
vn -0.9799 -0.1994 -0.0000
vn -0.9799 -0.1993 -0.0000
vn -0.0092 -0.0867 -0.9962
vn -0.0275 -0.2574 -0.9659
vn -0.0448 -0.4203 -0.9063
vn -0.0609 -0.5703 -0.8191
vn -0.0750 -0.7031 -0.7071
vn -0.0869 -0.8146 -0.5735
vn -0.0962 -0.9012 -0.4226
vn -0.1025 -0.9605 -0.2588
vn -0.0685 -0.9938 -0.0872
vn -0.0566 -0.9919 -0.1137
vn -0.0968 -0.9915 -0.0872
vn -0.1286 -0.9841 -0.1222
vn -0.1054 -0.9876 -0.1160
vn -0.1086 -0.9903 -0.0871
vn -0.1251 -0.9883 -0.0871
vn -0.1368 -0.9868 -0.0872
vn -0.1523 -0.9845 -0.0872
vn -0.1524 -0.9845 -0.0871
vn -0.1648 -0.9825 -0.0871
vn -0.1754 -0.9796 -0.0980
vn -0.1764 -0.9804 -0.0872
vn -0.1928 -0.9774 -0.0872
vn -0.1978 -0.9721 -0.1261
vn -0.2043 -0.9750 -0.0871
vn -0.2217 -0.9712 -0.0871
vn -0.2203 -0.9701 -0.1021
vn -0.2890 -0.9501 -0.1176
vn -0.2320 -0.9688 -0.0871
vn -0.2445 -0.9657 -0.0871
vn -0.2446 -0.9657 -0.0871
vn -0.2596 -0.9618 -0.0871
vn -0.2663 -0.9562 -0.1210
vn -0.2709 -0.9587 -0.0872
vn -0.2869 -0.9540 -0.0872
vn -0.3552 -0.9263 -0.1255
vn -0.2981 -0.9505 -0.0871
vn -0.3123 -0.9460 -0.0871
vn -0.3251 -0.9417 -0.0871
vn -0.3339 -0.9365 -0.1070
vn -0.3362 -0.9377 -0.0871
vn -0.3518 -0.9320 -0.0872
vn -0.3628 -0.9278 -0.0872
vn -0.3783 -0.9216 -0.0872
vn -0.3784 -0.9212 -0.0904
vn -0.3887 -0.9173 -0.0872
vn -0.4002 -0.9123 -0.0871
vn -0.4151 -0.9056 -0.0871
vn -0.4199 -0.8990 -0.1244
vn -0.4258 -0.9006 -0.0872
vn -0.4428 -0.8924 -0.0872
vn -0.4394 -0.8906 -0.1170
vn -0.5030 -0.8555 -0.1231
vn -0.4513 -0.8881 -0.0872
vn -0.4638 -0.8817 -0.0871
vn -0.4638 -0.8817 -0.0872
vn -0.4764 -0.8749 -0.0872
vn -0.4831 -0.8681 -0.1143
vn -0.4867 -0.8692 -0.0871
vn -0.5012 -0.8609 -0.0871
vn -0.5113 -0.8550 -0.0871
vn -0.5250 -0.8466 -0.0871
vn -0.5250 -0.8466 -0.0872
vn -0.5355 -0.8400 -0.0872
vn -0.5445 -0.8334 -0.0951
vn -0.5454 -0.8336 -0.0872
vn -0.5592 -0.8244 -0.0872
vn -0.5621 -0.8174 -0.1260
vn -0.5689 -0.8178 -0.0872
vn -0.5836 -0.8073 -0.0872
vn -0.5815 -0.8067 -0.1054
vn -0.6372 -0.7614 -0.1191
vn -0.5920 -0.8012 -0.0871
vn -0.6026 -0.7933 -0.0871
vn -0.6025 -0.7933 -0.0872
vn -0.6146 -0.7840 -0.0871
vn -0.6190 -0.7762 -0.1198
vn -0.6239 -0.7767 -0.0872
vn -0.6367 -0.7661 -0.0872
vn -0.6890 -0.7138 -0.1258
vn -0.6458 -0.7586 -0.0871
vn -0.6572 -0.7487 -0.0872
vn -0.6572 -0.7487 -0.0871
vn -0.6671 -0.7398 -0.0872
vn -0.6736 -0.7317 -0.1045
vn -0.6758 -0.7319 -0.0871
vn -0.6879 -0.7205 -0.0871
vn -0.6964 -0.7123 -0.0871
vn -0.7082 -0.7006 -0.0871
vn -0.7081 -0.6998 -0.0936
vn -0.7164 -0.6922 -0.0872
vn -0.7249 -0.6833 -0.0871
vn -0.7359 -0.6715 -0.0871
vn -0.7380 -0.6634 -0.1236
vn -0.7438 -0.6627 -0.0872
vn -0.7564 -0.6483 -0.0871
vn -0.7521 -0.6480 -0.1204
vn -0.7972 -0.5908 -0.1239
vn -0.7624 -0.6412 -0.0871
vn -0.7715 -0.6303 -0.0872
vn -0.7715 -0.6303 -0.0871
vn -0.7803 -0.6193 -0.0872
vn -0.7841 -0.6103 -0.1124
vn -0.7876 -0.6100 -0.0872
vn -0.7977 -0.5968 -0.0871
vn -0.8047 -0.5873 -0.0872
vn -0.8142 -0.5741 -0.0873
vn -0.8142 -0.5741 -0.0871
vn -0.8211 -0.5641 -0.0871
vn -0.8271 -0.5544 -0.0921
vn -0.8277 -0.5544 -0.0871
vn -0.8368 -0.5405 -0.0872
vn -0.8369 -0.5328 -0.1257
vn -0.8432 -0.5305 -0.0872
vn -0.8528 -0.5150 -0.0871
vn -0.8501 -0.5153 -0.1089
vn -0.8840 -0.4517 -0.1204
vn -0.8580 -0.5063 -0.0871
vn -0.8647 -0.4947 -0.0872
vn -0.8647 -0.4947 -0.0871
vn -0.8720 -0.4816 -0.0871
vn -0.8733 -0.4726 -0.1183
vn -0.8777 -0.4713 -0.0872
vn -0.8854 -0.4565 -0.0872
vn -0.8908 -0.4461 -0.0871
vn -0.8975 -0.4322 -0.0871
vn -0.8975 -0.4322 -0.0872
vn -0.9031 -0.4205 -0.0871
vn -0.9062 -0.4103 -0.1020
vn -0.9080 -0.4098 -0.0872
vn -0.9147 -0.3945 -0.0871
vn -0.9131 -0.3877 -0.1261
vn -0.9193 -0.3837 -0.0871
vn -0.9259 -0.3676 -0.0873
vn -0.9248 -0.3680 -0.0970
vn -0.9469 -0.3003 -0.1151
vn -0.9299 -0.3574 -0.0871
vn -0.9343 -0.3456 -0.0871
vn -0.9343 -0.3456 -0.0872
vn -0.9397 -0.3307 -0.0873
vn -0.9387 -0.3222 -0.1227
vn -0.9436 -0.3196 -0.0871
vn -0.9488 -0.3037 -0.0871
vn -0.9646 -0.2322 -0.1248
vn -0.9523 -0.2925 -0.0871
vn -0.9565 -0.2786 -0.0870
vn -0.9564 -0.2786 -0.0872
vn -0.9602 -0.2652 -0.0872
vn -0.9605 -0.2554 -0.1102
vn -0.9633 -0.2539 -0.0872
vn -0.9674 -0.2378 -0.0871
vn -0.9701 -0.2263 -0.0871
vn -0.9738 -0.2102 -0.0872
vn -0.9738 -0.2102 -0.0871
vn -0.9762 -0.1986 -0.0871
vn -0.9783 -0.1871 -0.0889
vn -0.9785 -0.1870 -0.0871
vn -0.9815 -0.1706 -0.0871
vn -0.9786 -0.1633 -0.1253
vn -0.9834 -0.1590 -0.0871
vn -0.9862 -0.1407 -0.0871
vn -0.9835 -0.1422 -0.1121
vn -0.9901 -0.0703 -0.1217
vn -0.9876 -0.1309 -0.0871
vn -0.9893 -0.1174 -0.0872
vn -0.9892 -0.1174 -0.0872
vn -0.9909 -0.1027 -0.0872
vn -0.9887 -0.0937 -0.1168
vn -0.9920 -0.0910 -0.0872
vn -0.9934 -0.0744 -0.0873
vn -0.9942 -0.0627 -0.0873
vn -0.9951 -0.0470 -0.0872
vn -0.9956 -0.0343 -0.0872
vn -0.9948 -0.0235 -0.0995
vn -0.9959 -0.0225 -0.0872
vn -0.9962 -0.0059 -0.0871
vn -0.9920 -0.0000 -0.1262
vn -0.9962 0.0059 -0.0871
vn -0.9959 0.0235 -0.0872
vn -0.9947 0.0225 -0.1006
vn -0.9887 0.0937 -0.1168
vn -0.9956 0.0343 -0.0871
vn -0.9951 0.0470 -0.0872
vn -0.9942 0.0627 -0.0873
vn -0.9901 0.0703 -0.1216
vn -0.9934 0.0744 -0.0873
vn -0.9920 0.0910 -0.0872
vn -0.9786 0.1633 -0.1253
vn -0.9909 0.1027 -0.0872
vn -0.9893 0.1174 -0.0871
vn -0.9892 0.1174 -0.0873
vn -0.9876 0.1309 -0.0870
vn -0.9842 0.1404 -0.1081
vn -0.9859 0.1426 -0.0871
vn -0.9834 0.1590 -0.0871
vn -0.9815 0.1706 -0.0871
vn -0.9785 0.1870 -0.0871
vn -0.9783 0.1871 -0.0889
vn -0.9762 0.1986 -0.0871
vn -0.9738 0.2102 -0.0872
vn -0.9702 0.2263 -0.0871
vn -0.9646 0.2322 -0.1248
vn -0.9674 0.2378 -0.0871
vn -0.9628 0.2559 -0.0871
vn -0.9605 0.2532 -0.1154
vn -0.9387 0.3222 -0.1227
vn -0.9602 0.2652 -0.0871
vn -0.9564 0.2786 -0.0871
vn -0.9523 0.2925 -0.0871
vn -0.9469 0.3003 -0.1151
vn -0.9488 0.3037 -0.0871
vn -0.9436 0.3196 -0.0871
vn -0.9397 0.3307 -0.0872
vn -0.9343 0.3456 -0.0872
vn -0.9343 0.3456 -0.0871
vn -0.9299 0.3574 -0.0871
vn -0.9251 0.3673 -0.0965
vn -0.9256 0.3683 -0.0871
vn -0.9193 0.3837 -0.0871
vn -0.9131 0.3877 -0.1261
vn -0.9147 0.3945 -0.0871
vn -0.9075 0.4109 -0.0871
vn -0.9066 0.4091 -0.1038
vn -0.8733 0.4726 -0.1183
vn -0.9031 0.4205 -0.0871
vn -0.8975 0.4322 -0.0871
vn -0.8975 0.4322 -0.0872
vn -0.8908 0.4460 -0.0871
vn -0.8840 0.4517 -0.1204
vn -0.8854 0.4565 -0.0872
vn -0.8777 0.4713 -0.0872
vn -0.8369 0.5328 -0.1258
vn -0.8720 0.4816 -0.0871
vn -0.8647 0.4947 -0.0872
vn -0.8647 0.4947 -0.0871
vn -0.8580 0.5063 -0.0871
vn -0.8512 0.5140 -0.1058
vn -0.8519 0.5164 -0.0872
vn -0.8432 0.5305 -0.0872
vn -0.8368 0.5405 -0.0872
vn -0.8277 0.5544 -0.0871
vn -0.8271 0.5544 -0.0921
vn -0.8211 0.5641 -0.0871
vn -0.8142 0.5741 -0.0872
vn -0.8047 0.5873 -0.0872
vn -0.7972 0.5908 -0.1240
vn -0.7977 0.5968 -0.0871
vn -0.7861 0.6119 -0.0871
vn -0.7850 0.6080 -0.1187
vn -0.7380 0.6634 -0.1236
vn -0.7803 0.6193 -0.0872
vn -0.7715 0.6303 -0.0871
vn -0.7715 0.6303 -0.0872
vn -0.7624 0.6412 -0.0871
vn -0.7544 0.6466 -0.1133
vn -0.7547 0.6502 -0.0872
vn -0.7438 0.6627 -0.0872
vn -0.7359 0.6715 -0.0871
vn -0.7249 0.6833 -0.0872
vn -0.7164 0.6922 -0.0872
vn -0.7081 0.6998 -0.0936
vn -0.7082 0.7006 -0.0871
vn -0.6964 0.7123 -0.0872
vn -0.6890 0.7138 -0.1259
vn -0.6879 0.7205 -0.0871
vn -0.6747 0.7329 -0.0871
vn -0.6745 0.7305 -0.1071
vn -0.6190 0.7762 -0.1198
vn -0.6671 0.7398 -0.0872
vn -0.6572 0.7487 -0.0872
vn -0.6572 0.7487 -0.0871
vn -0.6458 0.7586 -0.0871
vn -0.6372 0.7614 -0.1191
vn -0.6367 0.7661 -0.0872
vn -0.6239 0.7767 -0.0872
vn -0.6146 0.7840 -0.0871
vn -0.6025 0.7933 -0.0872
vn -0.6025 0.7933 -0.0871
vn -0.5920 0.8012 -0.0872
vn -0.5827 0.8061 -0.1033
vn -0.5825 0.8081 -0.0871
vn -0.5689 0.8178 -0.0872
vn -0.5621 0.8174 -0.1260
vn -0.5592 0.8244 -0.0872
vn -0.5449 0.8340 -0.0872
vn -0.5450 0.8330 -0.0955
vn -0.5355 0.8400 -0.0872
vn -0.5250 0.8466 -0.0872
vn -0.5250 0.8466 -0.0871
vn -0.5113 0.8550 -0.0871
vn -0.5030 0.8555 -0.1231
vn -0.5012 0.8609 -0.0871
vn -0.4844 0.8705 -0.0872
vn -0.4850 0.8660 -0.1220
vn -0.4199 0.8990 -0.1244
vn -0.4764 0.8749 -0.0872
vn -0.4638 0.8817 -0.0872
vn -0.4513 0.8881 -0.0872
vn -0.4417 0.8902 -0.1114
vn -0.4408 0.8934 -0.0871
vn -0.4258 0.9006 -0.0872
vn -0.4151 0.9056 -0.0871
vn -0.4002 0.9123 -0.0871
vn -0.4002 0.9123 -0.0872
vn -0.3887 0.9173 -0.0872
vn -0.3784 0.9212 -0.0904
vn -0.3783 0.9216 -0.0872
vn -0.3628 0.9278 -0.0872
vn -0.3552 0.9263 -0.1255
vn -0.3518 0.9320 -0.0872
vn -0.3346 0.9383 -0.0871
vn -0.3354 0.9356 -0.1104
vn -0.2663 0.9562 -0.1210
vn -0.3251 0.9417 -0.0871
vn -0.3123 0.9460 -0.0871
vn -0.2981 0.9505 -0.0871
vn -0.2890 0.9501 -0.1176
vn -0.2869 0.9540 -0.0872
vn -0.2709 0.9587 -0.0872
vn -0.2596 0.9618 -0.0871
vn -0.2445 0.9657 -0.0871
vn -0.2446 0.9657 -0.0871
vn -0.2320 0.9688 -0.0871
vn -0.2214 0.9700 -0.1007
vn -0.2206 0.9715 -0.0871
vn -0.2043 0.9750 -0.0871
vn -0.1978 0.9721 -0.1261
vn -0.1928 0.9774 -0.0872
vn -0.1756 0.9806 -0.0872
vn -0.1762 0.9794 -0.0988
vn -0.1054 0.9876 -0.1160
vn -0.1648 0.9825 -0.0871
vn -0.1524 0.9845 -0.0871
vn -0.1523 0.9845 -0.0872
vn -0.1368 0.9868 -0.0872
vn -0.1286 0.9841 -0.1222
vn -0.1251 0.9883 -0.0871
vn -0.1086 0.9903 -0.0871
vn -0.0352 0.9915 -0.1250
vn -0.0968 0.9915 -0.0872
vn -0.0823 0.9928 -0.0872
vn -0.0685 0.9938 -0.0872
vn -0.0587 0.9923 -0.1092
vn -0.0568 0.9946 -0.0872
vn -0.0402 0.9954 -0.0872
vn -0.0284 0.9958 -0.0871
vn -0.0118 0.9961 -0.0871
vn -0.0114 0.9659 -0.2588
vn -0.1251 -0.9578 -0.2588
vn -0.1477 -0.9546 -0.2588
vn -0.1702 -0.9508 -0.2588
vn -0.1926 -0.9465 -0.2588
vn -0.2149 -0.9417 -0.2588
vn -0.2371 -0.9364 -0.2588
vn -0.2592 -0.9305 -0.2588
vn -0.2811 -0.9241 -0.2588
vn -0.3028 -0.9172 -0.2588
vn -0.3244 -0.9098 -0.2588
vn -0.3458 -0.9019 -0.2588
vn -0.3670 -0.8935 -0.2588
vn -0.3880 -0.8846 -0.2588
vn -0.4088 -0.8752 -0.2588
vn -0.4294 -0.8653 -0.2588
vn -0.4497 -0.8549 -0.2588
vn -0.4697 -0.8440 -0.2588
vn -0.4895 -0.8327 -0.2588
vn -0.5091 -0.8209 -0.2588
vn -0.5283 -0.8087 -0.2588
vn -0.5283 -0.8086 -0.2588
vn -0.5473 -0.7959 -0.2588
vn -0.5659 -0.7828 -0.2588
vn -0.5842 -0.7692 -0.2588
vn -0.6022 -0.7552 -0.2589
vn -0.6022 -0.7552 -0.2588
vn -0.6199 -0.7408 -0.2588
vn -0.6199 -0.7407 -0.2589
vn -0.6372 -0.7259 -0.2588
vn -0.6542 -0.7107 -0.2588
vn -0.6542 -0.7106 -0.2589
vn -0.6708 -0.6950 -0.2588
vn -0.6870 -0.6790 -0.2588
vn -0.7029 -0.6626 -0.2588
vn -0.7029 -0.6625 -0.2588
vn -0.7183 -0.6458 -0.2588
vn -0.7184 -0.6458 -0.2587
vn -0.7334 -0.6286 -0.2588
vn -0.7480 -0.6111 -0.2588
vn -0.7623 -0.5933 -0.2587
vn -0.7622 -0.5933 -0.2589
vn -0.7760 -0.5751 -0.2589
vn -0.7761 -0.5751 -0.2588
vn -0.7894 -0.5566 -0.2587
vn -0.7894 -0.5566 -0.2589
vn -0.8024 -0.5378 -0.2587
vn -0.8023 -0.5378 -0.2588
vn -0.8148 -0.5187 -0.2587
vn -0.8148 -0.5187 -0.2588
vn -0.8269 -0.4993 -0.2587
vn -0.8268 -0.4993 -0.2588
vn -0.8384 -0.4797 -0.2588
vn -0.8384 -0.4797 -0.2589
vn -0.8495 -0.4597 -0.2589
vn -0.8495 -0.4597 -0.2588
vn -0.8601 -0.4395 -0.2589
vn -0.8601 -0.4395 -0.2588
vn -0.8703 -0.4191 -0.2588
vn -0.8703 -0.4191 -0.2589
vn -0.8799 -0.3984 -0.2589
vn -0.8799 -0.3984 -0.2587
vn -0.8891 -0.3775 -0.2587
vn -0.8891 -0.3775 -0.2588
vn -0.8978 -0.3564 -0.2587
vn -0.8978 -0.3564 -0.2588
vn -0.9059 -0.3351 -0.2588
vn -0.9136 -0.3136 -0.2588
vn -0.9207 -0.2920 -0.2588
vn -0.9207 -0.2920 -0.2589
vn -0.9274 -0.2701 -0.2589
vn -0.9274 -0.2701 -0.2588
vn -0.9335 -0.2482 -0.2589
vn -0.9335 -0.2482 -0.2588
vn -0.9391 -0.2260 -0.2588
vn -0.9442 -0.2038 -0.2587
vn -0.9442 -0.2038 -0.2588
vn -0.9488 -0.1814 -0.2587
vn -0.9487 -0.1814 -0.2588
vn -0.9528 -0.1590 -0.2588
vn -0.9562 -0.1364 -0.2588
vn -0.9563 -0.1364 -0.2588
vn -0.9592 -0.1138 -0.2587
vn -0.9592 -0.1138 -0.2588
vn -0.9616 -0.0911 -0.2589
vn -0.9616 -0.0911 -0.2587
vn -0.9635 -0.0684 -0.2587
vn -0.9635 -0.0684 -0.2588
vn -0.9648 -0.0456 -0.2589
vn -0.9649 -0.0456 -0.2587
vn -0.9657 -0.0228 -0.2588
vn -0.9657 -0.0228 -0.2587
vn -0.9659 -0.0000 -0.2588
vn -0.9657 0.0228 -0.2587
vn -0.9657 0.0228 -0.2588
vn -0.9649 0.0456 -0.2587
vn -0.9648 0.0456 -0.2589
vn -0.9635 0.0684 -0.2587
vn -0.9635 0.0684 -0.2588
vn -0.9616 0.0911 -0.2589
vn -0.9616 0.0911 -0.2587
vn -0.9592 0.1138 -0.2587
vn -0.9592 0.1138 -0.2588
vn -0.9562 0.1364 -0.2588
vn -0.9563 0.1364 -0.2588
vn -0.9528 0.1590 -0.2588
vn -0.9488 0.1814 -0.2587
vn -0.9487 0.1814 -0.2588
vn -0.9442 0.2038 -0.2588
vn -0.9391 0.2260 -0.2587
vn -0.9391 0.2260 -0.2589
vn -0.9335 0.2482 -0.2589
vn -0.9335 0.2482 -0.2588
vn -0.9274 0.2701 -0.2589
vn -0.9274 0.2701 -0.2588
vn -0.9207 0.2920 -0.2588
vn -0.9136 0.3136 -0.2589
vn -0.9136 0.3136 -0.2587
vn -0.9059 0.3351 -0.2588
vn -0.9059 0.3351 -0.2589
vn -0.8978 0.3564 -0.2587
vn -0.8978 0.3564 -0.2588
vn -0.8891 0.3775 -0.2588
vn -0.8799 0.3984 -0.2587
vn -0.8799 0.3984 -0.2589
vn -0.8703 0.4191 -0.2587
vn -0.8703 0.4191 -0.2589
vn -0.8601 0.4395 -0.2589
vn -0.8601 0.4395 -0.2588
vn -0.8495 0.4597 -0.2588
vn -0.8384 0.4797 -0.2588
vn -0.8384 0.4797 -0.2589
vn -0.8269 0.4993 -0.2588
vn -0.8148 0.5187 -0.2587
vn -0.8148 0.5187 -0.2588
vn -0.8024 0.5378 -0.2587
vn -0.8023 0.5378 -0.2588
vn -0.7894 0.5566 -0.2588
vn -0.7760 0.5751 -0.2589
vn -0.7761 0.5751 -0.2588
vn -0.7623 0.5933 -0.2587
vn -0.7622 0.5933 -0.2589
vn -0.7480 0.6111 -0.2587
vn -0.7480 0.6111 -0.2588
vn -0.7334 0.6286 -0.2588
vn -0.7183 0.6458 -0.2587
vn -0.7183 0.6458 -0.2588
vn -0.7029 0.6625 -0.2588
vn -0.7029 0.6626 -0.2588
vn -0.6870 0.6790 -0.2588
vn -0.6708 0.6950 -0.2588
vn -0.6542 0.7106 -0.2589
vn -0.6542 0.7107 -0.2588
vn -0.6372 0.7259 -0.2588
vn -0.6372 0.7259 -0.2589
vn -0.6199 0.7408 -0.2588
vn -0.6199 0.7407 -0.2589
vn -0.6022 0.7552 -0.2589
vn -0.6022 0.7552 -0.2588
vn -0.5842 0.7692 -0.2588
vn -0.5843 0.7692 -0.2588
vn -0.5659 0.7828 -0.2588
vn -0.5473 0.7959 -0.2588
vn -0.5283 0.8087 -0.2588
vn -0.5283 0.8086 -0.2588
vn -0.5091 0.8209 -0.2588
vn -0.4895 0.8327 -0.2588
vn -0.4697 0.8440 -0.2588
vn -0.4497 0.8549 -0.2588
vn -0.4294 0.8653 -0.2588
vn -0.4293 0.8653 -0.2588
vn -0.4088 0.8752 -0.2588
vn -0.3880 0.8846 -0.2588
vn -0.3670 0.8935 -0.2588
vn -0.3458 0.9019 -0.2588
vn -0.3244 0.9098 -0.2588
vn -0.3028 0.9172 -0.2588
vn -0.2811 0.9241 -0.2588
vn -0.2592 0.9305 -0.2588
vn -0.2371 0.9364 -0.2588
vn -0.2149 0.9417 -0.2588
vn -0.1926 0.9465 -0.2588
vn -0.1702 0.9508 -0.2588
vn -0.1477 0.9546 -0.2588
vn -0.1251 0.9578 -0.2588
vn -0.1025 0.9605 -0.2588
vn -0.0798 0.9626 -0.2588
vn -0.0570 0.9642 -0.2588
vn -0.0570 0.9643 -0.2588
vn -0.0342 0.9653 -0.2588
vn -0.0107 0.9063 -0.4226
vn -0.1174 -0.8987 -0.4226
vn -0.1386 -0.8956 -0.4226
vn -0.1386 -0.8957 -0.4226
vn -0.1597 -0.8921 -0.4226
vn -0.1807 -0.8881 -0.4226
vn -0.2017 -0.8836 -0.4226
vn -0.2225 -0.8786 -0.4226
vn -0.2432 -0.8731 -0.4226
vn -0.2637 -0.8671 -0.4226
vn -0.2841 -0.8606 -0.4226
vn -0.3044 -0.8537 -0.4226
vn -0.3245 -0.8462 -0.4226
vn -0.3444 -0.8383 -0.4226
vn -0.3641 -0.8300 -0.4226
vn -0.3836 -0.8211 -0.4226
vn -0.3836 -0.8212 -0.4226
vn -0.4029 -0.8119 -0.4226
vn -0.4219 -0.8021 -0.4226
vn -0.4407 -0.7919 -0.4226
vn -0.4593 -0.7813 -0.4226
vn -0.4776 -0.7702 -0.4226
vn -0.4777 -0.7702 -0.4226
vn -0.4957 -0.7588 -0.4226
vn -0.4957 -0.7587 -0.4226
vn -0.5135 -0.7468 -0.4226
vn -0.5310 -0.7345 -0.4226
vn -0.5482 -0.7217 -0.4226
vn -0.5651 -0.7086 -0.4226
vn -0.5817 -0.6951 -0.4225
vn -0.5817 -0.6950 -0.4226
vn -0.5979 -0.6811 -0.4226
vn -0.6139 -0.6668 -0.4225
vn -0.6138 -0.6668 -0.4226
vn -0.6294 -0.6521 -0.4226
vn -0.6446 -0.6371 -0.4227
vn -0.6446 -0.6371 -0.4226
vn -0.6595 -0.6217 -0.4226
vn -0.6740 -0.6059 -0.4227
vn -0.6740 -0.6059 -0.4226
vn -0.6881 -0.5898 -0.4226
vn -0.6881 -0.5898 -0.4227
vn -0.7019 -0.5734 -0.4226
vn -0.7152 -0.5567 -0.4226
vn -0.7282 -0.5396 -0.4225
vn -0.7282 -0.5396 -0.4226
vn -0.7407 -0.5223 -0.4226
vn -0.7529 -0.5047 -0.4225
vn -0.7528 -0.5046 -0.4227
vn -0.7645 -0.4867 -0.4227
vn -0.7646 -0.4867 -0.4225
vn -0.7758 -0.4685 -0.4226
vn -0.7867 -0.4501 -0.4226
vn -0.7971 -0.4314 -0.4226
vn -0.7971 -0.4314 -0.4225
vn -0.8070 -0.4124 -0.4227
vn -0.8071 -0.4124 -0.4226
vn -0.8166 -0.3932 -0.4225
vn -0.8166 -0.3932 -0.4226
vn -0.8256 -0.3739 -0.4225
vn -0.8256 -0.3738 -0.4226
vn -0.8342 -0.3542 -0.4226
vn -0.8423 -0.3344 -0.4227
vn -0.8424 -0.3344 -0.4225
vn -0.8500 -0.3144 -0.4226
vn -0.8500 -0.3145 -0.4225
vn -0.8572 -0.2943 -0.4227
vn -0.8572 -0.2943 -0.4226
vn -0.8640 -0.2740 -0.4225
vn -0.8639 -0.2739 -0.4226
vn -0.8702 -0.2535 -0.4225
vn -0.8701 -0.2535 -0.4226
vn -0.8759 -0.2328 -0.4226
vn -0.8812 -0.2121 -0.4225
vn -0.8811 -0.2121 -0.4227
vn -0.8859 -0.1912 -0.4226
vn -0.8902 -0.1702 -0.4226
vn -0.8940 -0.1492 -0.4225
vn -0.8939 -0.1492 -0.4226
vn -0.8972 -0.1280 -0.4227
vn -0.8972 -0.1280 -0.4226
vn -0.9000 -0.1068 -0.4226
vn -0.9023 -0.0855 -0.4227
vn -0.9023 -0.0855 -0.4225
vn -0.9040 -0.0642 -0.4226
vn -0.9041 -0.0642 -0.4226
vn -0.9053 -0.0428 -0.4226
vn -0.9061 -0.0214 -0.4226
vn -0.9060 -0.0214 -0.4226
vn -0.9063 -0.0000 -0.4225
vn -0.9063 -0.0000 -0.4227
vn -0.9060 0.0214 -0.4227
vn -0.9061 0.0214 -0.4226
vn -0.9053 0.0428 -0.4226
vn -0.9053 0.0428 -0.4225
vn -0.9040 0.0642 -0.4226
vn -0.9041 0.0642 -0.4226
vn -0.9023 0.0855 -0.4227
vn -0.9023 0.0855 -0.4225
vn -0.9000 0.1068 -0.4226
vn -0.8972 0.1280 -0.4226
vn -0.8972 0.1280 -0.4227
vn -0.8940 0.1492 -0.4225
vn -0.8939 0.1492 -0.4226
vn -0.8902 0.1702 -0.4226
vn -0.8859 0.1912 -0.4226
vn -0.8812 0.2121 -0.4226
vn -0.8759 0.2328 -0.4226
vn -0.8702 0.2535 -0.4226
vn -0.8702 0.2535 -0.4225
vn -0.8639 0.2740 -0.4226
vn -0.8572 0.2943 -0.4227
vn -0.8572 0.2943 -0.4226
vn -0.8500 0.3144 -0.4226
vn -0.8423 0.3344 -0.4227
vn -0.8424 0.3344 -0.4225
vn -0.8342 0.3542 -0.4226
vn -0.8256 0.3738 -0.4227
vn -0.8257 0.3739 -0.4225
vn -0.8166 0.3932 -0.4225
vn -0.8166 0.3932 -0.4226
vn -0.8071 0.4124 -0.4226
vn -0.8070 0.4124 -0.4226
vn -0.7971 0.4314 -0.4225
vn -0.7971 0.4314 -0.4226
vn -0.7867 0.4501 -0.4226
vn -0.7758 0.4685 -0.4225
vn -0.7758 0.4685 -0.4226
vn -0.7646 0.4867 -0.4225
vn -0.7645 0.4867 -0.4226
vn -0.7528 0.5046 -0.4226
vn -0.7407 0.5223 -0.4226
vn -0.7282 0.5396 -0.4226
vn -0.7282 0.5396 -0.4225
vn -0.7152 0.5567 -0.4226
vn -0.7018 0.5734 -0.4226
vn -0.7019 0.5734 -0.4225
vn -0.6881 0.5898 -0.4226
vn -0.6881 0.5898 -0.4227
vn -0.6740 0.6059 -0.4227
vn -0.6740 0.6059 -0.4225
vn -0.6595 0.6217 -0.4226
vn -0.6446 0.6371 -0.4227
vn -0.6446 0.6371 -0.4226
vn -0.6294 0.6521 -0.4226
vn -0.6139 0.6668 -0.4225
vn -0.6138 0.6668 -0.4226
vn -0.5979 0.6811 -0.4226
vn -0.5817 0.6951 -0.4225
vn -0.5816 0.6950 -0.4226
vn -0.5651 0.7086 -0.4226
vn -0.5482 0.7217 -0.4226
vn -0.5310 0.7345 -0.4226
vn -0.5135 0.7468 -0.4226
vn -0.4957 0.7587 -0.4226
vn -0.4777 0.7702 -0.4226
vn -0.4776 0.7702 -0.4226
vn -0.4593 0.7813 -0.4226
vn -0.4407 0.7919 -0.4226
vn -0.4219 0.8021 -0.4226
vn -0.4029 0.8119 -0.4226
vn -0.3836 0.8212 -0.4226
vn -0.3836 0.8211 -0.4226
vn -0.3641 0.8300 -0.4226
vn -0.3444 0.8383 -0.4226
vn -0.3245 0.8462 -0.4226
vn -0.3044 0.8537 -0.4226
vn -0.2841 0.8606 -0.4226
vn -0.2637 0.8671 -0.4226
vn -0.2432 0.8731 -0.4226
vn -0.2225 0.8786 -0.4226
vn -0.2017 0.8836 -0.4226
vn -0.1807 0.8881 -0.4226
vn -0.1597 0.8921 -0.4226
vn -0.1386 0.8957 -0.4226
vn -0.1386 0.8956 -0.4226
vn -0.1174 0.8987 -0.4226
vn -0.0962 0.9012 -0.4226
vn -0.0961 0.9012 -0.4226
vn -0.0748 0.9032 -0.4226
vn -0.0749 0.9032 -0.4226
vn -0.0535 0.9047 -0.4226
vn -0.0321 0.9058 -0.4226
vn -0.0097 0.8191 -0.5735
vn -0.0869 -0.8145 -0.5736
vn -0.1061 -0.8123 -0.5736
vn -0.1061 -0.8123 -0.5735
vn -0.1253 -0.8095 -0.5735
vn -0.1444 -0.8064 -0.5735
vn -0.1634 -0.8027 -0.5735
vn -0.1823 -0.7986 -0.5735
vn -0.1823 -0.7986 -0.5736
vn -0.2011 -0.7941 -0.5736
vn -0.2198 -0.7891 -0.5736
vn -0.2198 -0.7891 -0.5735
vn -0.2384 -0.7837 -0.5735
vn -0.2384 -0.7837 -0.5736
vn -0.2568 -0.7779 -0.5736
vn -0.2568 -0.7779 -0.5735
vn -0.2751 -0.7716 -0.5736
vn -0.2751 -0.7716 -0.5735
vn -0.2933 -0.7649 -0.5735
vn -0.3112 -0.7577 -0.5735
vn -0.3112 -0.7577 -0.5736
vn -0.3291 -0.7502 -0.5735
vn -0.3291 -0.7502 -0.5736
vn -0.3467 -0.7422 -0.5735
vn -0.3641 -0.7338 -0.5735
vn -0.3814 -0.7250 -0.5735
vn -0.3813 -0.7250 -0.5736
vn -0.3984 -0.7158 -0.5735
vn -0.3984 -0.7158 -0.5736
vn -0.4152 -0.7062 -0.5736
vn -0.4152 -0.7062 -0.5735
vn -0.4317 -0.6962 -0.5735
vn -0.4317 -0.6962 -0.5736
vn -0.4480 -0.6858 -0.5735
vn -0.4641 -0.6750 -0.5735
vn -0.4641 -0.6750 -0.5736
vn -0.4799 -0.6639 -0.5735
vn -0.4955 -0.6523 -0.5736
vn -0.5107 -0.6405 -0.5735
vn -0.5107 -0.6404 -0.5736
vn -0.5257 -0.6282 -0.5735
vn -0.5257 -0.6282 -0.5736
vn -0.5404 -0.6156 -0.5735
vn -0.5404 -0.6156 -0.5736
vn -0.5548 -0.6027 -0.5735
vn -0.5689 -0.5894 -0.5735
vn -0.5689 -0.5894 -0.5736
vn -0.5826 -0.5758 -0.5736
vn -0.5827 -0.5758 -0.5735
vn -0.5961 -0.5619 -0.5735
vn -0.5961 -0.5619 -0.5736
vn -0.6092 -0.5476 -0.5736
vn -0.6092 -0.5477 -0.5735
vn -0.6220 -0.5331 -0.5735
vn -0.6219 -0.5331 -0.5736
vn -0.6344 -0.5183 -0.5736
vn -0.6344 -0.5183 -0.5735
vn -0.6464 -0.5031 -0.5736
vn -0.6465 -0.5032 -0.5735
vn -0.6581 -0.4877 -0.5736
vn -0.6581 -0.4877 -0.5735
vn -0.6695 -0.4721 -0.5735
vn -0.6695 -0.4721 -0.5736
vn -0.6805 -0.4561 -0.5735
vn -0.6804 -0.4561 -0.5736
vn -0.6910 -0.4399 -0.5736
vn -0.6910 -0.4399 -0.5735
vn -0.7012 -0.4235 -0.5735
vn -0.7012 -0.4235 -0.5736
vn -0.7110 -0.4068 -0.5736
vn -0.7111 -0.4068 -0.5735
vn -0.7204 -0.3899 -0.5736
vn -0.7295 -0.3728 -0.5735
vn -0.7381 -0.3554 -0.5735
vn -0.7380 -0.3554 -0.5736
vn -0.7462 -0.3379 -0.5736
vn -0.7463 -0.3379 -0.5735
vn -0.7540 -0.3202 -0.5736
vn -0.7540 -0.3202 -0.5735
vn -0.7614 -0.3023 -0.5735
vn -0.7613 -0.3023 -0.5736
vn -0.7683 -0.2842 -0.5736
vn -0.7683 -0.2842 -0.5735
vn -0.7748 -0.2660 -0.5736
vn -0.7808 -0.2476 -0.5736
vn -0.7809 -0.2476 -0.5735
vn -0.7865 -0.2291 -0.5736
vn -0.7917 -0.2105 -0.5735
vn -0.7917 -0.2105 -0.5736
vn -0.7964 -0.1917 -0.5735
vn -0.7964 -0.1917 -0.5736
vn -0.8007 -0.1728 -0.5735
vn -0.8046 -0.1539 -0.5736
vn -0.8046 -0.1539 -0.5735
vn -0.8080 -0.1348 -0.5735
vn -0.8080 -0.1348 -0.5736
vn -0.8110 -0.1157 -0.5735
vn -0.8109 -0.1157 -0.5736
vn -0.8135 -0.0965 -0.5735
vn -0.8155 -0.0773 -0.5736
vn -0.8171 -0.0580 -0.5736
vn -0.8171 -0.0580 -0.5735
vn -0.8182 -0.0387 -0.5736
vn -0.8189 -0.0193 -0.5736
vn -0.8190 -0.0193 -0.5735
vn -0.8191 -0.0000 -0.5737
vn -0.8192 -0.0000 -0.5735
vn -0.8190 0.0193 -0.5735
vn -0.8182 0.0387 -0.5736
vn -0.8171 0.0580 -0.5736
vn -0.8155 0.0773 -0.5735
vn -0.8155 0.0773 -0.5736
vn -0.8134 0.0965 -0.5736
vn -0.8135 0.0965 -0.5735
vn -0.8110 0.1157 -0.5735
vn -0.8109 0.1157 -0.5736
vn -0.8080 0.1348 -0.5735
vn -0.8045 0.1539 -0.5736
vn -0.8046 0.1539 -0.5735
vn -0.8008 0.1728 -0.5735
vn -0.8007 0.1728 -0.5736
vn -0.7964 0.1917 -0.5736
vn -0.7964 0.1917 -0.5735
vn -0.7917 0.2105 -0.5735
vn -0.7917 0.2105 -0.5736
vn -0.7865 0.2291 -0.5735
vn -0.7865 0.2291 -0.5736
vn -0.7808 0.2476 -0.5736
vn -0.7809 0.2476 -0.5735
vn -0.7748 0.2660 -0.5736
vn -0.7683 0.2842 -0.5735
vn -0.7683 0.2842 -0.5736
vn -0.7613 0.3023 -0.5736
vn -0.7614 0.3023 -0.5735
vn -0.7540 0.3202 -0.5736
vn -0.7540 0.3202 -0.5735
vn -0.7462 0.3379 -0.5736
vn -0.7463 0.3379 -0.5735
vn -0.7381 0.3554 -0.5735
vn -0.7380 0.3554 -0.5736
vn -0.7295 0.3728 -0.5735
vn -0.7204 0.3899 -0.5736
vn -0.7110 0.4068 -0.5735
vn -0.7012 0.4235 -0.5735
vn -0.7012 0.4235 -0.5736
vn -0.6910 0.4399 -0.5736
vn -0.6911 0.4399 -0.5735
vn -0.6805 0.4561 -0.5735
vn -0.6804 0.4561 -0.5736
vn -0.6695 0.4721 -0.5735
vn -0.6695 0.4721 -0.5736
vn -0.6581 0.4877 -0.5736
vn -0.6465 0.5032 -0.5735
vn -0.6344 0.5183 -0.5735
vn -0.6344 0.5183 -0.5736
vn -0.6220 0.5331 -0.5735
vn -0.6220 0.5331 -0.5736
vn -0.6092 0.5476 -0.5736
vn -0.6092 0.5477 -0.5735
vn -0.5961 0.5619 -0.5735
vn -0.5827 0.5758 -0.5735
vn -0.5689 0.5894 -0.5736
vn -0.5689 0.5894 -0.5735
vn -0.5548 0.6027 -0.5736
vn -0.5548 0.6027 -0.5735
vn -0.5404 0.6156 -0.5736
vn -0.5257 0.6282 -0.5735
vn -0.5257 0.6282 -0.5736
vn -0.5107 0.6405 -0.5735
vn -0.5107 0.6405 -0.5736
vn -0.4955 0.6523 -0.5735
vn -0.4955 0.6523 -0.5736
vn -0.4799 0.6639 -0.5735
vn -0.4799 0.6639 -0.5736
vn -0.4641 0.6750 -0.5736
vn -0.4641 0.6750 -0.5735
vn -0.4480 0.6858 -0.5735
vn -0.4317 0.6962 -0.5735
vn -0.4317 0.6962 -0.5736
vn -0.4152 0.7062 -0.5735
vn -0.4152 0.7062 -0.5736
vn -0.3984 0.7158 -0.5736
vn -0.3984 0.7158 -0.5735
vn -0.3814 0.7250 -0.5735
vn -0.3641 0.7338 -0.5735
vn -0.3467 0.7422 -0.5735
vn -0.3291 0.7502 -0.5735
vn -0.3290 0.7502 -0.5736
vn -0.3112 0.7577 -0.5735
vn -0.3112 0.7577 -0.5736
vn -0.2933 0.7649 -0.5735
vn -0.2751 0.7716 -0.5735
vn -0.2568 0.7779 -0.5735
vn -0.2568 0.7779 -0.5736
vn -0.2384 0.7837 -0.5736
vn -0.2384 0.7837 -0.5735
vn -0.2198 0.7891 -0.5735
vn -0.2198 0.7891 -0.5736
vn -0.2011 0.7941 -0.5736
vn -0.1823 0.7986 -0.5736
vn -0.1823 0.7986 -0.5735
vn -0.1634 0.8027 -0.5735
vn -0.1444 0.8064 -0.5735
vn -0.1253 0.8095 -0.5735
vn -0.1061 0.8123 -0.5735
vn -0.1061 0.8123 -0.5736
vn -0.0869 0.8145 -0.5736
vn -0.0869 0.8146 -0.5735
vn -0.0677 0.8164 -0.5735
vn -0.0676 0.8164 -0.5736
vn -0.0483 0.8177 -0.5736
vn -0.0290 0.8186 -0.5736
vn -0.0097 0.8191 -0.5736
vn -0.0084 0.7071 -0.7071
vn -0.0916 -0.7012 -0.7071
vn -0.1081 -0.6988 -0.7071
vn -0.1246 -0.6961 -0.7071
vn -0.1410 -0.6929 -0.7071
vn -0.1573 -0.6894 -0.7071
vn -0.1574 -0.6894 -0.7071
vn -0.1736 -0.6855 -0.7071
vn -0.1897 -0.6812 -0.7071
vn -0.2058 -0.6765 -0.7071
vn -0.2217 -0.6715 -0.7071
vn -0.2375 -0.6661 -0.7071
vn -0.2532 -0.6603 -0.7071
vn -0.2687 -0.6541 -0.7071
vn -0.2841 -0.6476 -0.7071
vn -0.2993 -0.6407 -0.7071
vn -0.3143 -0.6334 -0.7071
vn -0.3292 -0.6258 -0.7071
vn -0.3439 -0.6179 -0.7071
vn -0.3584 -0.6096 -0.7071
vn -0.3727 -0.6010 -0.7071
vn -0.3727 -0.6009 -0.7071
vn -0.3868 -0.5920 -0.7071
vn -0.4006 -0.5827 -0.7071
vn -0.4143 -0.5731 -0.7071
vn -0.4277 -0.5631 -0.7071
vn -0.4409 -0.5529 -0.7071
vn -0.4538 -0.5423 -0.7071
vn -0.4665 -0.5314 -0.7071
vn -0.4789 -0.5203 -0.7071
vn -0.4789 -0.5202 -0.7071
vn -0.4911 -0.5088 -0.7071
vn -0.5030 -0.4971 -0.7071
vn -0.5029 -0.4970 -0.7071
vn -0.5146 -0.4850 -0.7071
vn -0.5259 -0.4728 -0.7071
vn -0.5259 -0.4727 -0.7071
vn -0.5369 -0.4602 -0.7071
vn -0.5476 -0.4474 -0.7071
vn -0.5580 -0.4343 -0.7071
vn -0.5581 -0.4344 -0.7070
vn -0.5681 -0.4210 -0.7071
vn -0.5779 -0.4075 -0.7071
vn -0.5874 -0.3937 -0.7071
vn -0.5874 -0.3938 -0.7070
vn -0.5965 -0.3798 -0.7071
vn -0.6053 -0.3656 -0.7071
vn -0.6054 -0.3656 -0.7070
vn -0.6137 -0.3511 -0.7071
vn -0.6138 -0.3512 -0.7071
vn -0.6219 -0.3365 -0.7071
vn -0.6219 -0.3366 -0.7071
vn -0.6297 -0.3218 -0.7071
vn -0.6371 -0.3068 -0.7071
vn -0.6442 -0.2917 -0.7071
vn -0.6441 -0.2917 -0.7071
vn -0.6509 -0.2764 -0.7071
vn -0.6572 -0.2609 -0.7071
vn -0.6632 -0.2453 -0.7071
vn -0.6688 -0.2296 -0.7071
vn -0.6740 -0.2137 -0.7071
vn -0.6741 -0.2138 -0.7070
vn -0.6789 -0.1978 -0.7071
vn -0.6790 -0.1978 -0.7070
vn -0.6834 -0.1817 -0.7070
vn -0.6834 -0.1817 -0.7071
vn -0.6875 -0.1655 -0.7070
vn -0.6875 -0.1655 -0.7071
vn -0.6912 -0.1492 -0.7071
vn -0.6945 -0.1328 -0.7071
vn -0.6975 -0.1164 -0.7071
vn -0.7001 -0.0999 -0.7070
vn -0.7000 -0.0999 -0.7071
vn -0.7022 -0.0833 -0.7071
vn -0.7040 -0.0667 -0.7071
vn -0.7039 -0.0667 -0.7071
vn -0.7054 -0.0501 -0.7071
vn -0.7064 -0.0334 -0.7071
vn -0.7063 -0.0334 -0.7071
vn -0.7069 -0.0167 -0.7071
vn -0.7070 -0.0167 -0.7070
vn -0.7071 -0.0000 -0.7071
vn -0.7069 0.0167 -0.7071
vn -0.7064 0.0334 -0.7071
vn -0.7063 0.0334 -0.7071
vn -0.7054 0.0501 -0.7070
vn -0.7053 0.0501 -0.7071
vn -0.7040 0.0667 -0.7070
vn -0.7039 0.0667 -0.7071
vn -0.7021 0.0833 -0.7071
vn -0.7022 0.0833 -0.7071
vn -0.7001 0.0999 -0.7071
vn -0.7000 0.0999 -0.7071
vn -0.6975 0.1164 -0.7071
vn -0.6974 0.1164 -0.7071
vn -0.6945 0.1328 -0.7071
vn -0.6946 0.1328 -0.7071
vn -0.6912 0.1492 -0.7071
vn -0.6875 0.1655 -0.7071
vn -0.6834 0.1817 -0.7071
vn -0.6789 0.1978 -0.7071
vn -0.6741 0.2137 -0.7071
vn -0.6689 0.2296 -0.7070
vn -0.6688 0.2296 -0.7071
vn -0.6632 0.2453 -0.7071
vn -0.6572 0.2609 -0.7071
vn -0.6509 0.2764 -0.7070
vn -0.6509 0.2764 -0.7071
vn -0.6441 0.2917 -0.7071
vn -0.6371 0.3068 -0.7071
vn -0.6297 0.3218 -0.7071
vn -0.6297 0.3218 -0.7070
vn -0.6219 0.3366 -0.7070
vn -0.6219 0.3365 -0.7071
vn -0.6138 0.3512 -0.7071
vn -0.6137 0.3511 -0.7071
vn -0.6053 0.3656 -0.7071
vn -0.5965 0.3797 -0.7071
vn -0.5965 0.3798 -0.7071
vn -0.5874 0.3937 -0.7071
vn -0.5779 0.4075 -0.7071
vn -0.5681 0.4210 -0.7071
vn -0.5580 0.4343 -0.7071
vn -0.5581 0.4344 -0.7070
vn -0.5476 0.4474 -0.7071
vn -0.5369 0.4602 -0.7070
vn -0.5369 0.4602 -0.7071
vn -0.5259 0.4728 -0.7071
vn -0.5258 0.4727 -0.7071
vn -0.5146 0.4850 -0.7071
vn -0.5145 0.4850 -0.7071
vn -0.5030 0.4971 -0.7071
vn -0.4911 0.5088 -0.7071
vn -0.4789 0.5202 -0.7071
vn -0.4789 0.5203 -0.7071
vn -0.4665 0.5314 -0.7071
vn -0.4538 0.5423 -0.7071
vn -0.4409 0.5529 -0.7071
vn -0.4409 0.5528 -0.7071
vn -0.4277 0.5631 -0.7071
vn -0.4143 0.5731 -0.7071
vn -0.4006 0.5827 -0.7071
vn -0.3868 0.5920 -0.7071
vn -0.3727 0.6009 -0.7071
vn -0.3727 0.6010 -0.7071
vn -0.3584 0.6096 -0.7071
vn -0.3439 0.6179 -0.7071
vn -0.3292 0.6258 -0.7071
vn -0.3143 0.6334 -0.7071
vn -0.2993 0.6407 -0.7071
vn -0.2841 0.6476 -0.7071
vn -0.2687 0.6541 -0.7071
vn -0.2532 0.6603 -0.7071
vn -0.2375 0.6661 -0.7071
vn -0.2217 0.6715 -0.7071
vn -0.2058 0.6765 -0.7071
vn -0.1897 0.6812 -0.7071
vn -0.1736 0.6855 -0.7071
vn -0.1574 0.6894 -0.7071
vn -0.1573 0.6894 -0.7071
vn -0.1410 0.6929 -0.7071
vn -0.1246 0.6961 -0.7071
vn -0.1081 0.6988 -0.7071
vn -0.0916 0.7012 -0.7071
vn -0.0750 0.7031 -0.7071
vn -0.0750 0.7032 -0.7071
vn -0.0584 0.7047 -0.7071
vn -0.0417 0.7059 -0.7071
vn -0.0250 0.7067 -0.7071
vn -0.0251 0.7067 -0.7071
vn -0.0068 0.5736 -0.8191
vn -0.0609 -0.5704 -0.8191
vn -0.0743 -0.5688 -0.8191
vn -0.0877 -0.5669 -0.8191
vn -0.1011 -0.5646 -0.8191
vn -0.1144 -0.5621 -0.8191
vn -0.1276 -0.5592 -0.8191
vn -0.1408 -0.5561 -0.8191
vn -0.1539 -0.5526 -0.8191
vn -0.1669 -0.5488 -0.8191
vn -0.1798 -0.5447 -0.8191
vn -0.1926 -0.5403 -0.8191
vn -0.2053 -0.5356 -0.8191
vn -0.2054 -0.5356 -0.8191
vn -0.2179 -0.5306 -0.8191
vn -0.2304 -0.5253 -0.8191
vn -0.2427 -0.5197 -0.8191
vn -0.2428 -0.5197 -0.8191
vn -0.2550 -0.5138 -0.8191
vn -0.2670 -0.5077 -0.8191
vn -0.2789 -0.5012 -0.8191
vn -0.2907 -0.4945 -0.8191
vn -0.3023 -0.4875 -0.8191
vn -0.3137 -0.4802 -0.8191
vn -0.3250 -0.4726 -0.8191
vn -0.3250 -0.4727 -0.8191
vn -0.3361 -0.4648 -0.8191
vn -0.3360 -0.4648 -0.8191
vn -0.3469 -0.4568 -0.8191
vn -0.3576 -0.4485 -0.8191
vn -0.3681 -0.4399 -0.8191
vn -0.3784 -0.4311 -0.8191
vn -0.3885 -0.4220 -0.8192
vn -0.3885 -0.4220 -0.8191
vn -0.3984 -0.4127 -0.8191
vn -0.3983 -0.4127 -0.8192
vn -0.4080 -0.4032 -0.8191
vn -0.4174 -0.3935 -0.8191
vn -0.4174 -0.3934 -0.8191
vn -0.4266 -0.3835 -0.8191
vn -0.4355 -0.3733 -0.8191
vn -0.4355 -0.3733 -0.8192
vn -0.4442 -0.3629 -0.8191
vn -0.4442 -0.3629 -0.8192
vn -0.4526 -0.3523 -0.8191
vn -0.4526 -0.3523 -0.8192
vn -0.4608 -0.3415 -0.8191
vn -0.4688 -0.3306 -0.8191
vn -0.4688 -0.3305 -0.8191
vn -0.4765 -0.3194 -0.8191
vn -0.4839 -0.3080 -0.8191
vn -0.4910 -0.2965 -0.8191
vn -0.4979 -0.2848 -0.8191
vn -0.4979 -0.2849 -0.8191
vn -0.5045 -0.2730 -0.8191
vn -0.5107 -0.2610 -0.8192
vn -0.5108 -0.2610 -0.8191
vn -0.5168 -0.2489 -0.8191
vn -0.5225 -0.2366 -0.8191
vn -0.5226 -0.2366 -0.8191
vn -0.5280 -0.2242 -0.8191
vn -0.5331 -0.2117 -0.8191
vn -0.5380 -0.1990 -0.8191
vn -0.5425 -0.1863 -0.8191
vn -0.5468 -0.1734 -0.8191
vn -0.5507 -0.1604 -0.8191
vn -0.5544 -0.1474 -0.8191
vn -0.5543 -0.1474 -0.8192
vn -0.5576 -0.1342 -0.8192
vn -0.5577 -0.1342 -0.8191
vn -0.5607 -0.1210 -0.8191
vn -0.5634 -0.1078 -0.8191
vn -0.5634 -0.1077 -0.8191
vn -0.5658 -0.0944 -0.8191
vn -0.5679 -0.0810 -0.8191
vn -0.5696 -0.0676 -0.8191
vn -0.5711 -0.0541 -0.8191
vn -0.5721 -0.0406 -0.8191
vn -0.5722 -0.0406 -0.8191
vn -0.5730 -0.0271 -0.8191
vn -0.5729 -0.0271 -0.8191
vn -0.5734 -0.0135 -0.8192
vn -0.5735 -0.0136 -0.8191
vn -0.5736 -0.0000 -0.8191
vn -0.5735 0.0135 -0.8191
vn -0.5730 0.0271 -0.8191
vn -0.5721 0.0406 -0.8191
vn -0.5722 0.0406 -0.8191
vn -0.5711 0.0541 -0.8191
vn -0.5696 0.0676 -0.8191
vn -0.5679 0.0810 -0.8191
vn -0.5658 0.0944 -0.8191
vn -0.5634 0.1078 -0.8191
vn -0.5634 0.1077 -0.8191
vn -0.5607 0.1210 -0.8191
vn -0.5577 0.1342 -0.8191
vn -0.5576 0.1342 -0.8192
vn -0.5543 0.1474 -0.8191
vn -0.5507 0.1604 -0.8191
vn -0.5507 0.1604 -0.8192
vn -0.5468 0.1734 -0.8191
vn -0.5425 0.1863 -0.8191
vn -0.5426 0.1863 -0.8191
vn -0.5380 0.1990 -0.8191
vn -0.5331 0.2117 -0.8191
vn -0.5280 0.2242 -0.8191
vn -0.5226 0.2366 -0.8191
vn -0.5225 0.2366 -0.8191
vn -0.5168 0.2489 -0.8191
vn -0.5108 0.2610 -0.8191
vn -0.5107 0.2610 -0.8192
vn -0.5045 0.2730 -0.8191
vn -0.4979 0.2849 -0.8191
vn -0.4910 0.2965 -0.8191
vn -0.4839 0.3080 -0.8191
vn -0.4764 0.3194 -0.8191
vn -0.4765 0.3194 -0.8191
vn -0.4688 0.3305 -0.8191
vn -0.4609 0.3415 -0.8191
vn -0.4608 0.3415 -0.8192
vn -0.4526 0.3523 -0.8192
vn -0.4526 0.3523 -0.8191
vn -0.4442 0.3629 -0.8191
vn -0.4355 0.3733 -0.8191
vn -0.4266 0.3835 -0.8191
vn -0.4174 0.3934 -0.8191
vn -0.4174 0.3935 -0.8191
vn -0.4080 0.4032 -0.8191
vn -0.3984 0.4127 -0.8191
vn -0.3983 0.4127 -0.8191
vn -0.3885 0.4220 -0.8191
vn -0.3784 0.4311 -0.8191
vn -0.3681 0.4399 -0.8191
vn -0.3576 0.4485 -0.8191
vn -0.3470 0.4568 -0.8191
vn -0.3469 0.4568 -0.8191
vn -0.3360 0.4648 -0.8191
vn -0.3361 0.4648 -0.8191
vn -0.3250 0.4726 -0.8191
vn -0.3250 0.4727 -0.8191
vn -0.3137 0.4802 -0.8191
vn -0.3023 0.4875 -0.8191
vn -0.2907 0.4945 -0.8191
vn -0.2789 0.5012 -0.8191
vn -0.2670 0.5077 -0.8191
vn -0.2550 0.5138 -0.8191
vn -0.2428 0.5197 -0.8191
vn -0.2427 0.5197 -0.8191
vn -0.2304 0.5253 -0.8191
vn -0.2179 0.5306 -0.8191
vn -0.2054 0.5356 -0.8191
vn -0.2053 0.5356 -0.8191
vn -0.1926 0.5403 -0.8191
vn -0.1798 0.5447 -0.8191
vn -0.1669 0.5488 -0.8191
vn -0.1539 0.5526 -0.8191
vn -0.1408 0.5561 -0.8191
vn -0.1276 0.5592 -0.8191
vn -0.1144 0.5621 -0.8191
vn -0.1011 0.5646 -0.8191
vn -0.0877 0.5669 -0.8191
vn -0.0743 0.5688 -0.8191
vn -0.0609 0.5704 -0.8191
vn -0.0609 0.5703 -0.8191
vn -0.0474 0.5716 -0.8191
vn -0.0339 0.5726 -0.8191
vn -0.0203 0.5732 -0.8191
vn -0.0050 0.4226 -0.9063
vn -0.0548 -0.4191 -0.9063
vn -0.0646 -0.4177 -0.9063
vn -0.0745 -0.4160 -0.9063
vn -0.0843 -0.4142 -0.9063
vn -0.0843 -0.4141 -0.9063
vn -0.0940 -0.4120 -0.9063
vn -0.1038 -0.4097 -0.9063
vn -0.1134 -0.4071 -0.9063
vn -0.1230 -0.4043 -0.9063
vn -0.1230 -0.4044 -0.9063
vn -0.1325 -0.4013 -0.9063
vn -0.1419 -0.3981 -0.9063
vn -0.1513 -0.3946 -0.9063
vn -0.1606 -0.3909 -0.9063
vn -0.1698 -0.3870 -0.9063
vn -0.1698 -0.3871 -0.9063
vn -0.1789 -0.3829 -0.9063
vn -0.1879 -0.3786 -0.9063
vn -0.1967 -0.3740 -0.9063
vn -0.1968 -0.3741 -0.9063
vn -0.2055 -0.3693 -0.9063
vn -0.2142 -0.3643 -0.9063
vn -0.2227 -0.3592 -0.9063
vn -0.2312 -0.3538 -0.9063
vn -0.2395 -0.3483 -0.9063
vn -0.2394 -0.3483 -0.9063
vn -0.2476 -0.3425 -0.9063
vn -0.2556 -0.3366 -0.9063
vn -0.2635 -0.3304 -0.9063
vn -0.2712 -0.3241 -0.9063
vn -0.2713 -0.3241 -0.9063
vn -0.2788 -0.3176 -0.9063
vn -0.2862 -0.3109 -0.9063
vn -0.2862 -0.3110 -0.9063
vn -0.2935 -0.3041 -0.9063
vn -0.3006 -0.2971 -0.9063
vn -0.3075 -0.2899 -0.9063
vn -0.3143 -0.2826 -0.9063
vn -0.3209 -0.2751 -0.9063
vn -0.3209 -0.2750 -0.9063
vn -0.3273 -0.2674 -0.9063
vn -0.3336 -0.2596 -0.9063
vn -0.3335 -0.2596 -0.9063
vn -0.3396 -0.2516 -0.9063
vn -0.3454 -0.2436 -0.9063
vn -0.3511 -0.2353 -0.9063
vn -0.3565 -0.2270 -0.9063
vn -0.3618 -0.2185 -0.9063
vn -0.3668 -0.2099 -0.9063
vn -0.3717 -0.2012 -0.9063
vn -0.3764 -0.1923 -0.9063
vn -0.3763 -0.1923 -0.9063
vn -0.3808 -0.1834 -0.9063
vn -0.3850 -0.1743 -0.9063
vn -0.3890 -0.1652 -0.9063
vn -0.3928 -0.1559 -0.9063
vn -0.3928 -0.1560 -0.9063
vn -0.3964 -0.1466 -0.9063
vn -0.3997 -0.1372 -0.9063
vn -0.4029 -0.1278 -0.9063
vn -0.4029 -0.1277 -0.9063
vn -0.4058 -0.1182 -0.9063
vn -0.4085 -0.1086 -0.9063
vn -0.4109 -0.0989 -0.9063
vn -0.4131 -0.0892 -0.9063
vn -0.4151 -0.0794 -0.9063
vn -0.4169 -0.0696 -0.9063
vn -0.4184 -0.0597 -0.9063
vn -0.4197 -0.0498 -0.9063
vn -0.4207 -0.0399 -0.9063
vn -0.4208 -0.0399 -0.9063
vn -0.4216 -0.0299 -0.9063
vn -0.4222 -0.0200 -0.9063
vn -0.4225 -0.0100 -0.9063
vn -0.4226 -0.0000 -0.9063
vn -0.4224 0.0100 -0.9063
vn -0.4226 0.0100 -0.9063
vn -0.4222 0.0200 -0.9063
vn -0.4221 0.0200 -0.9063
vn -0.4216 0.0299 -0.9063
vn -0.4208 0.0399 -0.9063
vn -0.4197 0.0498 -0.9063
vn -0.4184 0.0597 -0.9063
vn -0.4169 0.0696 -0.9063
vn -0.4151 0.0794 -0.9063
vn -0.4132 0.0892 -0.9063
vn -0.4131 0.0892 -0.9063
vn -0.4109 0.0989 -0.9063
vn -0.4085 0.1086 -0.9063
vn -0.4058 0.1182 -0.9063
vn -0.4028 0.1277 -0.9063
vn -0.4029 0.1278 -0.9063
vn -0.3997 0.1372 -0.9063
vn -0.3998 0.1372 -0.9063
vn -0.3964 0.1466 -0.9063
vn -0.3928 0.1560 -0.9063
vn -0.3890 0.1652 -0.9063
vn -0.3850 0.1743 -0.9063
vn -0.3807 0.1834 -0.9063
vn -0.3808 0.1834 -0.9063
vn -0.3764 0.1923 -0.9063
vn -0.3763 0.1923 -0.9063
vn -0.3717 0.2012 -0.9063
vn -0.3668 0.2099 -0.9063
vn -0.3618 0.2185 -0.9063
vn -0.3565 0.2270 -0.9063
vn -0.3511 0.2353 -0.9063
vn -0.3454 0.2436 -0.9063
vn -0.3396 0.2516 -0.9063
vn -0.3336 0.2596 -0.9063
vn -0.3335 0.2596 -0.9063
vn -0.3273 0.2674 -0.9063
vn -0.3209 0.2750 -0.9063
vn -0.3209 0.2751 -0.9063
vn -0.3143 0.2826 -0.9063
vn -0.3075 0.2899 -0.9063
vn -0.3006 0.2971 -0.9063
vn -0.2935 0.3041 -0.9063
vn -0.2863 0.3110 -0.9063
vn -0.2862 0.3109 -0.9063
vn -0.2788 0.3176 -0.9063
vn -0.2712 0.3241 -0.9063
vn -0.2713 0.3241 -0.9063
vn -0.2635 0.3304 -0.9063
vn -0.2556 0.3366 -0.9063
vn -0.2476 0.3425 -0.9063
vn -0.2395 0.3483 -0.9063
vn -0.2312 0.3538 -0.9063
vn -0.2227 0.3592 -0.9063
vn -0.2142 0.3643 -0.9063
vn -0.2055 0.3693 -0.9063
vn -0.1968 0.3741 -0.9063
vn -0.1968 0.3740 -0.9063
vn -0.1879 0.3786 -0.9063
vn -0.1789 0.3829 -0.9063
vn -0.1698 0.3870 -0.9063
vn -0.1606 0.3910 -0.9063
vn -0.1606 0.3909 -0.9063
vn -0.1513 0.3946 -0.9063
vn -0.1419 0.3981 -0.9063
vn -0.1325 0.4013 -0.9063
vn -0.1230 0.4043 -0.9063
vn -0.1134 0.4071 -0.9063
vn -0.1038 0.4097 -0.9063
vn -0.0940 0.4120 -0.9063
vn -0.0843 0.4141 -0.9063
vn -0.0843 0.4142 -0.9063
vn -0.0745 0.4160 -0.9063
vn -0.0646 0.4177 -0.9063
vn -0.0548 0.4191 -0.9063
vn -0.0448 0.4203 -0.9063
vn -0.0349 0.4212 -0.9063
vn -0.0249 0.4219 -0.9063
vn -0.0150 0.4224 -0.9063
vn -0.0031 0.2588 -0.9659
vn -0.0335 -0.2567 -0.9659
vn -0.0396 -0.2558 -0.9659
vn -0.0456 -0.2548 -0.9659
vn -0.0516 -0.2536 -0.9659
vn -0.0576 -0.2524 -0.9659
vn -0.0576 -0.2523 -0.9659
vn -0.0635 -0.2509 -0.9659
vn -0.0694 -0.2493 -0.9659
vn -0.0695 -0.2493 -0.9659
vn -0.0753 -0.2476 -0.9659
vn -0.0811 -0.2458 -0.9659
vn -0.0869 -0.2438 -0.9659
vn -0.0927 -0.2417 -0.9659
vn -0.0983 -0.2394 -0.9659
vn -0.1040 -0.2370 -0.9659
vn -0.1095 -0.2345 -0.9659
vn -0.1151 -0.2319 -0.9659
vn -0.1150 -0.2319 -0.9659
vn -0.1205 -0.2291 -0.9659
vn -0.1259 -0.2262 -0.9659
vn -0.1312 -0.2231 -0.9659
vn -0.1364 -0.2200 -0.9659
vn -0.1416 -0.2167 -0.9659
vn -0.1467 -0.2133 -0.9659
vn -0.1466 -0.2133 -0.9659
vn -0.1516 -0.2098 -0.9659
vn -0.1566 -0.2061 -0.9659
vn -0.1614 -0.2024 -0.9659
vn -0.1661 -0.1985 -0.9659
vn -0.1708 -0.1945 -0.9659
vn -0.1753 -0.1904 -0.9659
vn -0.1798 -0.1862 -0.9659
vn -0.1797 -0.1862 -0.9659
vn -0.1841 -0.1819 -0.9659
vn -0.1884 -0.1775 -0.9659
vn -0.1883 -0.1775 -0.9659
vn -0.1925 -0.1730 -0.9659
vn -0.1965 -0.1685 -0.9659
vn -0.1965 -0.1684 -0.9659
vn -0.2004 -0.1637 -0.9659
vn -0.2004 -0.1638 -0.9659
vn -0.2043 -0.1590 -0.9659
vn -0.2080 -0.1541 -0.9659
vn -0.2115 -0.1491 -0.9659
vn -0.2116 -0.1492 -0.9659
vn -0.2150 -0.1441 -0.9659
vn -0.2184 -0.1390 -0.9659
vn -0.2183 -0.1390 -0.9659
vn -0.2216 -0.1338 -0.9659
vn -0.2247 -0.1285 -0.9659
vn -0.2276 -0.1232 -0.9659
vn -0.2305 -0.1178 -0.9659
vn -0.2332 -0.1123 -0.9659
vn -0.2358 -0.1068 -0.9659
vn -0.2382 -0.1012 -0.9659
vn -0.2406 -0.0955 -0.9659
vn -0.2428 -0.0898 -0.9659
vn -0.2427 -0.0898 -0.9659
vn -0.2448 -0.0841 -0.9659
vn -0.2448 -0.0840 -0.9659
vn -0.2467 -0.0782 -0.9659
vn -0.2485 -0.0724 -0.9659
vn -0.2502 -0.0665 -0.9659
vn -0.2501 -0.0665 -0.9659
vn -0.2516 -0.0606 -0.9659
vn -0.2517 -0.0606 -0.9659
vn -0.2530 -0.0546 -0.9659
vn -0.2542 -0.0486 -0.9659
vn -0.2553 -0.0426 -0.9659
vn -0.2562 -0.0366 -0.9659
vn -0.2570 -0.0305 -0.9659
vn -0.2577 -0.0244 -0.9659
vn -0.2582 -0.0183 -0.9659
vn -0.2585 -0.0122 -0.9659
vn -0.2588 -0.0061 -0.9659
vn -0.2587 -0.0061 -0.9659
vn -0.2588 -0.0000 -0.9659
vn -0.2588 0.0061 -0.9659
vn -0.2587 0.0061 -0.9659
vn -0.2586 0.0122 -0.9659
vn -0.2585 0.0122 -0.9659
vn -0.2582 0.0183 -0.9659
vn -0.2577 0.0244 -0.9659
vn -0.2570 0.0305 -0.9659
vn -0.2562 0.0366 -0.9659
vn -0.2553 0.0426 -0.9659
vn -0.2542 0.0486 -0.9659
vn -0.2530 0.0546 -0.9659
vn -0.2517 0.0606 -0.9659
vn -0.2516 0.0606 -0.9659
vn -0.2501 0.0665 -0.9659
vn -0.2502 0.0665 -0.9659
vn -0.2485 0.0724 -0.9659
vn -0.2467 0.0782 -0.9659
vn -0.2448 0.0840 -0.9659
vn -0.2428 0.0898 -0.9659
vn -0.2427 0.0898 -0.9659
vn -0.2406 0.0955 -0.9659
vn -0.2382 0.1012 -0.9659
vn -0.2358 0.1068 -0.9659
vn -0.2332 0.1123 -0.9659
vn -0.2305 0.1178 -0.9659
vn -0.2276 0.1232 -0.9659
vn -0.2247 0.1285 -0.9659
vn -0.2216 0.1338 -0.9659
vn -0.2215 0.1338 -0.9659
vn -0.2183 0.1390 -0.9659
vn -0.2150 0.1441 -0.9659
vn -0.2115 0.1491 -0.9659
vn -0.2115 0.1492 -0.9659
vn -0.2080 0.1541 -0.9659
vn -0.2043 0.1590 -0.9659
vn -0.2004 0.1638 -0.9659
vn -0.2004 0.1637 -0.9659
vn -0.1965 0.1685 -0.9659
vn -0.1965 0.1684 -0.9659
vn -0.1925 0.1730 -0.9659
vn -0.1883 0.1775 -0.9659
vn -0.1884 0.1776 -0.9659
vn -0.1841 0.1820 -0.9659
vn -0.1841 0.1819 -0.9659
vn -0.1798 0.1862 -0.9659
vn -0.1797 0.1862 -0.9659
vn -0.1753 0.1904 -0.9659
vn -0.1708 0.1945 -0.9659
vn -0.1661 0.1985 -0.9659
vn -0.1614 0.2024 -0.9659
vn -0.1565 0.2061 -0.9659
vn -0.1566 0.2061 -0.9659
vn -0.1516 0.2098 -0.9659
vn -0.1466 0.2133 -0.9659
vn -0.1467 0.2133 -0.9659
vn -0.1416 0.2167 -0.9659
vn -0.1364 0.2200 -0.9659
vn -0.1312 0.2231 -0.9659
vn -0.1259 0.2262 -0.9659
vn -0.1205 0.2291 -0.9659
vn -0.1150 0.2318 -0.9659
vn -0.1151 0.2319 -0.9659
vn -0.1095 0.2345 -0.9659
vn -0.1040 0.2370 -0.9659
vn -0.0983 0.2394 -0.9659
vn -0.0927 0.2417 -0.9659
vn -0.0869 0.2438 -0.9659
vn -0.0811 0.2458 -0.9659
vn -0.0753 0.2476 -0.9659
vn -0.0694 0.2493 -0.9659
vn -0.0695 0.2493 -0.9659
vn -0.0635 0.2509 -0.9659
vn -0.0576 0.2523 -0.9659
vn -0.0576 0.2524 -0.9659
vn -0.0516 0.2536 -0.9659
vn -0.0456 0.2548 -0.9659
vn -0.0396 0.2558 -0.9659
vn -0.0335 0.2567 -0.9659
vn -0.0275 0.2574 -0.9659
vn -0.0214 0.2580 -0.9659
vn -0.0214 0.2579 -0.9659
vn -0.0153 0.2584 -0.9659
vn -0.0092 0.2587 -0.9659
vn -0.0118 -0.9961 -0.0871
vn -0.0114 -0.9659 -0.2588
vn -0.0107 -0.9063 -0.4226
vn -0.0097 -0.8191 -0.5735
vn -0.0097 -0.8191 -0.5736
vn -0.0084 -0.7071 -0.7071
vn -0.0068 -0.5736 -0.8191
vn -0.0050 -0.4226 -0.9063
vn -0.0031 -0.2588 -0.9659
vn -0.0010 -0.0872 -0.9962
vn -0.0284 -0.9958 -0.0871
vn -0.0352 -0.9915 -0.1250
vn -0.0342 -0.9653 -0.2588
vn -0.0321 -0.9058 -0.4226
vn -0.0290 -0.8186 -0.5736
vn -0.0251 -0.7067 -0.7071
vn -0.0203 -0.5732 -0.8191
vn -0.0150 -0.4224 -0.9063
vn -0.0092 -0.2587 -0.9659
vn -0.0031 -0.0871 -0.9962
vn -0.0402 -0.9954 -0.0872
vn -0.0588 -0.9945 -0.0872
vn -0.0570 -0.9643 -0.2588
vn -0.0570 -0.9642 -0.2588
vn -0.0535 -0.9047 -0.4226
vn -0.0483 -0.8177 -0.5736
vn -0.0417 -0.7059 -0.7071
vn -0.0338 -0.5726 -0.8191
vn -0.0339 -0.5726 -0.8191
vn -0.0249 -0.4219 -0.9063
vn -0.0153 -0.2584 -0.9659
vn -0.0051 -0.0870 -0.9962
vn -0.0823 -0.9928 -0.0872
vn -0.0798 -0.9626 -0.2588
vn -0.0748 -0.9032 -0.4226
vn -0.0676 -0.8164 -0.5736
vn -0.0676 -0.8164 -0.5735
vn -0.0584 -0.7047 -0.7071
vn -0.0474 -0.5716 -0.8191
vn -0.0349 -0.4212 -0.9063
vn -0.0214 -0.2579 -0.9659
vn -0.0214 -0.2580 -0.9659
vn -0.0072 -0.0869 -0.9962
vn -0.0010 0.0872 -0.9962
vn -0.0113 -0.0864 -0.9962
vn -0.0133 -0.0861 -0.9962
vn -0.0154 -0.0858 -0.9962
vn -0.0174 -0.0854 -0.9962
vn -0.0194 -0.0850 -0.9962
vn -0.0214 -0.0845 -0.9962
vn -0.0234 -0.0840 -0.9962
vn -0.0254 -0.0834 -0.9962
vn -0.0273 -0.0828 -0.9962
vn -0.0293 -0.0821 -0.9962
vn -0.0312 -0.0814 -0.9962
vn -0.0331 -0.0806 -0.9962
vn -0.0350 -0.0798 -0.9962
vn -0.0369 -0.0790 -0.9962
vn -0.0387 -0.0781 -0.9962
vn -0.0406 -0.0771 -0.9962
vn -0.0424 -0.0762 -0.9962
vn -0.0442 -0.0751 -0.9962
vn -0.0459 -0.0741 -0.9962
vn -0.0477 -0.0730 -0.9962
vn -0.0494 -0.0718 -0.9962
vn -0.0511 -0.0706 -0.9962
vn -0.0527 -0.0694 -0.9962
vn -0.0543 -0.0681 -0.9962
vn -0.0559 -0.0668 -0.9962
vn -0.0575 -0.0655 -0.9962
vn -0.0590 -0.0641 -0.9962
vn -0.0605 -0.0627 -0.9962
vn -0.0620 -0.0613 -0.9962
vn -0.0634 -0.0598 -0.9962
vn -0.0648 -0.0583 -0.9962
vn -0.0662 -0.0567 -0.9962
vn -0.0675 -0.0552 -0.9962
vn -0.0675 -0.0551 -0.9962
vn -0.0688 -0.0535 -0.9962
vn -0.0700 -0.0519 -0.9962
vn -0.0712 -0.0502 -0.9962
vn -0.0724 -0.0485 -0.9962
vn -0.0735 -0.0468 -0.9962
vn -0.0746 -0.0451 -0.9962
vn -0.0757 -0.0433 -0.9962
vn -0.0767 -0.0415 -0.9962
vn -0.0766 -0.0415 -0.9962
vn -0.0776 -0.0397 -0.9962
vn -0.0785 -0.0378 -0.9962
vn -0.0794 -0.0360 -0.9962
vn -0.0802 -0.0341 -0.9962
vn -0.0810 -0.0322 -0.9962
vn -0.0818 -0.0302 -0.9962
vn -0.0824 -0.0283 -0.9962
vn -0.0831 -0.0263 -0.9962
vn -0.0837 -0.0244 -0.9962
vn -0.0842 -0.0224 -0.9962
vn -0.0847 -0.0204 -0.9962
vn -0.0852 -0.0184 -0.9962
vn -0.0856 -0.0164 -0.9962
vn -0.0860 -0.0143 -0.9962
vn -0.0863 -0.0123 -0.9962
vn -0.0866 -0.0103 -0.9962
vn -0.0865 -0.0103 -0.9962
vn -0.0868 -0.0082 -0.9962
vn -0.0869 -0.0062 -0.9962
vn -0.0871 -0.0041 -0.9962
vn -0.0871 -0.0021 -0.9962
vn -0.0872 -0.0000 -0.9962
vn -0.0871 0.0021 -0.9962
vn -0.0871 0.0041 -0.9962
vn -0.0869 0.0062 -0.9962
vn -0.0868 0.0082 -0.9962
vn -0.0866 0.0103 -0.9962
vn -0.0865 0.0103 -0.9962
vn -0.0863 0.0123 -0.9962
vn -0.0860 0.0143 -0.9962
vn -0.0856 0.0164 -0.9962
vn -0.0852 0.0184 -0.9962
vn -0.0847 0.0204 -0.9962
vn -0.0842 0.0224 -0.9962
vn -0.0837 0.0244 -0.9962
vn -0.0831 0.0263 -0.9962
vn -0.0824 0.0283 -0.9962
vn -0.0818 0.0302 -0.9962
vn -0.0810 0.0322 -0.9962
vn -0.0802 0.0341 -0.9962
vn -0.0794 0.0360 -0.9962
vn -0.0785 0.0378 -0.9962
vn -0.0776 0.0397 -0.9962
vn -0.0767 0.0415 -0.9962
vn -0.0757 0.0433 -0.9962
vn -0.0746 0.0451 -0.9962
vn -0.0735 0.0468 -0.9962
vn -0.0724 0.0485 -0.9962
vn -0.0712 0.0502 -0.9962
vn -0.0700 0.0519 -0.9962
vn -0.0688 0.0535 -0.9962
vn -0.0675 0.0551 -0.9962
vn -0.0662 0.0567 -0.9962
vn -0.0648 0.0583 -0.9962
vn -0.0634 0.0598 -0.9962
vn -0.0620 0.0613 -0.9962
vn -0.0605 0.0627 -0.9962
vn -0.0590 0.0641 -0.9962
vn -0.0575 0.0655 -0.9962
vn -0.0559 0.0668 -0.9962
vn -0.0543 0.0681 -0.9962
vn -0.0527 0.0694 -0.9962
vn -0.0511 0.0706 -0.9962
vn -0.0494 0.0718 -0.9962
vn -0.0477 0.0730 -0.9962
vn -0.0459 0.0741 -0.9962
vn -0.0442 0.0751 -0.9962
vn -0.0424 0.0762 -0.9962
vn -0.0406 0.0771 -0.9962
vn -0.0387 0.0781 -0.9962
vn -0.0369 0.0790 -0.9962
vn -0.0350 0.0798 -0.9962
vn -0.0331 0.0806 -0.9962
vn -0.0312 0.0814 -0.9962
vn -0.0293 0.0821 -0.9962
vn -0.0273 0.0828 -0.9962
vn -0.0254 0.0834 -0.9962
vn -0.0234 0.0840 -0.9962
vn -0.0214 0.0845 -0.9962
vn -0.0194 0.0850 -0.9962
vn -0.0174 0.0854 -0.9962
vn -0.0154 0.0858 -0.9962
vn -0.0133 0.0861 -0.9962
vn -0.0113 0.0864 -0.9962
vn -0.0092 0.0867 -0.9962
vn -0.0072 0.0869 -0.9962
vn -0.0051 0.0870 -0.9962
vn -0.0031 0.0871 -0.9962
vn 0.0092 0.0867 -0.9962
vn 0.0275 0.2574 -0.9659
vn 0.0448 0.4203 -0.9063
vn 0.0609 0.5703 -0.8191
vn 0.0750 0.7031 -0.7071
vn 0.0869 0.8146 -0.5735
vn 0.0962 0.9012 -0.4226
vn 0.1025 0.9605 -0.2588
vn 0.0685 0.9938 -0.0872
vn 0.0566 0.9919 -0.1137
vn 0.0968 0.9915 -0.0872
vn 0.1286 0.9841 -0.1222
vn 0.1054 0.9876 -0.1160
vn 0.1086 0.9903 -0.0871
vn 0.1251 0.9883 -0.0871
vn 0.1368 0.9868 -0.0872
vn 0.1523 0.9845 -0.0872
vn 0.1524 0.9845 -0.0871
vn 0.1648 0.9825 -0.0871
vn 0.1754 0.9796 -0.0980
vn 0.1764 0.9804 -0.0872
vn 0.1928 0.9774 -0.0872
vn 0.1978 0.9721 -0.1261
vn 0.2043 0.9750 -0.0871
vn 0.2217 0.9712 -0.0871
vn 0.2203 0.9701 -0.1021
vn 0.2890 0.9501 -0.1176
vn 0.2320 0.9688 -0.0871
vn 0.2445 0.9657 -0.0871
vn 0.2446 0.9657 -0.0871
vn 0.2596 0.9618 -0.0871
vn 0.2663 0.9562 -0.1210
vn 0.2709 0.9587 -0.0872
vn 0.2869 0.9540 -0.0872
vn 0.3552 0.9263 -0.1255
vn 0.2981 0.9505 -0.0871
vn 0.3123 0.9460 -0.0871
vn 0.3251 0.9417 -0.0871
vn 0.3339 0.9365 -0.1070
vn 0.3362 0.9377 -0.0871
vn 0.3518 0.9320 -0.0872
vn 0.3628 0.9278 -0.0872
vn 0.3783 0.9216 -0.0872
vn 0.3784 0.9212 -0.0904
vn 0.3887 0.9173 -0.0872
vn 0.4002 0.9123 -0.0871
vn 0.4151 0.9056 -0.0871
vn 0.4199 0.8990 -0.1244
vn 0.4258 0.9006 -0.0872
vn 0.4428 0.8924 -0.0872
vn 0.4394 0.8906 -0.1170
vn 0.5030 0.8555 -0.1231
vn 0.4513 0.8881 -0.0872
vn 0.4638 0.8817 -0.0871
vn 0.4638 0.8817 -0.0872
vn 0.4764 0.8749 -0.0872
vn 0.4831 0.8681 -0.1143
vn 0.4867 0.8692 -0.0871
vn 0.5012 0.8609 -0.0871
vn 0.5113 0.8550 -0.0871
vn 0.5250 0.8466 -0.0871
vn 0.5250 0.8466 -0.0872
vn 0.5355 0.8400 -0.0872
vn 0.5445 0.8334 -0.0951
vn 0.5454 0.8336 -0.0872
vn 0.5592 0.8244 -0.0872
vn 0.5621 0.8174 -0.1260
vn 0.5689 0.8178 -0.0872
vn 0.5836 0.8073 -0.0872
vn 0.5815 0.8067 -0.1054
vn 0.6372 0.7614 -0.1191
vn 0.5920 0.8012 -0.0871
vn 0.6026 0.7933 -0.0871
vn 0.6025 0.7933 -0.0872
vn 0.6146 0.7840 -0.0871
vn 0.6190 0.7762 -0.1198
vn 0.6239 0.7767 -0.0872
vn 0.6367 0.7661 -0.0872
vn 0.6890 0.7138 -0.1258
vn 0.6458 0.7586 -0.0871
vn 0.6572 0.7487 -0.0872
vn 0.6572 0.7487 -0.0871
vn 0.6671 0.7398 -0.0872
vn 0.6736 0.7317 -0.1045
vn 0.6758 0.7319 -0.0871
vn 0.6879 0.7205 -0.0871
vn 0.6964 0.7123 -0.0871
vn 0.7082 0.7006 -0.0871
vn 0.7081 0.6998 -0.0936
vn 0.7164 0.6922 -0.0872
vn 0.7249 0.6833 -0.0871
vn 0.7359 0.6715 -0.0871
vn 0.7380 0.6634 -0.1236
vn 0.7438 0.6627 -0.0872
vn 0.7564 0.6483 -0.0871
vn 0.7521 0.6480 -0.1204
vn 0.7972 0.5908 -0.1239
vn 0.7624 0.6412 -0.0871
vn 0.7715 0.6303 -0.0872
vn 0.7715 0.6303 -0.0871
vn 0.7803 0.6193 -0.0872
vn 0.7841 0.6103 -0.1124
vn 0.7876 0.6100 -0.0872
vn 0.7977 0.5968 -0.0871
vn 0.8047 0.5873 -0.0872
vn 0.8142 0.5741 -0.0873
vn 0.8142 0.5741 -0.0871
vn 0.8211 0.5641 -0.0871
vn 0.8271 0.5544 -0.0921
vn 0.8277 0.5544 -0.0871
vn 0.8368 0.5405 -0.0872
vn 0.8369 0.5328 -0.1257
vn 0.8432 0.5305 -0.0872
vn 0.8528 0.5150 -0.0871
vn 0.8501 0.5153 -0.1089
vn 0.8840 0.4517 -0.1204
vn 0.8580 0.5063 -0.0871
vn 0.8647 0.4947 -0.0872
vn 0.8647 0.4947 -0.0871
vn 0.8720 0.4816 -0.0871
vn 0.8733 0.4726 -0.1183
vn 0.8777 0.4713 -0.0872
vn 0.8854 0.4565 -0.0872
vn 0.8908 0.4461 -0.0871
vn 0.8975 0.4322 -0.0871
vn 0.8975 0.4322 -0.0872
vn 0.9031 0.4205 -0.0871
vn 0.9062 0.4103 -0.1020
vn 0.9080 0.4098 -0.0872
vn 0.9147 0.3945 -0.0871
vn 0.9131 0.3877 -0.1261
vn 0.9193 0.3837 -0.0871
vn 0.9259 0.3676 -0.0873
vn 0.9248 0.3680 -0.0970
vn 0.9469 0.3003 -0.1151
vn 0.9299 0.3574 -0.0871
vn 0.9343 0.3456 -0.0871
vn 0.9343 0.3456 -0.0872
vn 0.9397 0.3307 -0.0873
vn 0.9387 0.3222 -0.1227
vn 0.9436 0.3196 -0.0871
vn 0.9488 0.3037 -0.0871
vn 0.9646 0.2322 -0.1248
vn 0.9523 0.2925 -0.0871
vn 0.9565 0.2786 -0.0870
vn 0.9564 0.2786 -0.0872
vn 0.9602 0.2652 -0.0872
vn 0.9605 0.2554 -0.1102
vn 0.9633 0.2539 -0.0872
vn 0.9674 0.2378 -0.0871
vn 0.9701 0.2263 -0.0871
vn 0.9738 0.2102 -0.0872
vn 0.9738 0.2102 -0.0871
vn 0.9762 0.1986 -0.0871
vn 0.9783 0.1871 -0.0889
vn 0.9785 0.1870 -0.0871
vn 0.9815 0.1706 -0.0871
vn 0.9786 0.1633 -0.1253
vn 0.9834 0.1590 -0.0871
vn 0.9862 0.1407 -0.0871
vn 0.9835 0.1422 -0.1121
vn 0.9901 0.0703 -0.1217
vn 0.9876 0.1309 -0.0871
vn 0.9893 0.1174 -0.0872
vn 0.9892 0.1174 -0.0872
vn 0.9909 0.1027 -0.0872
vn 0.9887 0.0937 -0.1168
vn 0.9920 0.0910 -0.0872
vn 0.9934 0.0744 -0.0873
vn 0.9942 0.0627 -0.0873
vn 0.9951 0.0470 -0.0872
vn 0.9956 0.0343 -0.0872
vn 0.9948 0.0235 -0.0995
vn 0.9959 0.0225 -0.0872
vn 0.9962 0.0059 -0.0871
vn 0.9920 -0.0000 -0.1262
vn 0.9962 -0.0059 -0.0871
vn 0.9959 -0.0235 -0.0872
vn 0.9947 -0.0225 -0.1006
vn 0.9887 -0.0937 -0.1168
vn 0.9956 -0.0343 -0.0871
vn 0.9951 -0.0470 -0.0872
vn 0.9942 -0.0627 -0.0873
vn 0.9901 -0.0703 -0.1216
vn 0.9934 -0.0744 -0.0873
vn 0.9920 -0.0910 -0.0872
vn 0.9786 -0.1633 -0.1253
vn 0.9909 -0.1027 -0.0872
vn 0.9893 -0.1174 -0.0871
vn 0.9892 -0.1174 -0.0873
vn 0.9876 -0.1309 -0.0870
vn 0.9842 -0.1404 -0.1081
vn 0.9859 -0.1426 -0.0871
vn 0.9834 -0.1590 -0.0871
vn 0.9815 -0.1706 -0.0871
vn 0.9785 -0.1870 -0.0871
vn 0.9783 -0.1871 -0.0889
vn 0.9762 -0.1986 -0.0871
vn 0.9738 -0.2102 -0.0872
vn 0.9702 -0.2263 -0.0871
vn 0.9646 -0.2322 -0.1248
vn 0.9674 -0.2378 -0.0871
vn 0.9628 -0.2559 -0.0871
vn 0.9605 -0.2532 -0.1154
vn 0.9387 -0.3222 -0.1227
vn 0.9602 -0.2652 -0.0871
vn 0.9564 -0.2786 -0.0871
vn 0.9523 -0.2925 -0.0871
vn 0.9469 -0.3003 -0.1151
vn 0.9488 -0.3037 -0.0871
vn 0.9436 -0.3196 -0.0871
vn 0.9397 -0.3307 -0.0872
vn 0.9343 -0.3456 -0.0872
vn 0.9343 -0.3456 -0.0871
vn 0.9299 -0.3574 -0.0871
vn 0.9251 -0.3673 -0.0965
vn 0.9256 -0.3683 -0.0871
vn 0.9193 -0.3837 -0.0871
vn 0.9131 -0.3877 -0.1261
vn 0.9147 -0.3945 -0.0871
vn 0.9075 -0.4109 -0.0871
vn 0.9066 -0.4091 -0.1038
vn 0.8733 -0.4726 -0.1183
vn 0.9031 -0.4205 -0.0871
vn 0.8975 -0.4322 -0.0871
vn 0.8975 -0.4322 -0.0872
vn 0.8908 -0.4460 -0.0871
vn 0.8840 -0.4517 -0.1204
vn 0.8854 -0.4565 -0.0872
vn 0.8777 -0.4713 -0.0872
vn 0.8369 -0.5328 -0.1258
vn 0.8720 -0.4816 -0.0871
vn 0.8647 -0.4947 -0.0872
vn 0.8647 -0.4947 -0.0871
vn 0.8580 -0.5063 -0.0871
vn 0.8512 -0.5140 -0.1058
vn 0.8519 -0.5164 -0.0872
vn 0.8432 -0.5305 -0.0872
vn 0.8368 -0.5405 -0.0872
vn 0.8277 -0.5544 -0.0871
vn 0.8271 -0.5544 -0.0921
vn 0.8211 -0.5641 -0.0871
vn 0.8142 -0.5741 -0.0872
vn 0.8047 -0.5873 -0.0872
vn 0.7972 -0.5908 -0.1240
vn 0.7977 -0.5968 -0.0871
vn 0.7861 -0.6119 -0.0871
vn 0.7850 -0.6080 -0.1187
vn 0.7380 -0.6634 -0.1236
vn 0.7803 -0.6193 -0.0872
vn 0.7715 -0.6303 -0.0871
vn 0.7715 -0.6303 -0.0872
vn 0.7624 -0.6412 -0.0871
vn 0.7544 -0.6466 -0.1133
vn 0.7547 -0.6502 -0.0872
vn 0.7438 -0.6627 -0.0872
vn 0.7359 -0.6715 -0.0871
vn 0.7249 -0.6833 -0.0872
vn 0.7164 -0.6922 -0.0872
vn 0.7081 -0.6998 -0.0936
vn 0.7082 -0.7006 -0.0871
vn 0.6964 -0.7123 -0.0872
vn 0.6890 -0.7138 -0.1259
vn 0.6879 -0.7205 -0.0871
vn 0.6747 -0.7329 -0.0871
vn 0.6745 -0.7305 -0.1071
vn 0.6190 -0.7762 -0.1198
vn 0.6671 -0.7398 -0.0872
vn 0.6572 -0.7487 -0.0872
vn 0.6572 -0.7487 -0.0871
vn 0.6458 -0.7586 -0.0871
vn 0.6372 -0.7614 -0.1191
vn 0.6367 -0.7661 -0.0872
vn 0.6239 -0.7767 -0.0872
vn 0.6146 -0.7840 -0.0871
vn 0.6025 -0.7933 -0.0872
vn 0.6025 -0.7933 -0.0871
vn 0.5920 -0.8012 -0.0872
vn 0.5827 -0.8061 -0.1033
vn 0.5825 -0.8081 -0.0871
vn 0.5689 -0.8178 -0.0872
vn 0.5621 -0.8174 -0.1260
vn 0.5592 -0.8244 -0.0872
vn 0.5449 -0.8340 -0.0872
vn 0.5450 -0.8330 -0.0955
vn 0.5355 -0.8400 -0.0872
vn 0.5250 -0.8466 -0.0872
vn 0.5250 -0.8466 -0.0871
vn 0.5113 -0.8550 -0.0871
vn 0.5030 -0.8555 -0.1231
vn 0.5012 -0.8609 -0.0871
vn 0.4844 -0.8705 -0.0872
vn 0.4850 -0.8660 -0.1220
vn 0.4199 -0.8990 -0.1244
vn 0.4764 -0.8749 -0.0872
vn 0.4638 -0.8817 -0.0872
vn 0.4513 -0.8881 -0.0872
vn 0.4417 -0.8902 -0.1114
vn 0.4408 -0.8934 -0.0871
vn 0.4258 -0.9006 -0.0872
vn 0.4151 -0.9056 -0.0871
vn 0.4002 -0.9123 -0.0871
vn 0.4002 -0.9123 -0.0872
vn 0.3887 -0.9173 -0.0872
vn 0.3784 -0.9212 -0.0904
vn 0.3783 -0.9216 -0.0872
vn 0.3628 -0.9278 -0.0872
vn 0.3552 -0.9263 -0.1255
vn 0.3518 -0.9320 -0.0872
vn 0.3346 -0.9383 -0.0871
vn 0.3354 -0.9356 -0.1104
vn 0.2663 -0.9562 -0.1210
vn 0.3251 -0.9417 -0.0871
vn 0.3123 -0.9460 -0.0871
vn 0.2981 -0.9505 -0.0871
vn 0.2890 -0.9501 -0.1176
vn 0.2869 -0.9540 -0.0872
vn 0.2709 -0.9587 -0.0872
vn 0.2596 -0.9618 -0.0871
vn 0.2445 -0.9657 -0.0871
vn 0.2446 -0.9657 -0.0871
vn 0.2320 -0.9688 -0.0871
vn 0.2214 -0.9700 -0.1007
vn 0.2206 -0.9715 -0.0871
vn 0.2043 -0.9750 -0.0871
vn 0.1978 -0.9721 -0.1261
vn 0.1928 -0.9774 -0.0872
vn 0.1756 -0.9806 -0.0872
vn 0.1762 -0.9794 -0.0988
vn 0.1054 -0.9876 -0.1160
vn 0.1648 -0.9825 -0.0871
vn 0.1524 -0.9845 -0.0871
vn 0.1523 -0.9845 -0.0872
vn 0.1368 -0.9868 -0.0872
vn 0.1286 -0.9841 -0.1222
vn 0.1251 -0.9883 -0.0871
vn 0.1086 -0.9903 -0.0871
vn 0.0352 -0.9915 -0.1250
vn 0.0968 -0.9915 -0.0872
vn 0.0823 -0.9928 -0.0872
vn 0.0685 -0.9938 -0.0872
vn 0.0587 -0.9923 -0.1092
vn 0.0568 -0.9946 -0.0872
vn 0.0402 -0.9954 -0.0872
vn 0.0284 -0.9958 -0.0871
vn 0.0118 -0.9961 -0.0871
vn 0.0114 -0.9659 -0.2588
vn 0.1251 0.9578 -0.2588
vn 0.1477 0.9546 -0.2588
vn 0.1702 0.9508 -0.2588
vn 0.1926 0.9465 -0.2588
vn 0.2149 0.9417 -0.2588
vn 0.2371 0.9364 -0.2588
vn 0.2592 0.9305 -0.2588
vn 0.2811 0.9241 -0.2588
vn 0.3028 0.9172 -0.2588
vn 0.3244 0.9098 -0.2588
vn 0.3458 0.9019 -0.2588
vn 0.3670 0.8935 -0.2588
vn 0.3880 0.8846 -0.2588
vn 0.4088 0.8752 -0.2588
vn 0.4294 0.8653 -0.2588
vn 0.4497 0.8549 -0.2588
vn 0.4697 0.8440 -0.2588
vn 0.4895 0.8327 -0.2588
vn 0.5091 0.8209 -0.2588
vn 0.5283 0.8087 -0.2588
vn 0.5283 0.8086 -0.2588
vn 0.5473 0.7959 -0.2588
vn 0.5659 0.7828 -0.2588
vn 0.5842 0.7692 -0.2588
vn 0.6022 0.7552 -0.2589
vn 0.6022 0.7552 -0.2588
vn 0.6199 0.7408 -0.2588
vn 0.6199 0.7407 -0.2589
vn 0.6372 0.7259 -0.2588
vn 0.6542 0.7107 -0.2588
vn 0.6542 0.7106 -0.2589
vn 0.6708 0.6950 -0.2588
vn 0.6870 0.6790 -0.2588
vn 0.7029 0.6626 -0.2588
vn 0.7029 0.6625 -0.2588
vn 0.7183 0.6458 -0.2588
vn 0.7184 0.6458 -0.2587
vn 0.7334 0.6286 -0.2588
vn 0.7480 0.6111 -0.2588
vn 0.7623 0.5933 -0.2587
vn 0.7622 0.5933 -0.2589
vn 0.7760 0.5751 -0.2589
vn 0.7761 0.5751 -0.2588
vn 0.7894 0.5566 -0.2587
vn 0.7894 0.5566 -0.2589
vn 0.8024 0.5378 -0.2587
vn 0.8023 0.5378 -0.2588
vn 0.8148 0.5187 -0.2587
vn 0.8148 0.5187 -0.2588
vn 0.8269 0.4993 -0.2587
vn 0.8268 0.4993 -0.2588
vn 0.8384 0.4797 -0.2588
vn 0.8384 0.4797 -0.2589
vn 0.8495 0.4597 -0.2589
vn 0.8495 0.4597 -0.2588
vn 0.8601 0.4395 -0.2589
vn 0.8601 0.4395 -0.2588
vn 0.8703 0.4191 -0.2588
vn 0.8703 0.4191 -0.2589
vn 0.8799 0.3984 -0.2589
vn 0.8799 0.3984 -0.2587
vn 0.8891 0.3775 -0.2587
vn 0.8891 0.3775 -0.2588
vn 0.8978 0.3564 -0.2587
vn 0.8978 0.3564 -0.2588
vn 0.9059 0.3351 -0.2588
vn 0.9136 0.3136 -0.2588
vn 0.9207 0.2920 -0.2588
vn 0.9207 0.2920 -0.2589
vn 0.9274 0.2701 -0.2589
vn 0.9274 0.2701 -0.2588
vn 0.9335 0.2482 -0.2589
vn 0.9335 0.2482 -0.2588
vn 0.9391 0.2260 -0.2588
vn 0.9442 0.2038 -0.2587
vn 0.9442 0.2038 -0.2588
vn 0.9488 0.1814 -0.2587
vn 0.9487 0.1814 -0.2588
vn 0.9528 0.1590 -0.2588
vn 0.9562 0.1364 -0.2588
vn 0.9563 0.1364 -0.2588
vn 0.9592 0.1138 -0.2587
vn 0.9592 0.1138 -0.2588
vn 0.9616 0.0911 -0.2589
vn 0.9616 0.0911 -0.2587
vn 0.9635 0.0684 -0.2587
vn 0.9635 0.0684 -0.2588
vn 0.9648 0.0456 -0.2589
vn 0.9649 0.0456 -0.2587
vn 0.9657 0.0228 -0.2588
vn 0.9657 0.0228 -0.2587
vn 0.9659 -0.0000 -0.2588
vn 0.9657 -0.0228 -0.2587
vn 0.9657 -0.0228 -0.2588
vn 0.9649 -0.0456 -0.2587
vn 0.9648 -0.0456 -0.2589
vn 0.9635 -0.0684 -0.2587
vn 0.9635 -0.0684 -0.2588
vn 0.9616 -0.0911 -0.2589
vn 0.9616 -0.0911 -0.2587
vn 0.9592 -0.1138 -0.2587
vn 0.9592 -0.1138 -0.2588
vn 0.9562 -0.1364 -0.2588
vn 0.9563 -0.1364 -0.2588
vn 0.9528 -0.1590 -0.2588
vn 0.9488 -0.1814 -0.2587
vn 0.9487 -0.1814 -0.2588
vn 0.9442 -0.2038 -0.2588
vn 0.9391 -0.2260 -0.2587
vn 0.9391 -0.2260 -0.2589
vn 0.9335 -0.2482 -0.2589
vn 0.9335 -0.2482 -0.2588
vn 0.9274 -0.2701 -0.2589
vn 0.9274 -0.2701 -0.2588
vn 0.9207 -0.2920 -0.2588
vn 0.9136 -0.3136 -0.2589
vn 0.9136 -0.3136 -0.2587
vn 0.9059 -0.3351 -0.2588
vn 0.9059 -0.3351 -0.2589
vn 0.8978 -0.3564 -0.2587
vn 0.8978 -0.3564 -0.2588
vn 0.8891 -0.3775 -0.2588
vn 0.8799 -0.3984 -0.2587
vn 0.8799 -0.3984 -0.2589
vn 0.8703 -0.4191 -0.2587
vn 0.8703 -0.4191 -0.2589
vn 0.8601 -0.4395 -0.2589
vn 0.8601 -0.4395 -0.2588
vn 0.8495 -0.4597 -0.2588
vn 0.8384 -0.4797 -0.2588
vn 0.8384 -0.4797 -0.2589
vn 0.8269 -0.4993 -0.2588
vn 0.8148 -0.5187 -0.2587
vn 0.8148 -0.5187 -0.2588
vn 0.8024 -0.5378 -0.2587
vn 0.8023 -0.5378 -0.2588
vn 0.7894 -0.5566 -0.2588
vn 0.7760 -0.5751 -0.2589
vn 0.7761 -0.5751 -0.2588
vn 0.7623 -0.5933 -0.2587
vn 0.7622 -0.5933 -0.2589
vn 0.7480 -0.6111 -0.2587
vn 0.7480 -0.6111 -0.2588
vn 0.7334 -0.6286 -0.2588
vn 0.7183 -0.6458 -0.2587
vn 0.7183 -0.6458 -0.2588
vn 0.7029 -0.6625 -0.2588
vn 0.7029 -0.6626 -0.2588
vn 0.6870 -0.6790 -0.2588
vn 0.6708 -0.6950 -0.2588
vn 0.6542 -0.7106 -0.2589
vn 0.6542 -0.7107 -0.2588
vn 0.6372 -0.7259 -0.2588
vn 0.6372 -0.7259 -0.2589
vn 0.6199 -0.7408 -0.2588
vn 0.6199 -0.7407 -0.2589
vn 0.6022 -0.7552 -0.2589
vn 0.6022 -0.7552 -0.2588
vn 0.5842 -0.7692 -0.2588
vn 0.5843 -0.7692 -0.2588
vn 0.5659 -0.7828 -0.2588
vn 0.5473 -0.7959 -0.2588
vn 0.5283 -0.8087 -0.2588
vn 0.5283 -0.8086 -0.2588
vn 0.5091 -0.8209 -0.2588
vn 0.4895 -0.8327 -0.2588
vn 0.4697 -0.8440 -0.2588
vn 0.4497 -0.8549 -0.2588
vn 0.4294 -0.8653 -0.2588
vn 0.4293 -0.8653 -0.2588
vn 0.4088 -0.8752 -0.2588
vn 0.3880 -0.8846 -0.2588
vn 0.3670 -0.8935 -0.2588
vn 0.3458 -0.9019 -0.2588
vn 0.3244 -0.9098 -0.2588
vn 0.3028 -0.9172 -0.2588
vn 0.2811 -0.9241 -0.2588
vn 0.2592 -0.9305 -0.2588
vn 0.2371 -0.9364 -0.2588
vn 0.2149 -0.9417 -0.2588
vn 0.1926 -0.9465 -0.2588
vn 0.1702 -0.9508 -0.2588
vn 0.1477 -0.9546 -0.2588
vn 0.1251 -0.9578 -0.2588
vn 0.1025 -0.9605 -0.2588
vn 0.0798 -0.9626 -0.2588
vn 0.0570 -0.9642 -0.2588
vn 0.0570 -0.9643 -0.2588
vn 0.0342 -0.9653 -0.2588
vn 0.0107 -0.9063 -0.4226
vn 0.1174 0.8987 -0.4226
vn 0.1386 0.8956 -0.4226
vn 0.1386 0.8957 -0.4226
vn 0.1597 0.8921 -0.4226
vn 0.1807 0.8881 -0.4226
vn 0.2017 0.8836 -0.4226
vn 0.2225 0.8786 -0.4226
vn 0.2432 0.8731 -0.4226
vn 0.2637 0.8671 -0.4226
vn 0.2841 0.8606 -0.4226
vn 0.3044 0.8537 -0.4226
vn 0.3245 0.8462 -0.4226
vn 0.3444 0.8383 -0.4226
vn 0.3641 0.8300 -0.4226
vn 0.3836 0.8211 -0.4226
vn 0.3836 0.8212 -0.4226
vn 0.4029 0.8119 -0.4226
vn 0.4219 0.8021 -0.4226
vn 0.4407 0.7919 -0.4226
vn 0.4593 0.7813 -0.4226
vn 0.4776 0.7702 -0.4226
vn 0.4777 0.7702 -0.4226
vn 0.4957 0.7588 -0.4226
vn 0.4957 0.7587 -0.4226
vn 0.5135 0.7468 -0.4226
vn 0.5310 0.7345 -0.4226
vn 0.5482 0.7217 -0.4226
vn 0.5651 0.7086 -0.4226
vn 0.5817 0.6951 -0.4225
vn 0.5817 0.6950 -0.4226
vn 0.5979 0.6811 -0.4226
vn 0.6139 0.6668 -0.4225
vn 0.6138 0.6668 -0.4226
vn 0.6294 0.6521 -0.4226
vn 0.6446 0.6371 -0.4227
vn 0.6446 0.6371 -0.4226
vn 0.6595 0.6217 -0.4226
vn 0.6740 0.6059 -0.4227
vn 0.6740 0.6059 -0.4226
vn 0.6881 0.5898 -0.4226
vn 0.6881 0.5898 -0.4227
vn 0.7019 0.5734 -0.4226
vn 0.7152 0.5567 -0.4226
vn 0.7282 0.5396 -0.4225
vn 0.7282 0.5396 -0.4226
vn 0.7407 0.5223 -0.4226
vn 0.7529 0.5047 -0.4225
vn 0.7528 0.5046 -0.4227
vn 0.7645 0.4867 -0.4227
vn 0.7646 0.4867 -0.4225
vn 0.7758 0.4685 -0.4226
vn 0.7867 0.4501 -0.4226
vn 0.7971 0.4314 -0.4226
vn 0.7971 0.4314 -0.4225
vn 0.8070 0.4124 -0.4227
vn 0.8071 0.4124 -0.4226
vn 0.8166 0.3932 -0.4225
vn 0.8166 0.3932 -0.4226
vn 0.8256 0.3739 -0.4225
vn 0.8256 0.3738 -0.4226
vn 0.8342 0.3542 -0.4226
vn 0.8423 0.3344 -0.4227
vn 0.8424 0.3344 -0.4225
vn 0.8500 0.3144 -0.4226
vn 0.8500 0.3145 -0.4225
vn 0.8572 0.2943 -0.4227
vn 0.8572 0.2943 -0.4226
vn 0.8640 0.2740 -0.4225
vn 0.8639 0.2739 -0.4226
vn 0.8702 0.2535 -0.4225
vn 0.8701 0.2535 -0.4226
vn 0.8759 0.2328 -0.4226
vn 0.8812 0.2121 -0.4225
vn 0.8811 0.2121 -0.4227
vn 0.8859 0.1912 -0.4226
vn 0.8902 0.1702 -0.4226
vn 0.8940 0.1492 -0.4225
vn 0.8939 0.1492 -0.4226
vn 0.8972 0.1280 -0.4227
vn 0.8972 0.1280 -0.4226
vn 0.9000 0.1068 -0.4226
vn 0.9022 0.0855 -0.4227
vn 0.9023 0.0855 -0.4225
vn 0.9040 0.0642 -0.4226
vn 0.9041 0.0642 -0.4226
vn 0.9053 0.0428 -0.4226
vn 0.9061 0.0214 -0.4226
vn 0.9060 0.0214 -0.4226
vn 0.9063 -0.0000 -0.4225
vn 0.9063 -0.0000 -0.4227
vn 0.9060 -0.0214 -0.4227
vn 0.9061 -0.0214 -0.4226
vn 0.9053 -0.0428 -0.4226
vn 0.9053 -0.0428 -0.4225
vn 0.9040 -0.0642 -0.4226
vn 0.9041 -0.0642 -0.4226
vn 0.9022 -0.0855 -0.4227
vn 0.9023 -0.0855 -0.4225
vn 0.9000 -0.1068 -0.4226
vn 0.8972 -0.1280 -0.4226
vn 0.8972 -0.1280 -0.4227
vn 0.8940 -0.1492 -0.4225
vn 0.8939 -0.1492 -0.4226
vn 0.8902 -0.1702 -0.4226
vn 0.8859 -0.1912 -0.4226
vn 0.8812 -0.2121 -0.4226
vn 0.8759 -0.2328 -0.4226
vn 0.8702 -0.2535 -0.4226
vn 0.8702 -0.2535 -0.4225
vn 0.8639 -0.2740 -0.4226
vn 0.8572 -0.2943 -0.4227
vn 0.8572 -0.2943 -0.4226
vn 0.8500 -0.3144 -0.4226
vn 0.8423 -0.3344 -0.4227
vn 0.8424 -0.3344 -0.4225
vn 0.8342 -0.3542 -0.4226
vn 0.8256 -0.3738 -0.4227
vn 0.8257 -0.3739 -0.4225
vn 0.8166 -0.3932 -0.4225
vn 0.8166 -0.3932 -0.4226
vn 0.8070 -0.4124 -0.4226
vn 0.7971 -0.4314 -0.4225
vn 0.7971 -0.4314 -0.4226
vn 0.7867 -0.4501 -0.4226
vn 0.7758 -0.4685 -0.4225
vn 0.7758 -0.4685 -0.4226
vn 0.7646 -0.4867 -0.4225
vn 0.7645 -0.4867 -0.4226
vn 0.7528 -0.5046 -0.4226
vn 0.7407 -0.5223 -0.4226
vn 0.7282 -0.5396 -0.4226
vn 0.7282 -0.5396 -0.4225
vn 0.7152 -0.5567 -0.4226
vn 0.7018 -0.5734 -0.4226
vn 0.7019 -0.5734 -0.4225
vn 0.6881 -0.5898 -0.4226
vn 0.6881 -0.5898 -0.4227
vn 0.6740 -0.6059 -0.4227
vn 0.6740 -0.6059 -0.4225
vn 0.6595 -0.6217 -0.4226
vn 0.6446 -0.6371 -0.4227
vn 0.6446 -0.6371 -0.4226
vn 0.6294 -0.6521 -0.4226
vn 0.6139 -0.6668 -0.4225
vn 0.6138 -0.6668 -0.4226
vn 0.5979 -0.6811 -0.4226
vn 0.5817 -0.6951 -0.4225
vn 0.5816 -0.6950 -0.4226
vn 0.5651 -0.7086 -0.4226
vn 0.5482 -0.7217 -0.4226
vn 0.5310 -0.7345 -0.4226
vn 0.5135 -0.7468 -0.4226
vn 0.4957 -0.7587 -0.4226
vn 0.4777 -0.7702 -0.4226
vn 0.4776 -0.7702 -0.4226
vn 0.4593 -0.7813 -0.4226
vn 0.4407 -0.7919 -0.4226
vn 0.4219 -0.8021 -0.4226
vn 0.4029 -0.8119 -0.4226
vn 0.3836 -0.8212 -0.4226
vn 0.3836 -0.8211 -0.4226
vn 0.3641 -0.8300 -0.4226
vn 0.3444 -0.8383 -0.4226
vn 0.3245 -0.8462 -0.4226
vn 0.3044 -0.8537 -0.4226
vn 0.2841 -0.8606 -0.4226
vn 0.2637 -0.8671 -0.4226
vn 0.2432 -0.8731 -0.4226
vn 0.2225 -0.8786 -0.4226
vn 0.2017 -0.8836 -0.4226
vn 0.1807 -0.8881 -0.4226
vn 0.1597 -0.8921 -0.4226
vn 0.1386 -0.8957 -0.4226
vn 0.1386 -0.8956 -0.4226
vn 0.1174 -0.8987 -0.4226
vn 0.0962 -0.9012 -0.4226
vn 0.0961 -0.9012 -0.4226
vn 0.0748 -0.9032 -0.4226
vn 0.0749 -0.9032 -0.4226
vn 0.0535 -0.9047 -0.4226
vn 0.0321 -0.9058 -0.4226
vn 0.0097 -0.8191 -0.5735
vn 0.0869 0.8145 -0.5736
vn 0.1061 0.8123 -0.5736
vn 0.1061 0.8123 -0.5735
vn 0.1253 0.8095 -0.5735
vn 0.1444 0.8064 -0.5735
vn 0.1634 0.8027 -0.5735
vn 0.1823 0.7986 -0.5735
vn 0.1823 0.7986 -0.5736
vn 0.2011 0.7941 -0.5736
vn 0.2198 0.7891 -0.5736
vn 0.2198 0.7891 -0.5735
vn 0.2384 0.7837 -0.5735
vn 0.2384 0.7837 -0.5736
vn 0.2568 0.7779 -0.5736
vn 0.2568 0.7779 -0.5735
vn 0.2751 0.7716 -0.5736
vn 0.2751 0.7716 -0.5735
vn 0.2933 0.7649 -0.5735
vn 0.3112 0.7577 -0.5735
vn 0.3112 0.7577 -0.5736
vn 0.3291 0.7502 -0.5735
vn 0.3291 0.7502 -0.5736
vn 0.3467 0.7422 -0.5735
vn 0.3641 0.7338 -0.5735
vn 0.3814 0.7250 -0.5735
vn 0.3813 0.7250 -0.5736
vn 0.3984 0.7158 -0.5735
vn 0.3984 0.7158 -0.5736
vn 0.4152 0.7062 -0.5736
vn 0.4152 0.7062 -0.5735
vn 0.4317 0.6962 -0.5735
vn 0.4317 0.6962 -0.5736
vn 0.4480 0.6858 -0.5735
vn 0.4641 0.6750 -0.5735
vn 0.4641 0.6750 -0.5736
vn 0.4799 0.6639 -0.5735
vn 0.4955 0.6523 -0.5736
vn 0.5107 0.6405 -0.5735
vn 0.5107 0.6404 -0.5736
vn 0.5257 0.6282 -0.5735
vn 0.5257 0.6282 -0.5736
vn 0.5404 0.6156 -0.5735
vn 0.5404 0.6156 -0.5736
vn 0.5548 0.6027 -0.5735
vn 0.5689 0.5894 -0.5735
vn 0.5689 0.5894 -0.5736
vn 0.5826 0.5758 -0.5736
vn 0.5827 0.5758 -0.5735
vn 0.5961 0.5619 -0.5735
vn 0.5961 0.5619 -0.5736
vn 0.6092 0.5476 -0.5736
vn 0.6092 0.5477 -0.5735
vn 0.6220 0.5331 -0.5735
vn 0.6219 0.5331 -0.5736
vn 0.6344 0.5183 -0.5736
vn 0.6344 0.5183 -0.5735
vn 0.6464 0.5031 -0.5736
vn 0.6465 0.5032 -0.5735
vn 0.6581 0.4877 -0.5736
vn 0.6581 0.4877 -0.5735
vn 0.6695 0.4721 -0.5735
vn 0.6695 0.4721 -0.5736
vn 0.6805 0.4561 -0.5735
vn 0.6804 0.4561 -0.5736
vn 0.6910 0.4399 -0.5736
vn 0.6910 0.4399 -0.5735
vn 0.7012 0.4235 -0.5735
vn 0.7012 0.4235 -0.5736
vn 0.7110 0.4068 -0.5736
vn 0.7111 0.4068 -0.5735
vn 0.7204 0.3899 -0.5736
vn 0.7295 0.3728 -0.5735
vn 0.7381 0.3554 -0.5735
vn 0.7380 0.3554 -0.5736
vn 0.7462 0.3379 -0.5736
vn 0.7463 0.3379 -0.5735
vn 0.7540 0.3202 -0.5736
vn 0.7540 0.3202 -0.5735
vn 0.7614 0.3023 -0.5735
vn 0.7613 0.3023 -0.5736
vn 0.7683 0.2842 -0.5736
vn 0.7683 0.2842 -0.5735
vn 0.7748 0.2660 -0.5736
vn 0.7808 0.2476 -0.5736
vn 0.7809 0.2476 -0.5735
vn 0.7865 0.2291 -0.5736
vn 0.7917 0.2105 -0.5735
vn 0.7917 0.2105 -0.5736
vn 0.7964 0.1917 -0.5735
vn 0.7964 0.1917 -0.5736
vn 0.8007 0.1728 -0.5735
vn 0.8046 0.1539 -0.5736
vn 0.8046 0.1539 -0.5735
vn 0.8080 0.1348 -0.5735
vn 0.8080 0.1348 -0.5736
vn 0.8110 0.1157 -0.5735
vn 0.8109 0.1157 -0.5736
vn 0.8135 0.0965 -0.5735
vn 0.8155 0.0773 -0.5736
vn 0.8171 0.0580 -0.5736
vn 0.8171 0.0580 -0.5735
vn 0.8182 0.0387 -0.5736
vn 0.8189 0.0193 -0.5736
vn 0.8190 0.0193 -0.5735
vn 0.8191 -0.0000 -0.5737
vn 0.8192 -0.0000 -0.5735
vn 0.8190 -0.0193 -0.5735
vn 0.8182 -0.0387 -0.5736
vn 0.8171 -0.0580 -0.5736
vn 0.8155 -0.0773 -0.5735
vn 0.8155 -0.0773 -0.5736
vn 0.8134 -0.0965 -0.5736
vn 0.8135 -0.0965 -0.5735
vn 0.8110 -0.1157 -0.5735
vn 0.8109 -0.1157 -0.5736
vn 0.8080 -0.1348 -0.5735
vn 0.8045 -0.1539 -0.5736
vn 0.8046 -0.1539 -0.5735
vn 0.8008 -0.1728 -0.5735
vn 0.8007 -0.1728 -0.5736
vn 0.7964 -0.1917 -0.5736
vn 0.7964 -0.1917 -0.5735
vn 0.7917 -0.2105 -0.5735
vn 0.7917 -0.2105 -0.5736
vn 0.7865 -0.2291 -0.5735
vn 0.7865 -0.2291 -0.5736
vn 0.7808 -0.2476 -0.5736
vn 0.7809 -0.2476 -0.5735
vn 0.7748 -0.2660 -0.5736
vn 0.7683 -0.2842 -0.5735
vn 0.7683 -0.2842 -0.5736
vn 0.7613 -0.3023 -0.5736
vn 0.7614 -0.3023 -0.5735
vn 0.7540 -0.3202 -0.5736
vn 0.7540 -0.3202 -0.5735
vn 0.7462 -0.3379 -0.5736
vn 0.7463 -0.3379 -0.5735
vn 0.7381 -0.3554 -0.5735
vn 0.7380 -0.3554 -0.5736
vn 0.7295 -0.3728 -0.5735
vn 0.7204 -0.3899 -0.5736
vn 0.7110 -0.4068 -0.5735
vn 0.7012 -0.4235 -0.5735
vn 0.7012 -0.4235 -0.5736
vn 0.6910 -0.4399 -0.5736
vn 0.6911 -0.4399 -0.5735
vn 0.6805 -0.4561 -0.5735
vn 0.6804 -0.4561 -0.5736
vn 0.6695 -0.4721 -0.5735
vn 0.6695 -0.4721 -0.5736
vn 0.6581 -0.4877 -0.5736
vn 0.6465 -0.5032 -0.5735
vn 0.6344 -0.5183 -0.5735
vn 0.6344 -0.5183 -0.5736
vn 0.6220 -0.5331 -0.5735
vn 0.6220 -0.5331 -0.5736
vn 0.6092 -0.5476 -0.5736
vn 0.6092 -0.5477 -0.5735
vn 0.5961 -0.5619 -0.5735
vn 0.5827 -0.5758 -0.5735
vn 0.5689 -0.5894 -0.5736
vn 0.5689 -0.5894 -0.5735
vn 0.5548 -0.6027 -0.5736
vn 0.5548 -0.6027 -0.5735
vn 0.5404 -0.6156 -0.5736
vn 0.5257 -0.6282 -0.5735
vn 0.5257 -0.6282 -0.5736
vn 0.5107 -0.6405 -0.5735
vn 0.5107 -0.6405 -0.5736
vn 0.4955 -0.6523 -0.5735
vn 0.4955 -0.6523 -0.5736
vn 0.4799 -0.6639 -0.5735
vn 0.4799 -0.6639 -0.5736
vn 0.4641 -0.6750 -0.5736
vn 0.4641 -0.6750 -0.5735
vn 0.4480 -0.6858 -0.5735
vn 0.4317 -0.6962 -0.5735
vn 0.4317 -0.6962 -0.5736
vn 0.4152 -0.7062 -0.5735
vn 0.4152 -0.7062 -0.5736
vn 0.3984 -0.7158 -0.5736
vn 0.3984 -0.7158 -0.5735
vn 0.3814 -0.7250 -0.5735
vn 0.3641 -0.7338 -0.5735
vn 0.3467 -0.7422 -0.5735
vn 0.3291 -0.7502 -0.5735
vn 0.3290 -0.7502 -0.5736
vn 0.3112 -0.7577 -0.5735
vn 0.3112 -0.7577 -0.5736
vn 0.2933 -0.7649 -0.5735
vn 0.2751 -0.7716 -0.5735
vn 0.2568 -0.7779 -0.5735
vn 0.2568 -0.7779 -0.5736
vn 0.2384 -0.7837 -0.5736
vn 0.2384 -0.7837 -0.5735
vn 0.2198 -0.7891 -0.5735
vn 0.2198 -0.7891 -0.5736
vn 0.2011 -0.7941 -0.5736
vn 0.1823 -0.7986 -0.5736
vn 0.1823 -0.7986 -0.5735
vn 0.1634 -0.8027 -0.5735
vn 0.1444 -0.8064 -0.5735
vn 0.1253 -0.8095 -0.5735
vn 0.1061 -0.8123 -0.5735
vn 0.1061 -0.8123 -0.5736
vn 0.0869 -0.8145 -0.5736
vn 0.0869 -0.8146 -0.5735
vn 0.0677 -0.8164 -0.5735
vn 0.0676 -0.8164 -0.5736
vn 0.0483 -0.8177 -0.5736
vn 0.0290 -0.8186 -0.5736
vn 0.0097 -0.8191 -0.5736
vn 0.0084 -0.7071 -0.7071
vn 0.0916 0.7012 -0.7071
vn 0.1081 0.6988 -0.7071
vn 0.1246 0.6961 -0.7071
vn 0.1410 0.6929 -0.7071
vn 0.1573 0.6894 -0.7071
vn 0.1574 0.6894 -0.7071
vn 0.1736 0.6855 -0.7071
vn 0.1897 0.6812 -0.7071
vn 0.2058 0.6765 -0.7071
vn 0.2217 0.6715 -0.7071
vn 0.2375 0.6661 -0.7071
vn 0.2532 0.6603 -0.7071
vn 0.2687 0.6541 -0.7071
vn 0.2841 0.6476 -0.7071
vn 0.2993 0.6407 -0.7071
vn 0.3143 0.6334 -0.7071
vn 0.3292 0.6258 -0.7071
vn 0.3439 0.6179 -0.7071
vn 0.3584 0.6096 -0.7071
vn 0.3727 0.6010 -0.7071
vn 0.3727 0.6009 -0.7071
vn 0.3868 0.5920 -0.7071
vn 0.4006 0.5827 -0.7071
vn 0.4143 0.5731 -0.7071
vn 0.4277 0.5631 -0.7071
vn 0.4409 0.5529 -0.7071
vn 0.4538 0.5423 -0.7071
vn 0.4665 0.5314 -0.7071
vn 0.4789 0.5203 -0.7071
vn 0.4789 0.5202 -0.7071
vn 0.4911 0.5088 -0.7071
vn 0.5030 0.4971 -0.7071
vn 0.5029 0.4970 -0.7071
vn 0.5146 0.4850 -0.7071
vn 0.5259 0.4728 -0.7071
vn 0.5259 0.4727 -0.7071
vn 0.5369 0.4602 -0.7071
vn 0.5476 0.4474 -0.7071
vn 0.5580 0.4343 -0.7071
vn 0.5581 0.4344 -0.7070
vn 0.5681 0.4210 -0.7071
vn 0.5779 0.4075 -0.7071
vn 0.5874 0.3937 -0.7071
vn 0.5874 0.3938 -0.7070
vn 0.5965 0.3798 -0.7071
vn 0.6053 0.3656 -0.7071
vn 0.6054 0.3656 -0.7070
vn 0.6137 0.3511 -0.7071
vn 0.6138 0.3512 -0.7071
vn 0.6219 0.3365 -0.7071
vn 0.6219 0.3366 -0.7071
vn 0.6297 0.3218 -0.7071
vn 0.6371 0.3068 -0.7071
vn 0.6442 0.2917 -0.7071
vn 0.6441 0.2917 -0.7071
vn 0.6509 0.2764 -0.7071
vn 0.6572 0.2609 -0.7071
vn 0.6632 0.2453 -0.7071
vn 0.6688 0.2296 -0.7071
vn 0.6740 0.2137 -0.7071
vn 0.6741 0.2138 -0.7070
vn 0.6789 0.1978 -0.7071
vn 0.6790 0.1978 -0.7070
vn 0.6834 0.1817 -0.7070
vn 0.6834 0.1817 -0.7071
vn 0.6875 0.1655 -0.7070
vn 0.6875 0.1655 -0.7071
vn 0.6912 0.1492 -0.7071
vn 0.6945 0.1328 -0.7071
vn 0.6975 0.1164 -0.7071
vn 0.7001 0.0999 -0.7070
vn 0.7000 0.0999 -0.7071
vn 0.7022 0.0833 -0.7071
vn 0.7040 0.0667 -0.7071
vn 0.7039 0.0667 -0.7071
vn 0.7054 0.0501 -0.7071
vn 0.7064 0.0334 -0.7071
vn 0.7063 0.0334 -0.7071
vn 0.7069 0.0167 -0.7071
vn 0.7070 0.0167 -0.7070
vn 0.7071 -0.0000 -0.7071
vn 0.7069 -0.0167 -0.7071
vn 0.7064 -0.0334 -0.7071
vn 0.7063 -0.0334 -0.7071
vn 0.7054 -0.0501 -0.7070
vn 0.7053 -0.0501 -0.7071
vn 0.7040 -0.0667 -0.7070
vn 0.7039 -0.0667 -0.7071
vn 0.7021 -0.0833 -0.7071
vn 0.7022 -0.0833 -0.7071
vn 0.7001 -0.0999 -0.7071
vn 0.7000 -0.0999 -0.7071
vn 0.6975 -0.1164 -0.7071
vn 0.6974 -0.1164 -0.7071
vn 0.6945 -0.1328 -0.7071
vn 0.6946 -0.1328 -0.7071
vn 0.6912 -0.1492 -0.7071
vn 0.6875 -0.1655 -0.7071
vn 0.6834 -0.1817 -0.7071
vn 0.6789 -0.1978 -0.7071
vn 0.6741 -0.2137 -0.7071
vn 0.6689 -0.2296 -0.7070
vn 0.6688 -0.2296 -0.7071
vn 0.6632 -0.2453 -0.7071
vn 0.6572 -0.2609 -0.7071
vn 0.6509 -0.2764 -0.7070
vn 0.6509 -0.2764 -0.7071
vn 0.6441 -0.2917 -0.7071
vn 0.6371 -0.3068 -0.7071
vn 0.6297 -0.3218 -0.7071
vn 0.6297 -0.3218 -0.7070
vn 0.6219 -0.3366 -0.7070
vn 0.6219 -0.3365 -0.7071
vn 0.6138 -0.3512 -0.7071
vn 0.6137 -0.3511 -0.7071
vn 0.6053 -0.3656 -0.7071
vn 0.5965 -0.3797 -0.7071
vn 0.5965 -0.3798 -0.7071
vn 0.5874 -0.3937 -0.7071
vn 0.5779 -0.4075 -0.7071
vn 0.5681 -0.4210 -0.7071
vn 0.5580 -0.4343 -0.7071
vn 0.5581 -0.4344 -0.7070
vn 0.5476 -0.4474 -0.7071
vn 0.5369 -0.4602 -0.7070
vn 0.5369 -0.4602 -0.7071
vn 0.5259 -0.4728 -0.7071
vn 0.5258 -0.4727 -0.7071
vn 0.5146 -0.4850 -0.7071
vn 0.5145 -0.4850 -0.7071
vn 0.5030 -0.4971 -0.7071
vn 0.4911 -0.5088 -0.7071
vn 0.4789 -0.5202 -0.7071
vn 0.4789 -0.5203 -0.7071
vn 0.4665 -0.5314 -0.7071
vn 0.4538 -0.5423 -0.7071
vn 0.4409 -0.5529 -0.7071
vn 0.4409 -0.5528 -0.7071
vn 0.4277 -0.5631 -0.7071
vn 0.4143 -0.5731 -0.7071
vn 0.4006 -0.5827 -0.7071
vn 0.3868 -0.5920 -0.7071
vn 0.3727 -0.6009 -0.7071
vn 0.3727 -0.6010 -0.7071
vn 0.3584 -0.6096 -0.7071
vn 0.3439 -0.6179 -0.7071
vn 0.3292 -0.6258 -0.7071
vn 0.3143 -0.6334 -0.7071
vn 0.2993 -0.6407 -0.7071
vn 0.2841 -0.6476 -0.7071
vn 0.2687 -0.6541 -0.7071
vn 0.2532 -0.6603 -0.7071
vn 0.2375 -0.6661 -0.7071
vn 0.2217 -0.6715 -0.7071
vn 0.2058 -0.6765 -0.7071
vn 0.1897 -0.6812 -0.7071
vn 0.1736 -0.6855 -0.7071
vn 0.1574 -0.6894 -0.7071
vn 0.1573 -0.6894 -0.7071
vn 0.1410 -0.6929 -0.7071
vn 0.1246 -0.6961 -0.7071
vn 0.1081 -0.6988 -0.7071
vn 0.0916 -0.7012 -0.7071
vn 0.0750 -0.7031 -0.7071
vn 0.0750 -0.7032 -0.7071
vn 0.0584 -0.7047 -0.7071
vn 0.0417 -0.7059 -0.7071
vn 0.0250 -0.7067 -0.7071
vn 0.0251 -0.7067 -0.7071
vn 0.0068 -0.5736 -0.8191
vn 0.0609 0.5704 -0.8191
vn 0.0743 0.5688 -0.8191
vn 0.0877 0.5669 -0.8191
vn 0.1011 0.5646 -0.8191
vn 0.1144 0.5621 -0.8191
vn 0.1276 0.5592 -0.8191
vn 0.1408 0.5561 -0.8191
vn 0.1539 0.5526 -0.8191
vn 0.1669 0.5488 -0.8191
vn 0.1798 0.5447 -0.8191
vn 0.1926 0.5403 -0.8191
vn 0.2053 0.5356 -0.8191
vn 0.2054 0.5356 -0.8191
vn 0.2179 0.5306 -0.8191
vn 0.2304 0.5253 -0.8191
vn 0.2427 0.5197 -0.8191
vn 0.2428 0.5197 -0.8191
vn 0.2550 0.5138 -0.8191
vn 0.2670 0.5077 -0.8191
vn 0.2789 0.5012 -0.8191
vn 0.2907 0.4945 -0.8191
vn 0.3023 0.4875 -0.8191
vn 0.3137 0.4802 -0.8191
vn 0.3250 0.4726 -0.8191
vn 0.3250 0.4727 -0.8191
vn 0.3361 0.4648 -0.8191
vn 0.3360 0.4648 -0.8191
vn 0.3469 0.4568 -0.8191
vn 0.3576 0.4485 -0.8191
vn 0.3681 0.4399 -0.8191
vn 0.3784 0.4311 -0.8191
vn 0.3885 0.4220 -0.8192
vn 0.3885 0.4220 -0.8191
vn 0.3984 0.4127 -0.8191
vn 0.3983 0.4127 -0.8192
vn 0.4080 0.4032 -0.8191
vn 0.4174 0.3935 -0.8191
vn 0.4174 0.3934 -0.8191
vn 0.4266 0.3835 -0.8191
vn 0.4355 0.3733 -0.8191
vn 0.4355 0.3733 -0.8192
vn 0.4442 0.3629 -0.8191
vn 0.4442 0.3629 -0.8192
vn 0.4526 0.3523 -0.8191
vn 0.4526 0.3523 -0.8192
vn 0.4608 0.3415 -0.8191
vn 0.4688 0.3306 -0.8191
vn 0.4688 0.3305 -0.8191
vn 0.4765 0.3194 -0.8191
vn 0.4839 0.3080 -0.8191
vn 0.4910 0.2965 -0.8191
vn 0.4979 0.2848 -0.8191
vn 0.4979 0.2849 -0.8191
vn 0.5045 0.2730 -0.8191
vn 0.5107 0.2610 -0.8192
vn 0.5108 0.2610 -0.8191
vn 0.5168 0.2489 -0.8191
vn 0.5225 0.2366 -0.8191
vn 0.5226 0.2366 -0.8191
vn 0.5280 0.2242 -0.8191
vn 0.5331 0.2117 -0.8191
vn 0.5380 0.1990 -0.8191
vn 0.5425 0.1863 -0.8191
vn 0.5468 0.1734 -0.8191
vn 0.5507 0.1604 -0.8191
vn 0.5544 0.1474 -0.8191
vn 0.5543 0.1474 -0.8192
vn 0.5576 0.1342 -0.8192
vn 0.5577 0.1342 -0.8191
vn 0.5607 0.1210 -0.8191
vn 0.5634 0.1078 -0.8191
vn 0.5634 0.1077 -0.8191
vn 0.5658 0.0944 -0.8191
vn 0.5679 0.0810 -0.8191
vn 0.5696 0.0676 -0.8191
vn 0.5711 0.0541 -0.8191
vn 0.5721 0.0406 -0.8191
vn 0.5722 0.0406 -0.8191
vn 0.5730 0.0271 -0.8191
vn 0.5729 0.0271 -0.8191
vn 0.5734 0.0135 -0.8192
vn 0.5735 0.0136 -0.8191
vn 0.5736 -0.0000 -0.8191
vn 0.5735 -0.0135 -0.8191
vn 0.5730 -0.0271 -0.8191
vn 0.5721 -0.0406 -0.8191
vn 0.5722 -0.0406 -0.8191
vn 0.5711 -0.0541 -0.8191
vn 0.5696 -0.0676 -0.8191
vn 0.5679 -0.0810 -0.8191
vn 0.5658 -0.0944 -0.8191
vn 0.5634 -0.1078 -0.8191
vn 0.5634 -0.1077 -0.8191
vn 0.5607 -0.1210 -0.8191
vn 0.5577 -0.1342 -0.8191
vn 0.5576 -0.1342 -0.8192
vn 0.5543 -0.1474 -0.8191
vn 0.5507 -0.1604 -0.8191
vn 0.5507 -0.1604 -0.8192
vn 0.5468 -0.1734 -0.8191
vn 0.5425 -0.1863 -0.8191
vn 0.5426 -0.1863 -0.8191
vn 0.5380 -0.1990 -0.8191
vn 0.5331 -0.2117 -0.8191
vn 0.5280 -0.2242 -0.8191
vn 0.5226 -0.2366 -0.8191
vn 0.5225 -0.2366 -0.8191
vn 0.5168 -0.2489 -0.8191
vn 0.5108 -0.2610 -0.8191
vn 0.5107 -0.2610 -0.8192
vn 0.5045 -0.2730 -0.8191
vn 0.4979 -0.2849 -0.8191
vn 0.4910 -0.2965 -0.8191
vn 0.4839 -0.3080 -0.8191
vn 0.4764 -0.3194 -0.8191
vn 0.4765 -0.3194 -0.8191
vn 0.4688 -0.3305 -0.8191
vn 0.4609 -0.3415 -0.8191
vn 0.4608 -0.3415 -0.8192
vn 0.4526 -0.3523 -0.8192
vn 0.4526 -0.3523 -0.8191
vn 0.4442 -0.3629 -0.8191
vn 0.4355 -0.3733 -0.8191
vn 0.4266 -0.3835 -0.8191
vn 0.4174 -0.3934 -0.8191
vn 0.4174 -0.3935 -0.8191
vn 0.4080 -0.4032 -0.8191
vn 0.3984 -0.4127 -0.8191
vn 0.3983 -0.4127 -0.8191
vn 0.3885 -0.4220 -0.8191
vn 0.3784 -0.4311 -0.8191
vn 0.3681 -0.4399 -0.8191
vn 0.3576 -0.4485 -0.8191
vn 0.3470 -0.4568 -0.8191
vn 0.3469 -0.4568 -0.8191
vn 0.3360 -0.4648 -0.8191
vn 0.3361 -0.4648 -0.8191
vn 0.3250 -0.4726 -0.8191
vn 0.3250 -0.4727 -0.8191
vn 0.3137 -0.4802 -0.8191
vn 0.3023 -0.4875 -0.8191
vn 0.2907 -0.4945 -0.8191
vn 0.2789 -0.5012 -0.8191
vn 0.2670 -0.5077 -0.8191
vn 0.2550 -0.5138 -0.8191
vn 0.2428 -0.5197 -0.8191
vn 0.2427 -0.5197 -0.8191
vn 0.2304 -0.5253 -0.8191
vn 0.2179 -0.5306 -0.8191
vn 0.2054 -0.5356 -0.8191
vn 0.2053 -0.5356 -0.8191
vn 0.1926 -0.5403 -0.8191
vn 0.1798 -0.5447 -0.8191
vn 0.1669 -0.5488 -0.8191
vn 0.1539 -0.5526 -0.8191
vn 0.1408 -0.5561 -0.8191
vn 0.1276 -0.5592 -0.8191
vn 0.1144 -0.5621 -0.8191
vn 0.1011 -0.5646 -0.8191
vn 0.0877 -0.5669 -0.8191
vn 0.0743 -0.5688 -0.8191
vn 0.0609 -0.5704 -0.8191
vn 0.0609 -0.5703 -0.8191
vn 0.0474 -0.5716 -0.8191
vn 0.0339 -0.5726 -0.8191
vn 0.0203 -0.5732 -0.8191
vn 0.0050 -0.4226 -0.9063
vn 0.0548 0.4191 -0.9063
vn 0.0646 0.4177 -0.9063
vn 0.0745 0.4160 -0.9063
vn 0.0843 0.4142 -0.9063
vn 0.0843 0.4141 -0.9063
vn 0.0940 0.4120 -0.9063
vn 0.1038 0.4097 -0.9063
vn 0.1134 0.4071 -0.9063
vn 0.1230 0.4043 -0.9063
vn 0.1230 0.4044 -0.9063
vn 0.1325 0.4013 -0.9063
vn 0.1419 0.3981 -0.9063
vn 0.1513 0.3946 -0.9063
vn 0.1606 0.3909 -0.9063
vn 0.1698 0.3870 -0.9063
vn 0.1698 0.3871 -0.9063
vn 0.1789 0.3829 -0.9063
vn 0.1879 0.3786 -0.9063
vn 0.1967 0.3740 -0.9063
vn 0.1968 0.3741 -0.9063
vn 0.2055 0.3693 -0.9063
vn 0.2142 0.3643 -0.9063
vn 0.2227 0.3592 -0.9063
vn 0.2312 0.3538 -0.9063
vn 0.2395 0.3483 -0.9063
vn 0.2394 0.3483 -0.9063
vn 0.2476 0.3425 -0.9063
vn 0.2556 0.3366 -0.9063
vn 0.2635 0.3304 -0.9063
vn 0.2712 0.3241 -0.9063
vn 0.2713 0.3241 -0.9063
vn 0.2788 0.3176 -0.9063
vn 0.2862 0.3109 -0.9063
vn 0.2862 0.3110 -0.9063
vn 0.2935 0.3041 -0.9063
vn 0.3006 0.2971 -0.9063
vn 0.3075 0.2899 -0.9063
vn 0.3143 0.2826 -0.9063
vn 0.3209 0.2751 -0.9063
vn 0.3209 0.2750 -0.9063
vn 0.3273 0.2674 -0.9063
vn 0.3336 0.2596 -0.9063
vn 0.3335 0.2596 -0.9063
vn 0.3396 0.2516 -0.9063
vn 0.3454 0.2436 -0.9063
vn 0.3511 0.2353 -0.9063
vn 0.3565 0.2270 -0.9063
vn 0.3618 0.2185 -0.9063
vn 0.3668 0.2099 -0.9063
vn 0.3717 0.2012 -0.9063
vn 0.3764 0.1923 -0.9063
vn 0.3763 0.1923 -0.9063
vn 0.3808 0.1834 -0.9063
vn 0.3850 0.1743 -0.9063
vn 0.3890 0.1652 -0.9063
vn 0.3928 0.1559 -0.9063
vn 0.3928 0.1560 -0.9063
vn 0.3964 0.1466 -0.9063
vn 0.3997 0.1372 -0.9063
vn 0.4029 0.1278 -0.9063
vn 0.4029 0.1277 -0.9063
vn 0.4058 0.1182 -0.9063
vn 0.4085 0.1086 -0.9063
vn 0.4109 0.0989 -0.9063
vn 0.4131 0.0892 -0.9063
vn 0.4151 0.0794 -0.9063
vn 0.4169 0.0696 -0.9063
vn 0.4184 0.0597 -0.9063
vn 0.4197 0.0498 -0.9063
vn 0.4207 0.0399 -0.9063
vn 0.4208 0.0399 -0.9063
vn 0.4216 0.0299 -0.9063
vn 0.4222 0.0200 -0.9063
vn 0.4225 0.0100 -0.9063
vn 0.4226 -0.0000 -0.9063
vn 0.4224 -0.0100 -0.9063
vn 0.4226 -0.0100 -0.9063
vn 0.4222 -0.0200 -0.9063
vn 0.4221 -0.0200 -0.9063
vn 0.4216 -0.0299 -0.9063
vn 0.4208 -0.0399 -0.9063
vn 0.4197 -0.0498 -0.9063
vn 0.4184 -0.0597 -0.9063
vn 0.4169 -0.0696 -0.9063
vn 0.4151 -0.0794 -0.9063
vn 0.4132 -0.0892 -0.9063
vn 0.4131 -0.0892 -0.9063
vn 0.4109 -0.0989 -0.9063
vn 0.4085 -0.1086 -0.9063
vn 0.4058 -0.1182 -0.9063
vn 0.4028 -0.1277 -0.9063
vn 0.4029 -0.1278 -0.9063
vn 0.3997 -0.1372 -0.9063
vn 0.3998 -0.1372 -0.9063
vn 0.3964 -0.1466 -0.9063
vn 0.3928 -0.1560 -0.9063
vn 0.3890 -0.1652 -0.9063
vn 0.3850 -0.1743 -0.9063
vn 0.3807 -0.1834 -0.9063
vn 0.3808 -0.1834 -0.9063
vn 0.3764 -0.1923 -0.9063
vn 0.3763 -0.1923 -0.9063
vn 0.3717 -0.2012 -0.9063
vn 0.3668 -0.2099 -0.9063
vn 0.3618 -0.2185 -0.9063
vn 0.3565 -0.2270 -0.9063
vn 0.3511 -0.2353 -0.9063
vn 0.3454 -0.2436 -0.9063
vn 0.3396 -0.2516 -0.9063
vn 0.3336 -0.2596 -0.9063
vn 0.3335 -0.2596 -0.9063
vn 0.3273 -0.2674 -0.9063
vn 0.3209 -0.2750 -0.9063
vn 0.3209 -0.2751 -0.9063
vn 0.3143 -0.2826 -0.9063
vn 0.3075 -0.2899 -0.9063
vn 0.3006 -0.2971 -0.9063
vn 0.2935 -0.3041 -0.9063
vn 0.2863 -0.3110 -0.9063
vn 0.2862 -0.3109 -0.9063
vn 0.2788 -0.3176 -0.9063
vn 0.2712 -0.3241 -0.9063
vn 0.2713 -0.3241 -0.9063
vn 0.2635 -0.3304 -0.9063
vn 0.2556 -0.3366 -0.9063
vn 0.2476 -0.3425 -0.9063
vn 0.2395 -0.3483 -0.9063
vn 0.2312 -0.3538 -0.9063
vn 0.2227 -0.3592 -0.9063
vn 0.2142 -0.3643 -0.9063
vn 0.2055 -0.3693 -0.9063
vn 0.1968 -0.3741 -0.9063
vn 0.1968 -0.3740 -0.9063
vn 0.1879 -0.3786 -0.9063
vn 0.1789 -0.3829 -0.9063
vn 0.1698 -0.3870 -0.9063
vn 0.1606 -0.3910 -0.9063
vn 0.1606 -0.3909 -0.9063
vn 0.1513 -0.3946 -0.9063
vn 0.1419 -0.3981 -0.9063
vn 0.1325 -0.4013 -0.9063
vn 0.1230 -0.4043 -0.9063
vn 0.1134 -0.4071 -0.9063
vn 0.1038 -0.4097 -0.9063
vn 0.0940 -0.4120 -0.9063
vn 0.0843 -0.4141 -0.9063
vn 0.0843 -0.4142 -0.9063
vn 0.0745 -0.4160 -0.9063
vn 0.0646 -0.4177 -0.9063
vn 0.0548 -0.4191 -0.9063
vn 0.0448 -0.4203 -0.9063
vn 0.0349 -0.4212 -0.9063
vn 0.0249 -0.4219 -0.9063
vn 0.0150 -0.4224 -0.9063
vn 0.0031 -0.2588 -0.9659
vn 0.0335 0.2567 -0.9659
vn 0.0396 0.2558 -0.9659
vn 0.0456 0.2548 -0.9659
vn 0.0516 0.2536 -0.9659
vn 0.0576 0.2524 -0.9659
vn 0.0576 0.2523 -0.9659
vn 0.0635 0.2509 -0.9659
vn 0.0694 0.2493 -0.9659
vn 0.0695 0.2493 -0.9659
vn 0.0753 0.2476 -0.9659
vn 0.0811 0.2458 -0.9659
vn 0.0869 0.2438 -0.9659
vn 0.0927 0.2417 -0.9659
vn 0.0983 0.2394 -0.9659
vn 0.1040 0.2370 -0.9659
vn 0.1095 0.2345 -0.9659
vn 0.1151 0.2319 -0.9659
vn 0.1150 0.2319 -0.9659
vn 0.1205 0.2291 -0.9659
vn 0.1259 0.2262 -0.9659
vn 0.1312 0.2231 -0.9659
vn 0.1364 0.2200 -0.9659
vn 0.1416 0.2167 -0.9659
vn 0.1467 0.2133 -0.9659
vn 0.1466 0.2133 -0.9659
vn 0.1516 0.2098 -0.9659
vn 0.1566 0.2061 -0.9659
vn 0.1614 0.2024 -0.9659
vn 0.1661 0.1985 -0.9659
vn 0.1708 0.1945 -0.9659
vn 0.1753 0.1904 -0.9659
vn 0.1798 0.1862 -0.9659
vn 0.1797 0.1862 -0.9659
vn 0.1841 0.1819 -0.9659
vn 0.1884 0.1775 -0.9659
vn 0.1883 0.1775 -0.9659
vn 0.1925 0.1730 -0.9659
vn 0.1965 0.1685 -0.9659
vn 0.1965 0.1684 -0.9659
vn 0.2004 0.1637 -0.9659
vn 0.2004 0.1638 -0.9659
vn 0.2043 0.1590 -0.9659
vn 0.2080 0.1541 -0.9659
vn 0.2115 0.1491 -0.9659
vn 0.2116 0.1492 -0.9659
vn 0.2150 0.1441 -0.9659
vn 0.2184 0.1390 -0.9659
vn 0.2183 0.1390 -0.9659
vn 0.2216 0.1338 -0.9659
vn 0.2247 0.1285 -0.9659
vn 0.2276 0.1232 -0.9659
vn 0.2305 0.1178 -0.9659
vn 0.2332 0.1123 -0.9659
vn 0.2358 0.1068 -0.9659
vn 0.2382 0.1012 -0.9659
vn 0.2406 0.0955 -0.9659
vn 0.2428 0.0898 -0.9659
vn 0.2427 0.0898 -0.9659
vn 0.2448 0.0841 -0.9659
vn 0.2448 0.0840 -0.9659
vn 0.2467 0.0782 -0.9659
vn 0.2485 0.0724 -0.9659
vn 0.2502 0.0665 -0.9659
vn 0.2501 0.0665 -0.9659
vn 0.2516 0.0606 -0.9659
vn 0.2517 0.0606 -0.9659
vn 0.2530 0.0546 -0.9659
vn 0.2542 0.0486 -0.9659
vn 0.2553 0.0426 -0.9659
vn 0.2562 0.0366 -0.9659
vn 0.2570 0.0305 -0.9659
vn 0.2577 0.0244 -0.9659
vn 0.2582 0.0183 -0.9659
vn 0.2585 0.0122 -0.9659
vn 0.2588 0.0061 -0.9659
vn 0.2587 0.0061 -0.9659
vn 0.2588 -0.0000 -0.9659
vn 0.2588 -0.0061 -0.9659
vn 0.2587 -0.0061 -0.9659
vn 0.2586 -0.0122 -0.9659
vn 0.2585 -0.0122 -0.9659
vn 0.2582 -0.0183 -0.9659
vn 0.2577 -0.0244 -0.9659
vn 0.2570 -0.0305 -0.9659
vn 0.2562 -0.0366 -0.9659
vn 0.2553 -0.0426 -0.9659
vn 0.2542 -0.0486 -0.9659
vn 0.2530 -0.0546 -0.9659
vn 0.2517 -0.0606 -0.9659
vn 0.2516 -0.0606 -0.9659
vn 0.2501 -0.0665 -0.9659
vn 0.2502 -0.0665 -0.9659
vn 0.2485 -0.0724 -0.9659
vn 0.2467 -0.0782 -0.9659
vn 0.2448 -0.0840 -0.9659
vn 0.2428 -0.0898 -0.9659
vn 0.2427 -0.0898 -0.9659
vn 0.2406 -0.0955 -0.9659
vn 0.2382 -0.1012 -0.9659
vn 0.2358 -0.1068 -0.9659
vn 0.2332 -0.1123 -0.9659
vn 0.2305 -0.1178 -0.9659
vn 0.2276 -0.1232 -0.9659
vn 0.2247 -0.1285 -0.9659
vn 0.2216 -0.1338 -0.9659
vn 0.2215 -0.1338 -0.9659
vn 0.2183 -0.1390 -0.9659
vn 0.2150 -0.1441 -0.9659
vn 0.2115 -0.1491 -0.9659
vn 0.2115 -0.1492 -0.9659
vn 0.2080 -0.1541 -0.9659
vn 0.2043 -0.1590 -0.9659
vn 0.2004 -0.1638 -0.9659
vn 0.2004 -0.1637 -0.9659
vn 0.1965 -0.1685 -0.9659
vn 0.1965 -0.1684 -0.9659
vn 0.1925 -0.1730 -0.9659
vn 0.1883 -0.1775 -0.9659
vn 0.1884 -0.1776 -0.9659
vn 0.1841 -0.1820 -0.9659
vn 0.1841 -0.1819 -0.9659
vn 0.1798 -0.1862 -0.9659
vn 0.1797 -0.1862 -0.9659
vn 0.1753 -0.1904 -0.9659
vn 0.1708 -0.1945 -0.9659
vn 0.1661 -0.1985 -0.9659
vn 0.1614 -0.2024 -0.9659
vn 0.1565 -0.2061 -0.9659
vn 0.1566 -0.2061 -0.9659
vn 0.1516 -0.2098 -0.9659
vn 0.1466 -0.2133 -0.9659
vn 0.1467 -0.2133 -0.9659
vn 0.1416 -0.2167 -0.9659
vn 0.1364 -0.2200 -0.9659
vn 0.1312 -0.2231 -0.9659
vn 0.1259 -0.2262 -0.9659
vn 0.1205 -0.2291 -0.9659
vn 0.1150 -0.2318 -0.9659
vn 0.1151 -0.2319 -0.9659
vn 0.1095 -0.2345 -0.9659
vn 0.1040 -0.2370 -0.9659
vn 0.0983 -0.2394 -0.9659
vn 0.0927 -0.2417 -0.9659
vn 0.0869 -0.2438 -0.9659
vn 0.0811 -0.2458 -0.9659
vn 0.0753 -0.2476 -0.9659
vn 0.0694 -0.2493 -0.9659
vn 0.0695 -0.2493 -0.9659
vn 0.0635 -0.2509 -0.9659
vn 0.0576 -0.2523 -0.9659
vn 0.0576 -0.2524 -0.9659
vn 0.0516 -0.2536 -0.9659
vn 0.0456 -0.2548 -0.9659
vn 0.0396 -0.2558 -0.9659
vn 0.0335 -0.2567 -0.9659
vn 0.0275 -0.2574 -0.9659
vn 0.0214 -0.2580 -0.9659
vn 0.0214 -0.2579 -0.9659
vn 0.0153 -0.2584 -0.9659
vn 0.0092 -0.2587 -0.9659
vn 0.0118 0.9961 -0.0871
vn 0.0114 0.9659 -0.2588
vn 0.0107 0.9063 -0.4226
vn 0.0097 0.8191 -0.5735
vn 0.0097 0.8191 -0.5736
vn 0.0084 0.7071 -0.7071
vn 0.0068 0.5736 -0.8191
vn 0.0050 0.4226 -0.9063
vn 0.0031 0.2588 -0.9659
vn 0.0010 0.0872 -0.9962
vn 0.0284 0.9958 -0.0871
vn 0.0352 0.9915 -0.1250
vn 0.0342 0.9653 -0.2588
vn 0.0321 0.9058 -0.4226
vn 0.0290 0.8186 -0.5736
vn 0.0251 0.7067 -0.7071
vn 0.0203 0.5732 -0.8191
vn 0.0150 0.4224 -0.9063
vn 0.0092 0.2587 -0.9659
vn 0.0031 0.0871 -0.9962
vn 0.0402 0.9954 -0.0872
vn 0.0588 0.9945 -0.0872
vn 0.0570 0.9643 -0.2588
vn 0.0570 0.9642 -0.2588
vn 0.0535 0.9047 -0.4226
vn 0.0483 0.8177 -0.5736
vn 0.0417 0.7059 -0.7071
vn 0.0338 0.5726 -0.8191
vn 0.0339 0.5726 -0.8191
vn 0.0249 0.4219 -0.9063
vn 0.0153 0.2584 -0.9659
vn 0.0051 0.0870 -0.9962
vn 0.0823 0.9928 -0.0872
vn 0.0798 0.9626 -0.2588
vn 0.0748 0.9032 -0.4226
vn 0.0676 0.8164 -0.5736
vn 0.0676 0.8164 -0.5735
vn 0.0584 0.7047 -0.7071
vn 0.0474 0.5716 -0.8191
vn 0.0349 0.4212 -0.9063
vn 0.0214 0.2579 -0.9659
vn 0.0214 0.2580 -0.9659
vn 0.0072 0.0869 -0.9962
vn 0.0010 -0.0872 -0.9962
vn 0.0113 0.0864 -0.9962
vn 0.0133 0.0861 -0.9962
vn 0.0154 0.0858 -0.9962
vn 0.0174 0.0854 -0.9962
vn 0.0194 0.0850 -0.9962
vn 0.0214 0.0845 -0.9962
vn 0.0234 0.0840 -0.9962
vn 0.0254 0.0834 -0.9962
vn 0.0273 0.0828 -0.9962
vn 0.0293 0.0821 -0.9962
vn 0.0312 0.0814 -0.9962
vn 0.0331 0.0806 -0.9962
vn 0.0350 0.0798 -0.9962
vn 0.0369 0.0790 -0.9962
vn 0.0387 0.0781 -0.9962
vn 0.0406 0.0771 -0.9962
vn 0.0424 0.0762 -0.9962
vn 0.0442 0.0751 -0.9962
vn 0.0459 0.0741 -0.9962
vn 0.0477 0.0730 -0.9962
vn 0.0494 0.0718 -0.9962
vn 0.0511 0.0706 -0.9962
vn 0.0527 0.0694 -0.9962
vn 0.0543 0.0681 -0.9962
vn 0.0559 0.0668 -0.9962
vn 0.0575 0.0655 -0.9962
vn 0.0590 0.0641 -0.9962
vn 0.0605 0.0627 -0.9962
vn 0.0620 0.0613 -0.9962
vn 0.0634 0.0598 -0.9962
vn 0.0648 0.0583 -0.9962
vn 0.0662 0.0567 -0.9962
vn 0.0675 0.0552 -0.9962
vn 0.0675 0.0551 -0.9962
vn 0.0688 0.0535 -0.9962
vn 0.0700 0.0519 -0.9962
vn 0.0712 0.0502 -0.9962
vn 0.0724 0.0485 -0.9962
vn 0.0735 0.0468 -0.9962
vn 0.0746 0.0451 -0.9962
vn 0.0757 0.0433 -0.9962
vn 0.0767 0.0415 -0.9962
vn 0.0766 0.0415 -0.9962
vn 0.0776 0.0397 -0.9962
vn 0.0785 0.0378 -0.9962
vn 0.0794 0.0360 -0.9962
vn 0.0802 0.0341 -0.9962
vn 0.0810 0.0322 -0.9962
vn 0.0818 0.0302 -0.9962
vn 0.0824 0.0283 -0.9962
vn 0.0831 0.0263 -0.9962
vn 0.0837 0.0244 -0.9962
vn 0.0842 0.0224 -0.9962
vn 0.0847 0.0204 -0.9962
vn 0.0852 0.0184 -0.9962
vn 0.0856 0.0164 -0.9962
vn 0.0860 0.0143 -0.9962
vn 0.0863 0.0123 -0.9962
vn 0.0866 0.0103 -0.9962
vn 0.0865 0.0103 -0.9962
vn 0.0868 0.0082 -0.9962
vn 0.0869 0.0062 -0.9962
vn 0.0871 0.0041 -0.9962
vn 0.0871 0.0021 -0.9962
vn 0.0872 -0.0000 -0.9962
vn 0.0871 -0.0021 -0.9962
vn 0.0871 -0.0041 -0.9962
vn 0.0869 -0.0062 -0.9962
vn 0.0868 -0.0082 -0.9962
vn 0.0866 -0.0103 -0.9962
vn 0.0865 -0.0103 -0.9962
vn 0.0863 -0.0123 -0.9962
vn 0.0860 -0.0143 -0.9962
vn 0.0856 -0.0164 -0.9962
vn 0.0852 -0.0184 -0.9962
vn 0.0847 -0.0204 -0.9962
vn 0.0842 -0.0224 -0.9962
vn 0.0837 -0.0244 -0.9962
vn 0.0831 -0.0263 -0.9962
vn 0.0824 -0.0283 -0.9962
vn 0.0818 -0.0302 -0.9962
vn 0.0810 -0.0322 -0.9962
vn 0.0802 -0.0341 -0.9962
vn 0.0794 -0.0360 -0.9962
vn 0.0785 -0.0378 -0.9962
vn 0.0776 -0.0397 -0.9962
vn 0.0767 -0.0415 -0.9962
vn 0.0757 -0.0433 -0.9962
vn 0.0746 -0.0451 -0.9962
vn 0.0735 -0.0468 -0.9962
vn 0.0724 -0.0485 -0.9962
vn 0.0712 -0.0502 -0.9962
vn 0.0700 -0.0519 -0.9962
vn 0.0688 -0.0535 -0.9962
vn 0.0675 -0.0551 -0.9962
vn 0.0662 -0.0567 -0.9962
vn 0.0648 -0.0583 -0.9962
vn 0.0634 -0.0598 -0.9962
vn 0.0620 -0.0613 -0.9962
vn 0.0605 -0.0627 -0.9962
vn 0.0590 -0.0641 -0.9962
vn 0.0575 -0.0655 -0.9962
vn 0.0559 -0.0668 -0.9962
vn 0.0543 -0.0681 -0.9962
vn 0.0527 -0.0694 -0.9962
vn 0.0511 -0.0706 -0.9962
vn 0.0494 -0.0718 -0.9962
vn 0.0477 -0.0730 -0.9962
vn 0.0459 -0.0741 -0.9962
vn 0.0442 -0.0751 -0.9962
vn 0.0424 -0.0762 -0.9962
vn 0.0406 -0.0771 -0.9962
vn 0.0387 -0.0781 -0.9962
vn 0.0369 -0.0790 -0.9962
vn 0.0350 -0.0798 -0.9962
vn 0.0331 -0.0806 -0.9962
vn 0.0312 -0.0814 -0.9962
vn 0.0293 -0.0821 -0.9962
vn 0.0273 -0.0828 -0.9962
vn 0.0254 -0.0834 -0.9962
vn 0.0234 -0.0840 -0.9962
vn 0.0214 -0.0845 -0.9962
vn 0.0194 -0.0850 -0.9962
vn 0.0174 -0.0854 -0.9962
vn 0.0154 -0.0858 -0.9962
vn 0.0133 -0.0861 -0.9962
vn 0.0113 -0.0864 -0.9962
vn 0.0092 -0.0867 -0.9962
vn 0.0072 -0.0869 -0.9962
vn 0.0051 -0.0870 -0.9962
vn 0.0031 -0.0871 -0.9962
vn -0.0000 -0.0000 1.0000
vn -0.0871 0.9962 -0.0000
vn -0.0872 0.9962 -0.0000
vn -0.2588 0.9659 -0.0000
vn -0.4226 0.9063 -0.0000
vn -0.5736 0.8192 -0.0000
vn -0.5736 0.8191 -0.0000
vn -0.7071 0.7071 -0.0000
vn -0.8192 0.5736 -0.0000
vn -0.9063 0.4226 -0.0000
vn -0.9659 0.2588 -0.0000
vn -0.9962 0.0872 -0.0000
vn -0.0000 1.0000 -0.0000
vn -1.0000 -0.0000 -0.0000
vn 0.9962 0.0872 -0.0000
vn 0.9659 0.2588 -0.0000
vn 0.9063 0.4226 -0.0000
vn 0.8192 0.5736 -0.0000
vn 0.7071 0.7071 -0.0000
vn 0.5736 0.8191 -0.0000
vn 0.5736 0.8192 -0.0000
vn 0.4226 0.9063 -0.0000
vn 0.2588 0.9659 -0.0000
vn 0.0872 0.9962 -0.0000
vn 0.0871 0.9962 -0.0000
vn -0.9962 -0.0872 -0.0000
vn -0.9659 -0.2588 -0.0000
vn -0.9063 -0.4226 -0.0000
vn -0.8192 -0.5736 -0.0000
vn -0.7071 -0.7071 -0.0000
vn -0.5736 -0.8191 -0.0000
vn -0.5736 -0.8192 -0.0000
vn -0.4226 -0.9063 -0.0000
vn -0.2588 -0.9659 -0.0000
vn -0.0872 -0.9962 -0.0000
vn -0.0871 -0.9962 -0.0000
vn -0.0000 -1.0000 -0.0000
vn 0.0871 -0.9962 -0.0000
vn 0.0872 -0.9962 -0.0000
vn 0.2588 -0.9659 -0.0000
vn 0.4226 -0.9063 -0.0000
vn 0.5736 -0.8192 -0.0000
vn 0.5736 -0.8191 -0.0000
vn 0.7071 -0.7071 -0.0000
vn 0.8192 -0.5736 -0.0000
vn 0.9063 -0.4226 -0.0000
vn 0.9659 -0.2588 -0.0000
vn 0.9962 -0.0872 -0.0000
vn 1.0000 -0.0000 -0.0000
s 0
f 1//1 2//1 3//1
f 4//2 5//2 6//2
f 7//3 8//3 9//3
f 10//4 11//4 12//4
f 13//5 14//5 15//5
f 16//6 17//6 18//6
f 19//7 20//7 21//7
f 22//8 23//8 24//8
f 25//9 26//9 27//9
f 28//10 29//10 30//10
f 31//11 32//11 33//11
f 34//12 35//12 36//12
f 37//13 38//13 39//13
f 40//14 41//14 42//14
f 43//15 44//15 45//15
f 46//16 47//16 48//16
f 49//17 50//17 51//17
f 52//18 53//18 54//18
f 55//19 56//19 57//19
f 58//20 59//20 60//20
f 61//21 62//21 63//21
f 64//22 65//22 66//22
f 67//23 68//23 69//23
f 70//24 71//24 72//24
f 73//25 74//25 75//25
f 76//26 77//26 78//26
f 79//27 80//27 81//27
f 82//28 83//28 84//28
f 85//29 86//29 87//29
f 88//30 89//30 90//30
f 91//31 92//31 93//31
f 94//32 95//32 96//32
f 97//33 98//33 99//33
f 100//34 101//34 102//34
f 103//35 104//35 105//35
f 106//36 107//36 108//36
f 109//37 110//37 111//37
f 112//38 113//38 114//38
f 115//39 116//39 117//39
f 118//40 119//40 120//40
f 121//41 122//41 123//41
f 124//42 125//42 126//42
f 127//43 128//43 129//43
f 130//44 131//44 132//44
f 133//45 134//45 135//45
f 136//46 137//46 138//46
f 139//47 140//47 141//47
f 142//48 143//48 144//48
f 145//49 146//49 147//49
f 148//50 149//50 150//50
f 151//51 152//51 153//51
f 154//52 155//52 156//52
f 157//53 158//53 159//53
f 160//54 161//54 162//54
f 163//55 164//55 165//55
f 166//56 167//56 168//56
f 169//57 170//57 171//57
f 172//58 173//58 174//58
f 175//59 176//59 177//59
f 178//60 179//60 180//60
f 181//61 182//61 183//61
f 184//62 185//62 186//62
f 187//63 188//63 189//63
f 190//64 191//64 192//64
f 193//65 194//65 195//65
f 196//66 197//66 198//66
f 199//67 200//67 201//67
f 202//68 203//68 204//68
f 205//69 206//69 207//69
f 208//70 209//70 210//70
f 211//71 212//71 213//71
f 214//72 215//72 216//72
f 217//73 218//73 219//73
f 220//74 221//74 222//74
f 223//75 224//75 225//75
f 226//76 227//76 228//76
f 229//77 230//77 231//77
f 231//77 230//77 232//77
f 231//78 232//78 233//78
f 233//78 232//78 234//78
f 233//79 234//79 235//79
f 235//79 234//79 236//79
f 235//80 236//80 237//80
f 237//80 236//80 238//80
f 237//81 238//81 239//81
f 239//81 238//81 240//81
f 239//82 240//82 241//82
f 241//83 240//83 242//83
f 241//84 242//84 243//84
f 243//84 242//84 244//84
f 243//85 244//85 245//85
f 245//85 244//85 216//85
f 246//86 247//86 248//86
f 248//86 247//86 249//86
f 248//87 249//87 250//87
f 250//87 249//87 251//87
f 250//88 251//88 252//88
f 252//88 251//88 253//88
f 252//89 253//89 254//89
f 254//89 253//89 255//89
f 254//90 255//90 256//90
f 256//90 255//90 257//90
f 256//91 257//91 258//91
f 258//92 257//92 259//92
f 258//93 259//93 260//93
f 260//93 259//93 261//93
f 260//94 261//94 262//94
f 262//94 261//94 204//94
f 263//95 264//95 265//95
f 265//95 264//95 266//95
f 265//96 266//96 267//96
f 267//96 266//96 268//96
f 267//97 268//97 269//97
f 269//97 268//97 270//97
f 269//98 270//98 271//98
f 271//98 270//98 272//98
f 271//99 272//99 273//99
f 273//99 272//99 274//99
f 273//100 274//100 275//100
f 275//101 274//101 276//101
f 275//102 276//102 277//102
f 277//102 276//102 278//102
f 277//103 278//103 279//103
f 279//103 278//103 192//103
f 280//104 281//104 282//104
f 282//104 281//104 283//104
f 282//105 283//105 284//105
f 284//105 283//105 285//105
f 284//106 285//106 286//106
f 286//106 285//106 287//106
f 286//107 287//107 288//107
f 288//107 287//107 289//107
f 288//108 289//108 290//108
f 290//108 289//108 291//108
f 290//109 291//109 292//109
f 292//110 291//110 293//110
f 292//111 293//111 294//111
f 294//112 293//112 295//112
f 294//113 295//113 296//113
f 296//113 295//113 189//113
f 297//114 298//114 299//114
f 299//114 298//114 300//114
f 299//115 300//115 301//115
f 301//115 300//115 302//115
f 301//116 302//116 303//116
f 303//117 302//117 304//117
f 303//118 304//118 305//118
f 305//118 304//118 306//118
f 305//119 306//119 307//119
f 307//120 306//120 308//120
f 307//121 308//121 309//121
f 309//122 308//122 310//122
f 309//123 310//123 311//123
f 311//124 310//124 312//124
f 311//125 312//125 313//125
f 313//126 312//126 177//126
f 314//127 315//127 316//127
f 316//127 315//127 317//127
f 316//128 317//128 318//128
f 318//129 317//129 319//129
f 318//130 319//130 320//130
f 320//130 319//130 321//130
f 320//131 321//131 322//131
f 322//132 321//132 323//132
f 322//133 323//133 324//133
f 324//134 323//134 325//134
f 324//135 325//135 326//135
f 326//136 325//136 327//136
f 326//137 327//137 328//137
f 328//137 327//137 329//137
f 328//138 329//138 330//138
f 330//139 329//139 165//139
f 331//140 332//140 333//140
f 333//141 332//141 334//141
f 333//142 334//142 335//142
f 335//142 334//142 336//142
f 335//143 336//143 337//143
f 337//144 336//144 338//144
f 337//145 338//145 339//145
f 339//146 338//146 340//146
f 339//147 340//147 341//147
f 341//148 340//148 342//148
f 341//149 342//149 343//149
f 343//150 342//150 344//150
f 343//151 344//151 345//151
f 345//152 344//152 346//152
f 345//153 346//153 347//153
f 347//154 346//154 147//154
f 348//155 349//155 350//155
f 350//155 349//155 351//155
f 350//156 351//156 352//156
f 352//157 351//157 353//157
f 352//158 353//158 354//158
f 354//158 353//158 355//158
f 354//159 355//159 356//159
f 356//159 355//159 357//159
f 356//160 357//160 358//160
f 358//161 357//161 359//161
f 358//162 359//162 360//162
f 360//163 359//163 361//163
f 360//164 361//164 362//164
f 362//165 361//165 363//165
f 362//166 363//166 364//166
f 364//167 363//167 135//167
f 365//168 366//168 367//168
f 367//168 366//168 368//168
f 367//169 368//169 369//169
f 369//170 368//170 370//170
f 369//171 370//171 371//171
f 371//172 370//172 372//172
f 371//173 372//173 373//173
f 373//174 372//174 374//174
f 373//175 374//175 375//175
f 375//175 374//175 376//175
f 375//176 376//176 377//176
f 377//177 376//177 378//177
f 377//178 378//178 379//178
f 379//179 378//179 380//179
f 379//180 380//180 381//180
f 381//181 380//181 117//181
f 382//182 383//182 384//182
f 384//182 383//182 385//182
f 384//183 385//183 386//183
f 386//183 385//183 387//183
f 386//184 387//184 388//184
f 388//184 387//184 389//184
f 388//185 389//185 390//185
f 390//185 389//185 391//185
f 390//186 391//186 392//186
f 392//187 391//187 393//187
f 392//188 393//188 394//188
f 394//189 393//189 395//189
f 394//190 395//190 396//190
f 396//190 395//190 397//190
f 396//191 397//191 398//191
f 398//192 397//192 105//192
f 399//193 400//193 401//193
f 401//193 400//193 402//193
f 401//194 402//194 403//194
f 403//194 402//194 404//194
f 403//195 404//195 405//195
f 405//195 404//195 406//195
f 405//196 406//196 407//196
f 407//196 406//196 408//196
f 407//197 408//197 409//197
f 409//198 408//198 410//198
f 409//199 410//199 411//199
f 411//200 410//200 412//200
f 411//201 412//201 413//201
f 413//202 412//202 414//202
f 413//203 414//203 415//203
f 415//203 414//203 87//203
f 416//204 417//204 418//204
f 418//204 417//204 419//204
f 418//205 419//205 420//205
f 420//205 419//205 421//205
f 420//206 421//206 422//206
f 422//206 421//206 423//206
f 422//207 423//207 424//207
f 424//207 423//207 425//207
f 424//208 425//208 426//208
f 426//209 425//209 427//209
f 426//210 427//210 428//210
f 428//211 427//211 429//211
f 428//212 429//212 430//212
f 430//212 429//212 431//212
f 430//213 431//213 432//213
f 432//214 431//214 75//214
f 433//215 434//215 435//215
f 435//215 434//215 436//215
f 435//216 436//216 437//216
f 437//217 436//217 438//217
f 437//218 438//218 439//218
f 439//219 438//219 440//219
f 439//220 440//220 441//220
f 441//221 440//221 442//221
f 441//222 442//222 443//222
f 443//223 442//223 444//223
f 443//224 444//224 445//224
f 445//225 444//225 446//225
f 445//226 446//226 447//226
f 447//227 446//227 448//227
f 447//228 448//228 449//228
f 449//228 448//228 63//228
f 450//229 451//229 452//229
f 452//229 451//229 453//229
f 452//230 453//230 454//230
f 454//231 453//231 455//231
f 454//232 455//232 456//232
f 456//232 455//232 457//232
f 456//233 457//233 458//233
f 458//234 457//234 459//234
f 458//235 459//235 460//235
f 460//235 459//235 461//235
f 460//236 461//236 462//236
f 462//237 461//237 463//237
f 462//238 463//238 464//238
f 464//238 463//238 465//238
f 464//239 465//239 466//239
f 466//239 465//239 45//239
f 467//240 468//240 469//240
f 469//240 468//240 470//240
f 469//241 470//241 471//241
f 471//242 470//242 472//242
f 471//243 472//243 473//243
f 473//243 472//243 474//243
f 473//244 474//244 475//244
f 475//244 474//244 476//244
f 475//245 476//245 477//245
f 477//245 476//245 478//245
f 477//246 478//246 479//246
f 479//246 478//246 480//246
f 479//247 480//247 481//247
f 481//247 480//247 482//247
f 481//248 482//248 483//248
f 483//248 482//248 33//248
f 484//249 485//249 486//249
f 486//249 485//249 487//249
f 486//250 487//250 488//250
f 488//251 487//251 489//251
f 488//252 489//252 490//252
f 490//253 489//253 491//253
f 490//254 491//254 492//254
f 492//254 491//254 493//254
f 492//255 493//255 494//255
f 494//256 493//256 495//256
f 494//257 495//257 496//257
f 496//258 495//258 497//258
f 496//259 497//259 498//259
f 498//259 497//259 499//259
f 498//260 499//260 500//260
f 500//260 499//260 15//260
f 501//261 502//261 503//261
f 503//261 502//261 504//261
f 503//262 504//262 505//262
f 505//262 504//262 506//262
f 505//263 506//263 507//263
f 507//263 506//263 508//263
f 507//264 508//264 509//264
f 509//264 508//264 510//264
f 509//265 510//265 511//265
f 511//265 510//265 512//265
f 511//266 512//266 513//266
f 513//266 512//266 514//266
f 513//267 514//267 515//267
f 515//267 514//267 516//267
f 515//268 516//268 517//268
f 517//269 516//269 3//269
f 518//270 519//270 520//270
f 520//271 519//271 521//271
f 520//272 521//272 522//272
f 522//272 521//272 523//272
f 522//273 523//273 524//273
f 524//273 523//273 525//273
f 524//274 525//274 526//274
f 526//274 525//274 527//274
f 526//275 527//275 528//275
f 528//275 527//275 529//275
f 528//276 529//276 530//276
f 530//276 529//276 531//276
f 530//277 531//277 532//277
f 532//277 531//277 533//277
f 532//278 533//278 534//278
f 534//278 533//278 228//278
f 534//279 228//279 535//279
f 535//279 228//279 227//279
f 519//280 536//280 521//280
f 521//280 536//280 537//280
f 521//281 537//281 523//281
f 523//281 537//281 538//281
f 523//282 538//282 525//282
f 525//282 538//282 539//282
f 525//283 539//283 527//283
f 527//284 539//284 540//284
f 527//285 540//285 529//285
f 529//285 540//285 541//285
f 529//286 541//286 531//286
f 531//286 541//286 542//286
f 531//287 542//287 533//287
f 533//287 542//287 543//287
f 533//288 543//288 228//288
f 228//288 543//288 225//288
f 228//289 225//289 226//289
f 226//290 225//290 224//290
f 544//291 223//291 545//291
f 545//292 223//292 225//292
f 545//293 225//293 546//293
f 546//294 225//294 543//294
f 546//295 543//295 547//295
f 547//295 543//295 542//295
f 547//296 542//296 548//296
f 548//296 542//296 541//296
f 548//297 541//297 549//297
f 549//297 541//297 540//297
f 549//298 540//298 550//298
f 550//298 540//298 539//298
f 550//299 539//299 551//299
f 551//299 539//299 538//299
f 551//300 538//300 552//300
f 552//300 538//300 537//300
f 552//301 537//301 553//301
f 553//301 537//301 536//301
f 553//302 554//302 552//302
f 552//302 554//302 555//302
f 552//303 555//303 551//303
f 551//303 555//303 556//303
f 551//304 556//304 550//304
f 550//304 556//304 557//304
f 550//305 557//305 549//305
f 549//305 557//305 558//305
f 549//306 558//306 548//306
f 548//306 558//306 559//306
f 548//307 559//307 547//307
f 547//308 559//308 560//308
f 547//309 560//309 546//309
f 546//309 560//309 561//309
f 546//310 561//310 545//310
f 545//310 561//310 222//310
f 545//311 222//311 544//311
f 544//312 222//312 221//312
f 554//313 562//313 555//313
f 555//313 562//313 563//313
f 555//314 563//314 556//314
f 556//314 563//314 564//314
f 556//315 564//315 557//315
f 557//315 564//315 565//315
f 557//316 565//316 558//316
f 558//317 565//317 566//317
f 558//318 566//318 559//318
f 559//319 566//319 567//319
f 559//320 567//320 560//320
f 560//321 567//321 568//321
f 560//322 568//322 561//322
f 561//323 568//323 569//323
f 561//324 569//324 222//324
f 222//324 569//324 219//324
f 222//325 219//325 220//325
f 220//326 219//326 218//326
f 570//327 217//327 571//327
f 571//328 217//328 219//328
f 571//329 219//329 572//329
f 572//329 219//329 569//329
f 572//330 569//330 573//330
f 573//330 569//330 568//330
f 573//331 568//331 574//331
f 574//332 568//332 567//332
f 574//333 567//333 575//333
f 575//333 567//333 566//333
f 575//334 566//334 576//334
f 576//334 566//334 565//334
f 576//335 565//335 577//335
f 577//335 565//335 564//335
f 577//336 564//336 578//336
f 578//337 564//337 563//337
f 578//338 563//338 579//338
f 579//338 563//338 562//338
f 579//339 229//339 578//339
f 578//339 229//339 231//339
f 578//340 231//340 577//340
f 577//340 231//340 233//340
f 577//341 233//341 576//341
f 576//341 233//341 235//341
f 576//342 235//342 575//342
f 575//343 235//343 237//343
f 575//344 237//344 574//344
f 574//344 237//344 239//344
f 574//345 239//345 573//345
f 573//345 239//345 241//345
f 573//346 241//346 572//346
f 572//347 241//347 243//347
f 572//348 243//348 571//348
f 571//348 243//348 245//348
f 571//349 245//349 570//349
f 570//350 245//350 580//350
f 216//351 215//351 245//351
f 245//352 215//352 581//352
f 245//353 581//353 580//353
f 230//354 582//354 232//354
f 232//354 582//354 583//354
f 232//355 583//355 234//355
f 234//355 583//355 584//355
f 234//356 584//356 236//356
f 236//357 584//357 585//357
f 236//358 585//358 238//358
f 238//358 585//358 586//358
f 238//359 586//359 240//359
f 240//359 586//359 587//359
f 240//360 587//360 242//360
f 242//360 587//360 588//360
f 242//361 588//361 244//361
f 244//361 588//361 589//361
f 244//362 589//362 216//362
f 216//362 589//362 213//362
f 216//363 213//363 214//363
f 214//364 213//364 212//364
f 590//365 211//365 591//365
f 591//366 211//366 213//366
f 591//367 213//367 592//367
f 592//367 213//367 589//367
f 592//368 589//368 593//368
f 593//368 589//368 588//368
f 593//369 588//369 594//369
f 594//370 588//370 587//370
f 594//371 587//371 595//371
f 595//372 587//372 586//372
f 595//373 586//373 596//373
f 596//374 586//374 585//374
f 596//375 585//375 597//375
f 597//375 585//375 584//375
f 597//376 584//376 598//376
f 598//377 584//377 583//377
f 598//378 583//378 599//378
f 599//378 583//378 582//378
f 599//379 600//379 598//379
f 598//379 600//379 601//379
f 598//380 601//380 597//380
f 597//380 601//380 602//380
f 597//381 602//381 596//381
f 596//381 602//381 603//381
f 596//382 603//382 595//382
f 595//383 603//383 604//383
f 595//384 604//384 594//384
f 594//384 604//384 605//384
f 594//385 605//385 593//385
f 593//385 605//385 606//385
f 593//386 606//386 592//386
f 592//386 606//386 607//386
f 592//387 607//387 591//387
f 591//387 607//387 210//387
f 591//388 210//388 590//388
f 590//389 210//389 209//389
f 600//390 608//390 601//390
f 601//390 608//390 609//390
f 601//391 609//391 602//391
f 602//391 609//391 610//391
f 602//392 610//392 603//392
f 603//393 610//393 611//393
f 603//394 611//394 604//394
f 604//394 611//394 612//394
f 604//395 612//395 605//395
f 605//395 612//395 613//395
f 605//396 613//396 606//396
f 606//397 613//397 614//397
f 606//398 614//398 607//398
f 607//398 614//398 615//398
f 607//399 615//399 210//399
f 210//399 615//399 207//399
f 210//400 207//400 208//400
f 208//401 207//401 206//401
f 616//402 205//402 617//402
f 617//403 205//403 207//403
f 617//404 207//404 618//404
f 618//404 207//404 615//404
f 618//405 615//405 619//405
f 619//405 615//405 614//405
f 619//406 614//406 620//406
f 620//407 614//407 613//407
f 620//408 613//408 621//408
f 621//408 613//408 612//408
f 621//409 612//409 622//409
f 622//409 612//409 611//409
f 622//410 611//410 623//410
f 623//410 611//410 610//410
f 623//411 610//411 624//411
f 624//411 610//411 609//411
f 624//412 609//412 625//412
f 625//412 609//412 608//412
f 625//413 246//413 624//413
f 624//413 246//413 248//413
f 624//414 248//414 623//414
f 623//414 248//414 250//414
f 623//415 250//415 622//415
f 622//415 250//415 252//415
f 622//416 252//416 621//416
f 621//416 252//416 254//416
f 621//417 254//417 620//417
f 620//417 254//417 256//417
f 620//418 256//418 619//418
f 619//419 256//419 258//419
f 619//420 258//420 618//420
f 618//420 258//420 260//420
f 618//421 260//421 617//421
f 617//421 260//421 262//421
f 617//422 262//422 616//422
f 616//422 262//422 626//422
f 204//423 203//423 262//423
f 262//424 203//424 627//424
f 262//425 627//425 626//425
f 200//426 202//426 201//426
f 201//427 202//427 204//427
f 201//428 204//428 628//428
f 628//428 204//428 261//428
f 628//429 261//429 629//429
f 629//429 261//429 259//429
f 629//430 259//430 630//430
f 630//430 259//430 257//430
f 630//431 257//431 631//431
f 631//432 257//432 255//432
f 631//433 255//433 632//433
f 632//434 255//434 253//434
f 632//435 253//435 633//435
f 633//435 253//435 251//435
f 633//436 251//436 634//436
f 634//436 251//436 249//436
f 634//437 249//437 635//437
f 635//437 249//437 247//437
f 636//438 199//438 637//438
f 637//439 199//439 201//439
f 637//440 201//440 638//440
f 638//440 201//440 628//440
f 638//441 628//441 639//441
f 639//441 628//441 629//441
f 639//442 629//442 640//442
f 640//443 629//443 630//443
f 640//444 630//444 641//444
f 641//444 630//444 631//444
f 641//445 631//445 642//445
f 642//445 631//445 632//445
f 642//446 632//446 643//446
f 643//447 632//447 633//447
f 643//448 633//448 644//448
f 644//448 633//448 634//448
f 644//449 634//449 645//449
f 645//449 634//449 635//449
f 645//450 646//450 644//450
f 644//450 646//450 647//450
f 644//451 647//451 643//451
f 643//451 647//451 648//451
f 643//452 648//452 642//452
f 642//453 648//453 649//453
f 642//454 649//454 641//454
f 641//454 649//454 650//454
f 641//455 650//455 640//455
f 640//455 650//455 651//455
f 640//456 651//456 639//456
f 639//457 651//457 652//457
f 639//458 652//458 638//458
f 638//458 652//458 653//458
f 638//459 653//459 637//459
f 637//459 653//459 198//459
f 637//460 198//460 636//460
f 636//461 198//461 197//461
f 646//462 654//462 647//462
f 647//462 654//462 655//462
f 647//463 655//463 648//463
f 648//463 655//463 656//463
f 648//464 656//464 649//464
f 649//464 656//464 657//464
f 649//465 657//465 650//465
f 650//465 657//465 658//465
f 650//466 658//466 651//466
f 651//466 658//466 659//466
f 651//467 659//467 652//467
f 652//467 659//467 660//467
f 652//468 660//468 653//468
f 653//468 660//468 661//468
f 653//469 661//469 198//469
f 198//469 661//469 195//469
f 198//470 195//470 196//470
f 196//471 195//471 194//471
f 662//472 193//472 663//472
f 663//473 193//473 195//473
f 663//474 195//474 664//474
f 664//475 195//475 661//475
f 664//476 661//476 665//476
f 665//476 661//476 660//476
f 665//477 660//477 666//477
f 666//478 660//478 659//478
f 666//479 659//479 667//479
f 667//480 659//480 658//480
f 667//481 658//481 668//481
f 668//482 658//482 657//482
f 668//483 657//483 669//483
f 669//483 657//483 656//483
f 669//484 656//484 670//484
f 670//485 656//485 655//485
f 670//486 655//486 671//486
f 671//486 655//486 654//486
f 671//487 263//487 670//487
f 670//487 263//487 265//487
f 670//488 265//488 669//488
f 669//488 265//488 267//488
f 669//489 267//489 668//489
f 668//490 267//490 269//490
f 668//491 269//491 667//491
f 667//491 269//491 271//491
f 667//492 271//492 666//492
f 666//492 271//492 273//492
f 666//493 273//493 665//493
f 665//494 273//494 275//494
f 665//495 275//495 664//495
f 664//495 275//495 277//495
f 664//496 277//496 663//496
f 663//496 277//496 279//496
f 663//497 279//497 662//497
f 662//498 279//498 672//498
f 192//499 191//499 279//499
f 279//500 191//500 673//500
f 279//501 673//501 672//501
f 674//502 190//502 675//502
f 675//503 190//503 192//503
f 675//504 192//504 676//504
f 676//504 192//504 278//504
f 676//505 278//505 677//505
f 677//505 278//505 276//505
f 677//506 276//506 678//506
f 678//507 276//507 274//507
f 678//508 274//508 679//508
f 679//508 274//508 272//508
f 679//509 272//509 680//509
f 680//509 272//509 270//509
f 680//510 270//510 681//510
f 681//510 270//510 268//510
f 681//511 268//511 682//511
f 682//511 268//511 266//511
f 682//512 266//512 683//512
f 683//512 266//512 264//512
f 683//513 280//513 682//513
f 682//513 280//513 282//513
f 682//514 282//514 681//514
f 681//514 282//514 284//514
f 681//515 284//515 680//515
f 680//515 284//515 286//515
f 680//516 286//516 679//516
f 679//516 286//516 288//516
f 679//517 288//517 678//517
f 678//518 288//518 290//518
f 678//519 290//519 677//519
f 677//520 290//520 292//520
f 677//521 292//521 676//521
f 676//522 292//522 294//522
f 676//523 294//523 675//523
f 675//524 294//524 296//524
f 675//525 296//525 674//525
f 674//526 296//526 684//526
f 189//527 188//527 296//527
f 296//528 188//528 685//528
f 296//529 685//529 684//529
f 281//530 686//530 283//530
f 283//530 686//530 687//530
f 283//531 687//531 285//531
f 285//532 687//532 688//532
f 285//533 688//533 287//533
f 287//533 688//533 689//533
f 287//534 689//534 289//534
f 289//535 689//535 690//535
f 289//536 690//536 291//536
f 291//536 690//536 691//536
f 291//537 691//537 293//537
f 293//538 691//538 692//538
f 293//539 692//539 295//539
f 295//539 692//539 693//539
f 295//540 693//540 189//540
f 189//540 693//540 186//540
f 189//541 186//541 187//541
f 187//542 186//542 185//542
f 694//543 184//543 695//543
f 695//544 184//544 186//544
f 695//545 186//545 696//545
f 696//545 186//545 693//545
f 696//546 693//546 697//546
f 697//546 693//546 692//546
f 697//547 692//547 698//547
f 698//548 692//548 691//548
f 698//549 691//549 699//549
f 699//549 691//549 690//549
f 699//550 690//550 700//550
f 700//551 690//551 689//551
f 700//552 689//552 701//552
f 701//552 689//552 688//552
f 701//553 688//553 702//553
f 702//554 688//554 687//554
f 702//555 687//555 703//555
f 703//555 687//555 686//555
f 703//556 704//556 702//556
f 702//556 704//556 705//556
f 702//557 705//557 701//557
f 701//557 705//557 706//557
f 701//558 706//558 700//558
f 700//559 706//559 707//559
f 700//560 707//560 699//560
f 699//560 707//560 708//560
f 699//561 708//561 698//561
f 698//561 708//561 709//561
f 698//562 709//562 697//562
f 697//562 709//562 710//562
f 697//563 710//563 696//563
f 696//564 710//564 711//564
f 696//565 711//565 695//565
f 695//566 711//566 183//566
f 695//567 183//567 694//567
f 694//567 183//567 182//567
f 704//568 712//568 705//568
f 705//568 712//568 713//568
f 705//569 713//569 706//569
f 706//569 713//569 714//569
f 706//570 714//570 707//570
f 707//570 714//570 715//570
f 707//571 715//571 708//571
f 708//571 715//571 716//571
f 708//572 716//572 709//572
f 709//573 716//573 717//573
f 709//574 717//574 710//574
f 710//575 717//575 718//575
f 710//576 718//576 711//576
f 711//576 718//576 719//576
f 711//577 719//577 183//577
f 183//578 719//578 180//578
f 183//579 180//579 181//579
f 181//580 180//580 179//580
f 720//581 178//581 721//581
f 721//582 178//582 180//582
f 721//583 180//583 722//583
f 722//584 180//584 719//584
f 722//585 719//585 723//585
f 723//586 719//586 718//586
f 723//587 718//587 724//587
f 724//588 718//588 717//588
f 724//589 717//589 725//589
f 725//589 717//589 716//589
f 725//590 716//590 726//590
f 726//590 716//590 715//590
f 726//591 715//591 727//591
f 727//592 715//592 714//592
f 727//593 714//593 728//593
f 728//593 714//593 713//593
f 728//594 713//594 729//594
f 729//594 713//594 712//594
f 729//595 297//595 728//595
f 728//595 297//595 299//595
f 728//596 299//596 727//596
f 727//596 299//596 301//596
f 727//597 301//597 726//597
f 726//597 301//597 303//597
f 726//598 303//598 725//598
f 725//598 303//598 305//598
f 725//599 305//599 724//599
f 724//600 305//600 307//600
f 724//601 307//601 723//601
f 723//601 307//601 309//601
f 723//602 309//602 722//602
f 722//602 309//602 311//602
f 722//603 311//603 721//603
f 721//604 311//604 313//604
f 721//605 313//605 720//605
f 720//606 313//606 730//606
f 177//607 176//607 313//607
f 313//608 176//608 731//608
f 313//609 731//609 730//609
f 173//610 175//610 174//610
f 174//611 175//611 177//611
f 174//612 177//612 732//612
f 732//612 177//612 312//612
f 732//613 312//613 733//613
f 733//613 312//613 310//613
f 733//614 310//614 734//614
f 734//615 310//615 308//615
f 734//616 308//616 735//616
f 735//616 308//616 306//616
f 735//617 306//617 736//617
f 736//618 306//618 304//618
f 736//619 304//619 737//619
f 737//619 304//619 302//619
f 737//620 302//620 738//620
f 738//621 302//621 300//621
f 738//622 300//622 739//622
f 739//622 300//622 298//622
f 740//623 172//623 741//623
f 741//624 172//624 174//624
f 741//625 174//625 742//625
f 742//625 174//625 732//625
f 742//626 732//626 743//626
f 743//627 732//627 733//627
f 743//628 733//628 744//628
f 744//629 733//629 734//629
f 744//630 734//630 745//630
f 745//631 734//631 735//631
f 745//632 735//632 746//632
f 746//632 735//632 736//632
f 746//633 736//633 747//633
f 747//633 736//633 737//633
f 747//634 737//634 748//634
f 748//634 737//634 738//634
f 748//635 738//635 749//635
f 749//635 738//635 739//635
f 749//636 750//636 748//636
f 748//636 750//636 751//636
f 748//637 751//637 747//637
f 747//638 751//638 752//638
f 747//639 752//639 746//639
f 746//639 752//639 753//639
f 746//640 753//640 745//640
f 745//641 753//641 754//641
f 745//642 754//642 744//642
f 744//642 754//642 755//642
f 744//643 755//643 743//643
f 743//644 755//644 756//644
f 743//645 756//645 742//645
f 742//645 756//645 757//645
f 742//646 757//646 741//646
f 741//646 757//646 171//646
f 741//647 171//647 740//647
f 740//648 171//648 170//648
f 750//649 758//649 751//649
f 751//649 758//649 759//649
f 751//650 759//650 752//650
f 752//650 759//650 760//650
f 752//651 760//651 753//651
f 753//651 760//651 761//651
f 753//652 761//652 754//652
f 754//652 761//652 762//652
f 754//653 762//653 755//653
f 755//654 762//654 763//654
f 755//655 763//655 756//655
f 756//656 763//656 764//656
f 756//657 764//657 757//657
f 757//658 764//658 765//658
f 757//659 765//659 171//659
f 171//660 765//660 168//660
f 171//661 168//661 169//661
f 169//662 168//662 167//662
f 766//663 166//663 767//663
f 767//664 166//664 168//664
f 767//665 168//665 768//665
f 768//665 168//665 765//665
f 768//666 765//666 769//666
f 769//667 765//667 764//667
f 769//668 764//668 770//668
f 770//669 764//669 763//669
f 770//670 763//670 771//670
f 771//671 763//671 762//671
f 771//672 762//672 772//672
f 772//672 762//672 761//672
f 772//673 761//673 773//673
f 773//674 761//674 760//674
f 773//675 760//675 774//675
f 774//675 760//675 759//675
f 774//676 759//676 775//676
f 775//676 759//676 758//676
f 775//677 314//677 774//677
f 774//677 314//677 316//677
f 774//678 316//678 773//678
f 773//678 316//678 318//678
f 773//679 318//679 772//679
f 772//679 318//679 320//679
f 772//680 320//680 771//680
f 771//680 320//680 322//680
f 771//681 322//681 770//681
f 770//681 322//681 324//681
f 770//682 324//682 769//682
f 769//683 324//683 326//683
f 769//684 326//684 768//684
f 768//685 326//685 328//685
f 768//686 328//686 767//686
f 767//686 328//686 330//686
f 767//687 330//687 766//687
f 766//688 330//688 776//688
f 165//689 164//689 330//689
f 330//690 164//690 777//690
f 330//691 777//691 776//691
f 778//692 163//692 779//692
f 779//693 163//693 165//693
f 779//694 165//694 780//694
f 780//695 165//695 329//695
f 780//696 329//696 781//696
f 781//697 329//697 327//697
f 781//698 327//698 782//698
f 782//698 327//698 325//698
f 782//699 325//699 783//699
f 783//699 325//699 323//699
f 783//700 323//700 784//700
f 784//701 323//701 321//701
f 784//702 321//702 785//702
f 785//702 321//702 319//702
f 785//703 319//703 786//703
f 786//703 319//703 317//703
f 786//704 317//704 787//704
f 787//704 317//704 315//704
f 787//705 788//705 786//705
f 786//705 788//705 789//705
f 786//706 789//706 785//706
f 785//707 789//707 790//707
f 785//708 790//708 784//708
f 784//708 790//708 791//708
f 784//709 791//709 783//709
f 783//709 791//709 792//709
f 783//710 792//710 782//710
f 782//711 792//711 793//711
f 782//712 793//712 781//712
f 781//713 793//713 794//713
f 781//714 794//714 780//714
f 780//714 794//714 795//714
f 780//715 795//715 779//715
f 779//715 795//715 162//715
f 779//716 162//716 778//716
f 778//716 162//716 161//716
f 158//717 160//717 159//717
f 159//718 160//718 162//718
f 159//719 162//719 796//719
f 796//720 162//720 795//720
f 796//721 795//721 797//721
f 797//721 795//721 794//721
f 797//722 794//722 798//722
f 798//723 794//723 793//723
f 798//724 793//724 799//724
f 799//724 793//724 792//724
f 799//725 792//725 800//725
f 800//726 792//726 791//726
f 800//727 791//727 801//727
f 801//727 791//727 790//727
f 801//728 790//728 802//728
f 802//728 790//728 789//728
f 802//729 789//729 803//729
f 803//729 789//729 788//729
f 803//730 804//730 802//730
f 802//730 804//730 805//730
f 802//731 805//731 801//731
f 801//731 805//731 806//731
f 801//732 806//732 800//732
f 800//732 806//732 807//732
f 800//733 807//733 799//733
f 799//733 807//733 808//733
f 799//734 808//734 798//734
f 798//735 808//735 809//735
f 798//736 809//736 797//736
f 797//737 809//737 810//737
f 797//738 810//738 796//738
f 796//739 810//739 811//739
f 796//740 811//740 159//740
f 159//741 811//741 156//741
f 159//742 156//742 157//742
f 157//743 156//743 155//743
f 812//744 154//744 813//744
f 813//745 154//745 156//745
f 813//746 156//746 814//746
f 814//746 156//746 811//746
f 814//747 811//747 815//747
f 815//748 811//748 810//748
f 815//749 810//749 816//749
f 816//750 810//750 809//750
f 816//751 809//751 817//751
f 817//751 809//751 808//751
f 817//752 808//752 818//752
f 818//752 808//752 807//752
f 818//753 807//753 819//753
f 819//753 807//753 806//753
f 819//754 806//754 820//754
f 820//755 806//755 805//755
f 820//756 805//756 821//756
f 821//757 805//757 804//757
f 821//758 822//758 820//758
f 820//759 822//759 823//759
f 820//760 823//760 819//760
f 819//760 823//760 824//760
f 819//761 824//761 818//761
f 818//761 824//761 825//761
f 818//762 825//762 817//762
f 817//763 825//763 826//763
f 817//764 826//764 816//764
f 816//765 826//765 827//765
f 816//766 827//766 815//766
f 815//766 827//766 828//766
f 815//767 828//767 814//767
f 814//767 828//767 829//767
f 814//768 829//768 813//768
f 813//768 829//768 153//768
f 813//769 153//769 812//769
f 812//770 153//770 152//770
f 822//771 830//771 823//771
f 823//772 830//772 831//772
f 823//773 831//773 824//773
f 824//773 831//773 832//773
f 824//774 832//774 825//774
f 825//774 832//774 833//774
f 825//775 833//775 826//775
f 826//775 833//775 834//775
f 826//776 834//776 827//776
f 827//776 834//776 835//776
f 827//777 835//777 828//777
f 828//777 835//777 836//777
f 828//778 836//778 829//778
f 829//779 836//779 837//779
f 829//780 837//780 153//780
f 153//781 837//781 150//781
f 153//782 150//782 151//782
f 151//783 150//783 149//783
f 838//784 148//784 839//784
f 839//785 148//785 150//785
f 839//786 150//786 840//786
f 840//787 150//787 837//787
f 840//788 837//788 841//788
f 841//789 837//789 836//789
f 841//790 836//790 842//790
f 842//790 836//790 835//790
f 842//791 835//791 843//791
f 843//792 835//792 834//792
f 843//793 834//793 844//793
f 844//794 834//794 833//794
f 844//795 833//795 845//795
f 845//796 833//796 832//796
f 845//797 832//797 846//797
f 846//797 832//797 831//797
f 846//798 831//798 847//798
f 847//799 831//799 830//799
f 847//800 331//800 846//800
f 846//800 331//800 333//800
f 846//801 333//801 845//801
f 845//801 333//801 335//801
f 845//802 335//802 844//802
f 844//802 335//802 337//802
f 844//803 337//803 843//803
f 843//803 337//803 339//803
f 843//804 339//804 842//804
f 842//804 339//804 341//804
f 842//805 341//805 841//805
f 841//806 341//806 343//806
f 841//807 343//807 840//807
f 840//808 343//808 345//808
f 840//809 345//809 839//809
f 839//810 345//810 347//810
f 839//811 347//811 838//811
f 838//812 347//812 848//812
f 147//813 146//813 347//813
f 347//814 146//814 849//814
f 347//815 849//815 848//815
f 143//816 145//816 144//816
f 144//817 145//817 147//817
f 144//818 147//818 850//818
f 850//818 147//818 346//818
f 850//819 346//819 851//819
f 851//819 346//819 344//819
f 851//820 344//820 852//820
f 852//821 344//821 342//821
f 852//822 342//822 853//822
f 853//823 342//823 340//823
f 853//824 340//824 854//824
f 854//824 340//824 338//824
f 854//825 338//825 855//825
f 855//825 338//825 336//825
f 855//826 336//826 856//826
f 856//826 336//826 334//826
f 856//827 334//827 857//827
f 857//827 334//827 332//827
f 858//828 142//828 859//828
f 859//829 142//829 144//829
f 859//830 144//830 860//830
f 860//831 144//831 850//831
f 860//832 850//832 861//832
f 861//833 850//833 851//833
f 861//834 851//834 862//834
f 862//835 851//835 852//835
f 862//836 852//836 863//836
f 863//836 852//836 853//836
f 863//837 853//837 864//837
f 864//837 853//837 854//837
f 864//838 854//838 865//838
f 865//839 854//839 855//839
f 865//840 855//840 866//840
f 866//840 855//840 856//840
f 866//841 856//841 867//841
f 867//841 856//841 857//841
f 867//842 868//842 866//842
f 866//843 868//843 869//843
f 866//844 869//844 865//844
f 865//845 869//845 870//845
f 865//846 870//846 864//846
f 864//846 870//846 871//846
f 864//847 871//847 863//847
f 863//847 871//847 872//847
f 863//848 872//848 862//848
f 862//848 872//848 873//848
f 862//849 873//849 861//849
f 861//850 873//850 874//850
f 861//851 874//851 860//851
f 860//852 874//852 875//852
f 860//853 875//853 859//853
f 859//854 875//854 141//854
f 859//855 141//855 858//855
f 858//856 141//856 140//856
f 868//857 876//857 869//857
f 869//857 876//857 877//857
f 869//858 877//858 870//858
f 870//859 877//859 878//859
f 870//860 878//860 871//860
f 871//861 878//861 879//861
f 871//862 879//862 872//862
f 872//863 879//863 880//863
f 872//864 880//864 873//864
f 873//865 880//865 881//865
f 873//866 881//866 874//866
f 874//866 881//866 882//866
f 874//867 882//867 875//867
f 875//867 882//867 883//867
f 875//868 883//868 141//868
f 141//869 883//869 138//869
f 141//870 138//870 139//870
f 139//871 138//871 137//871
f 884//872 136//872 885//872
f 885//873 136//873 138//873
f 885//874 138//874 886//874
f 886//874 138//874 883//874
f 886//875 883//875 887//875
f 887//876 883//876 882//876
f 887//877 882//877 888//877
f 888//878 882//878 881//878
f 888//879 881//879 889//879
f 889//879 881//879 880//879
f 889//880 880//880 890//880
f 890//880 880//880 879//880
f 890//881 879//881 891//881
f 891//882 879//882 878//882
f 891//883 878//883 892//883
f 892//883 878//883 877//883
f 892//884 877//884 893//884
f 893//884 877//884 876//884
f 893//885 348//885 892//885
f 892//885 348//885 350//885
f 892//886 350//886 891//886
f 891//886 350//886 352//886
f 891//887 352//887 890//887
f 890//887 352//887 354//887
f 890//888 354//888 889//888
f 889//889 354//889 356//889
f 889//890 356//890 888//890
f 888//890 356//890 358//890
f 888//891 358//891 887//891
f 887//892 358//892 360//892
f 887//893 360//893 886//893
f 886//893 360//893 362//893
f 886//894 362//894 885//894
f 885//894 362//894 364//894
f 885//895 364//895 884//895
f 884//896 364//896 894//896
f 135//897 134//897 364//897
f 364//898 134//898 895//898
f 364//899 895//899 894//899
f 896//900 133//900 897//900
f 897//901 133//901 135//901
f 897//902 135//902 898//902
f 898//903 135//903 363//903
f 898//904 363//904 899//904
f 899//904 363//904 361//904
f 899//905 361//905 900//905
f 900//906 361//906 359//906
f 900//907 359//907 901//907
f 901//907 359//907 357//907
f 901//908 357//908 902//908
f 902//909 357//909 355//909
f 902//910 355//910 903//910
f 903//910 355//910 353//910
f 903//911 353//911 904//911
f 904//912 353//912 351//912
f 904//913 351//913 905//913
f 905//913 351//913 349//913
f 905//914 906//914 904//914
f 904//914 906//914 907//914
f 904//915 907//915 903//915
f 903//915 907//915 908//915
f 903//916 908//916 902//916
f 902//917 908//917 909//917
f 902//918 909//918 901//918
f 901//918 909//918 910//918
f 901//919 910//919 900//919
f 900//919 910//919 911//919
f 900//920 911//920 899//920
f 899//921 911//921 912//921
f 899//922 912//922 898//922
f 898//922 912//922 913//922
f 898//923 913//923 897//923
f 897//923 913//923 132//923
f 897//924 132//924 896//924
f 896//925 132//925 131//925
f 128//926 130//926 129//926
f 129//927 130//927 132//927
f 129//928 132//928 914//928
f 914//929 132//929 913//929
f 914//930 913//930 915//930
f 915//930 913//930 912//930
f 915//931 912//931 916//931
f 916//932 912//932 911//932
f 916//933 911//933 917//933
f 917//934 911//934 910//934
f 917//935 910//935 918//935
f 918//936 910//936 909//936
f 918//937 909//937 919//937
f 919//937 909//937 908//937
f 919//938 908//938 920//938
f 920//938 908//938 907//938
f 920//939 907//939 921//939
f 921//939 907//939 906//939
f 921//940 922//940 920//940
f 920//940 922//940 923//940
f 920//941 923//941 919//941
f 919//941 923//941 924//941
f 919//942 924//942 918//942
f 918//942 924//942 925//942
f 918//943 925//943 917//943
f 917//943 925//943 926//943
f 917//944 926//944 916//944
f 916//944 926//944 927//944
f 916//945 927//945 915//945
f 915//945 927//945 928//945
f 915//946 928//946 914//946
f 914//947 928//947 929//947
f 914//948 929//948 129//948
f 129//948 929//948 126//948
f 129//949 126//949 127//949
f 127//950 126//950 125//950
f 930//951 124//951 931//951
f 931//952 124//952 126//952
f 931//953 126//953 932//953
f 932//954 126//954 929//954
f 932//955 929//955 933//955
f 933//956 929//956 928//956
f 933//957 928//957 934//957
f 934//958 928//958 927//958
f 934//959 927//959 935//959
f 935//960 927//960 926//960
f 935//961 926//961 936//961
f 936//961 926//961 925//961
f 936//962 925//962 937//962
f 937//962 925//962 924//962
f 937//963 924//963 938//963
f 938//963 924//963 923//963
f 938//964 923//964 939//964
f 939//964 923//964 922//964
f 939//965 940//965 938//965
f 938//966 940//966 941//966
f 938//967 941//967 937//967
f 937//967 941//967 942//967
f 937//968 942//968 936//968
f 936//968 942//968 943//968
f 936//969 943//969 935//969
f 935//969 943//969 944//969
f 935//970 944//970 934//970
f 934//971 944//971 945//971
f 934//972 945//972 933//972
f 933//973 945//973 946//973
f 933//974 946//974 932//974
f 932//974 946//974 947//974
f 932//975 947//975 931//975
f 931//976 947//976 123//976
f 931//977 123//977 930//977
f 930//978 123//978 122//978
f 940//979 948//979 941//979
f 941//979 948//979 949//979
f 941//980 949//980 942//980
f 942//981 949//981 950//981
f 942//982 950//982 943//982
f 943//982 950//982 951//982
f 943//983 951//983 944//983
f 944//983 951//983 952//983
f 944//984 952//984 945//984
f 945//985 952//985 953//985
f 945//986 953//986 946//986
f 946//987 953//987 954//987
f 946//988 954//988 947//988
f 947//988 954//988 955//988
f 947//989 955//989 123//989
f 123//990 955//990 120//990
f 123//991 120//991 121//991
f 121//992 120//992 119//992
f 956//993 118//993 957//993
f 957//994 118//994 120//994
f 957//995 120//995 958//995
f 958//996 120//996 955//996
f 958//997 955//997 959//997
f 959//998 955//998 954//998
f 959//999 954//999 960//999
f 960//999 954//999 953//999
f 960//1000 953//1000 961//1000
f 961//1001 953//1001 952//1001
f 961//1002 952//1002 962//1002
f 962//1003 952//1003 951//1003
f 962//1004 951//1004 963//1004
f 963//1004 951//1004 950//1004
f 963//1005 950//1005 964//1005
f 964//1005 950//1005 949//1005
f 964//1006 949//1006 965//1006
f 965//1006 949//1006 948//1006
f 965//1007 365//1007 964//1007
f 964//1007 365//1007 367//1007
f 964//1008 367//1008 963//1008
f 963//1008 367//1008 369//1008
f 963//1009 369//1009 962//1009
f 962//1010 369//1010 371//1010
f 962//1011 371//1011 961//1011
f 961//1011 371//1011 373//1011
f 961//1012 373//1012 960//1012
f 960//1013 373//1013 375//1013
f 960//1014 375//1014 959//1014
f 959//1014 375//1014 377//1014
f 959//1015 377//1015 958//1015
f 958//1015 377//1015 379//1015
f 958//1016 379//1016 957//1016
f 957//1017 379//1017 381//1017
f 957//1018 381//1018 956//1018
f 956//1018 381//1018 966//1018
f 117//1019 116//1019 381//1019
f 381//1020 116//1020 967//1020
f 381//1021 967//1021 966//1021
f 366//1022 968//1022 368//1022
f 368//1022 968//1022 969//1022
f 368//1023 969//1023 370//1023
f 370//1023 969//1023 970//1023
f 370//1024 970//1024 372//1024
f 372//1025 970//1025 971//1025
f 372//1026 971//1026 374//1026
f 374//1027 971//1027 972//1027
f 374//1028 972//1028 376//1028
f 376//1028 972//1028 973//1028
f 376//1029 973//1029 378//1029
f 378//1030 973//1030 974//1030
f 378//1031 974//1031 380//1031
f 380//1032 974//1032 975//1032
f 380//1033 975//1033 117//1033
f 117//1033 975//1033 114//1033
f 117//1034 114//1034 115//1034
f 115//1035 114//1035 113//1035
f 976//1036 112//1036 977//1036
f 977//1037 112//1037 114//1037
f 977//1038 114//1038 978//1038
f 978//1039 114//1039 975//1039
f 978//1040 975//1040 979//1040
f 979//1041 975//1041 974//1041
f 979//1042 974//1042 980//1042
f 980//1043 974//1043 973//1043
f 980//1044 973//1044 981//1044
f 981//1045 973//1045 972//1045
f 981//1046 972//1046 982//1046
f 982//1047 972//1047 971//1047
f 982//1048 971//1048 983//1048
f 983//1048 971//1048 970//1048
f 983//1049 970//1049 984//1049
f 984//1050 970//1050 969//1050
f 984//1051 969//1051 985//1051
f 985//1051 969//1051 968//1051
f 985//1052 986//1052 984//1052
f 984//1052 986//1052 987//1052
f 984//1053 987//1053 983//1053
f 983//1054 987//1054 988//1054
f 983//1055 988//1055 982//1055
f 982//1055 988//1055 989//1055
f 982//1056 989//1056 981//1056
f 981//1056 989//1056 990//1056
f 981//1057 990//1057 980//1057
f 980//1058 990//1058 991//1058
f 980//1059 991//1059 979//1059
f 979//1059 991//1059 992//1059
f 979//1060 992//1060 978//1060
f 978//1060 992//1060 993//1060
f 978//1061 993//1061 977//1061
f 977//1062 993//1062 111//1062
f 977//1063 111//1063 976//1063
f 976//1063 111//1063 110//1063
f 986//1064 994//1064 987//1064
f 987//1064 994//1064 995//1064
f 987//1065 995//1065 988//1065
f 988//1065 995//1065 996//1065
f 988//1066 996//1066 989//1066
f 989//1066 996//1066 997//1066
f 989//1067 997//1067 990//1067
f 990//1067 997//1067 998//1067
f 990//1068 998//1068 991//1068
f 991//1068 998//1068 999//1068
f 991//1069 999//1069 992//1069
f 992//1070 999//1070 1000//1070
f 992//1071 1000//1071 993//1071
f 993//1072 1000//1072 1001//1072
f 993//1073 1001//1073 111//1073
f 111//1074 1001//1074 108//1074
f 111//1075 108//1075 109//1075
f 109//1076 108//1076 107//1076
f 1002//1077 106//1077 1003//1077
f 1003//1078 106//1078 108//1078
f 1003//1079 108//1079 1004//1079
f 1004//1080 108//1080 1001//1080
f 1004//1081 1001//1081 1005//1081
f 1005//1082 1001//1082 1000//1082
f 1005//1083 1000//1083 1006//1083
f 1006//1083 1000//1083 999//1083
f 1006//1084 999//1084 1007//1084
f 1007//1085 999//1085 998//1085
f 1007//1086 998//1086 1008//1086
f 1008//1086 998//1086 997//1086
f 1008//1087 997//1087 1009//1087
f 1009//1088 997//1088 996//1088
f 1009//1089 996//1089 1010//1089
f 1010//1089 996//1089 995//1089
f 1010//1090 995//1090 1011//1090
f 1011//1090 995//1090 994//1090
f 1011//1091 382//1091 1010//1091
f 1010//1092 382//1092 384//1092
f 1010//1093 384//1093 1009//1093
f 1009//1093 384//1093 386//1093
f 1009//1094 386//1094 1008//1094
f 1008//1094 386//1094 388//1094
f 1008//1095 388//1095 1007//1095
f 1007//1095 388//1095 390//1095
f 1007//1096 390//1096 1006//1096
f 1006//1096 390//1096 392//1096
f 1006//1097 392//1097 1005//1097
f 1005//1097 392//1097 394//1097
f 1005//1098 394//1098 1004//1098
f 1004//1098 394//1098 396//1098
f 1004//1099 396//1099 1003//1099
f 1003//1100 396//1100 398//1100
f 1003//1101 398//1101 1002//1101
f 1002//1102 398//1102 1012//1102
f 105//1103 104//1103 398//1103
f 398//1104 104//1104 1013//1104
f 398//1105 1013//1105 1012//1105
f 101//1106 103//1106 102//1106
f 102//1107 103//1107 105//1107
f 102//1108 105//1108 1014//1108
f 1014//1108 105//1108 397//1108
f 1014//1109 397//1109 1015//1109
f 1015//1110 397//1110 395//1110
f 1015//1111 395//1111 1016//1111
f 1016//1112 395//1112 393//1112
f 1016//1113 393//1113 1017//1113
f 1017//1113 393//1113 391//1113
f 1017//1114 391//1114 1018//1114
f 1018//1114 391//1114 389//1114
f 1018//1115 389//1115 1019//1115
f 1019//1115 389//1115 387//1115
f 1019//1116 387//1116 1020//1116
f 1020//1116 387//1116 385//1116
f 1020//1117 385//1117 1021//1117
f 1021//1117 385//1117 383//1117
f 1022//1118 100//1118 1023//1118
f 1023//1119 100//1119 102//1119
f 1023//1120 102//1120 1024//1120
f 1024//1121 102//1121 1014//1121
f 1024//1122 1014//1122 1025//1122
f 1025//1123 1014//1123 1015//1123
f 1025//1124 1015//1124 1026//1124
f 1026//1125 1015//1125 1016//1125
f 1026//1126 1016//1126 1027//1126
f 1027//1126 1016//1126 1017//1126
f 1027//1127 1017//1127 1028//1127
f 1028//1128 1017//1128 1018//1128
f 1028//1129 1018//1129 1029//1129
f 1029//1129 1018//1129 1019//1129
f 1029//1130 1019//1130 1030//1130
f 1030//1130 1019//1130 1020//1130
f 1030//1131 1020//1131 1031//1131
f 1031//1131 1020//1131 1021//1131
f 1031//1132 1032//1132 1030//1132
f 1030//1132 1032//1132 1033//1132
f 1030//1133 1033//1133 1029//1133
f 1029//1133 1033//1133 1034//1133
f 1029//1134 1034//1134 1028//1134
f 1028//1135 1034//1135 1035//1135
f 1028//1136 1035//1136 1027//1136
f 1027//1136 1035//1136 1036//1136
f 1027//1137 1036//1137 1026//1137
f 1026//1137 1036//1137 1037//1137
f 1026//1138 1037//1138 1025//1138
f 1025//1138 1037//1138 1038//1138
f 1025//1139 1038//1139 1024//1139
f 1024//1139 1038//1139 1039//1139
f 1024//1140 1039//1140 1023//1140
f 1023//1141 1039//1141 99//1141
f 1023//1142 99//1142 1022//1142
f 1022//1143 99//1143 98//1143
f 1032//1144 1040//1144 1033//1144
f 1033//1144 1040//1144 1041//1144
f 1033//1145 1041//1145 1034//1145
f 1034//1146 1041//1146 1042//1146
f 1034//1147 1042//1147 1035//1147
f 1035//1148 1042//1148 1043//1148
f 1035//1149 1043//1149 1036//1149
f 1036//1150 1043//1150 1044//1150
f 1036//1151 1044//1151 1037//1151
f 1037//1151 1044//1151 1045//1151
f 1037//1152 1045//1152 1038//1152
f 1038//1153 1045//1153 1046//1153
f 1038//1154 1046//1154 1039//1154
f 1039//1155 1046//1155 1047//1155
f 1039//1156 1047//1156 99//1156
f 99//1157 1047//1157 96//1157
f 99//1158 96//1158 97//1158
f 97//1159 96//1159 95//1159
f 1048//1160 94//1160 1049//1160
f 1049//1161 94//1161 96//1161
f 1049//1162 96//1162 1050//1162
f 1050//1163 96//1163 1047//1163
f 1050//1164 1047//1164 1051//1164
f 1051//1164 1047//1164 1046//1164
f 1051//1165 1046//1165 1052//1165
f 1052//1166 1046//1166 1045//1166
f 1052//1167 1045//1167 1053//1167
f 1053//1168 1045//1168 1044//1168
f 1053//1169 1044//1169 1054//1169
f 1054//1170 1044//1170 1043//1170
f 1054//1171 1043//1171 1055//1171
f 1055//1171 1043//1171 1042//1171
f 1055//1172 1042//1172 1056//1172
f 1056//1173 1042//1173 1041//1173
f 1056//1174 1041//1174 1057//1174
f 1057//1174 1041//1174 1040//1174
f 1057//1175 1058//1175 1056//1175
f 1056//1175 1058//1175 1059//1175
f 1056//1176 1059//1176 1055//1176
f 1055//1176 1059//1176 1060//1176
f 1055//1177 1060//1177 1054//1177
f 1054//1177 1060//1177 1061//1177
f 1054//1178 1061//1178 1053//1178
f 1053//1179 1061//1179 1062//1179
f 1053//1180 1062//1180 1052//1180
f 1052//1181 1062//1181 1063//1181
f 1052//1182 1063//1182 1051//1182
f 1051//1183 1063//1183 1064//1183
f 1051//1184 1064//1184 1050//1184
f 1050//1185 1064//1185 1065//1185
f 1050//1186 1065//1186 1049//1186
f 1049//1186 1065//1186 93//1186
f 1049//1187 93//1187 1048//1187
f 1048//1187 93//1187 92//1187
f 1058//1188 1066//1188 1059//1188
f 1059//1188 1066//1188 1067//1188
f 1059//1189 1067//1189 1060//1189
f 1060//1189 1067//1189 1068//1189
f 1060//1190 1068//1190 1061//1190
f 1061//1191 1068//1191 1069//1191
f 1061//1192 1069//1192 1062//1192
f 1062//1192 1069//1192 1070//1192
f 1062//1193 1070//1193 1063//1193
f 1063//1194 1070//1194 1071//1194
f 1063//1195 1071//1195 1064//1195
f 1064//1196 1071//1196 1072//1196
f 1064//1197 1072//1197 1065//1197
f 1065//1198 1072//1198 1073//1198
f 1065//1199 1073//1199 93//1199
f 93//1200 1073//1200 90//1200
f 93//1201 90//1201 91//1201
f 91//1202 90//1202 89//1202
f 1074//1203 88//1203 1075//1203
f 1075//1204 88//1204 90//1204
f 1075//1205 90//1205 1076//1205
f 1076//1205 90//1205 1073//1205
f 1076//1206 1073//1206 1077//1206
f 1077//1207 1073//1207 1072//1207
f 1077//1208 1072//1208 1078//1208
f 1078//1208 1072//1208 1071//1208
f 1078//1209 1071//1209 1079//1209
f 1079//1209 1071//1209 1070//1209
f 1079//1210 1070//1210 1080//1210
f 1080//1211 1070//1211 1069//1211
f 1080//1212 1069//1212 1081//1212
f 1081//1213 1069//1213 1068//1213
f 1081//1214 1068//1214 1082//1214
f 1082//1214 1068//1214 1067//1214
f 1082//1215 1067//1215 1083//1215
f 1083//1215 1067//1215 1066//1215
f 1083//1216 399//1216 1082//1216
f 1082//1216 399//1216 401//1216
f 1082//1217 401//1217 1081//1217
f 1081//1218 401//1218 403//1218
f 1081//1219 403//1219 1080//1219
f 1080//1219 403//1219 405//1219
f 1080//1220 405//1220 1079//1220
f 1079//1220 405//1220 407//1220
f 1079//1221 407//1221 1078//1221
f 1078//1221 407//1221 409//1221
f 1078//1222 409//1222 1077//1222
f 1077//1223 409//1223 411//1223
f 1077//1224 411//1224 1076//1224
f 1076//1225 411//1225 413//1225
f 1076//1226 413//1226 1075//1226
f 1075//1227 413//1227 415//1227
f 1075//1228 415//1228 1074//1228
f 1074//1229 415//1229 1084//1229
f 87//1230 86//1230 415//1230
f 415//1231 86//1231 1085//1231
f 415//1232 1085//1232 1084//1232
f 400//1233 1086//1233 402//1233
f 402//1233 1086//1233 1087//1233
f 402//1234 1087//1234 404//1234
f 404//1234 1087//1234 1088//1234
f 404//1235 1088//1235 406//1235
f 406//1236 1088//1236 1089//1236
f 406//1237 1089//1237 408//1237
f 408//1237 1089//1237 1090//1237
f 408//1238 1090//1238 410//1238
f 410//1239 1090//1239 1091//1239
f 410//1240 1091//1240 412//1240
f 412//1241 1091//1241 1092//1241
f 412//1242 1092//1242 414//1242
f 414//1242 1092//1242 1093//1242
f 414//1243 1093//1243 87//1243
f 87//1244 1093//1244 84//1244
f 87//1245 84//1245 85//1245
f 85//1246 84//1246 83//1246
f 1094//1247 82//1247 1095//1247
f 1095//1248 82//1248 84//1248
f 1095//1249 84//1249 1096//1249
f 1096//1250 84//1250 1093//1250
f 1096//1251 1093//1251 1097//1251
f 1097//1252 1093//1252 1092//1252
f 1097//1253 1092//1253 1098//1253
f 1098//1254 1092//1254 1091//1254
f 1098//1255 1091//1255 1099//1255
f 1099//1256 1091//1256 1090//1256
f 1099//1257 1090//1257 1100//1257
f 1100//1258 1090//1258 1089//1258
f 1100//1259 1089//1259 1101//1259
f 1101//1259 1089//1259 1088//1259
f 1101//1260 1088//1260 1102//1260
f 1102//1260 1088//1260 1087//1260
f 1102//1261 1087//1261 1103//1261
f 1103//1261 1087//1261 1086//1261
f 1103//1262 1104//1262 1102//1262
f 1102//1262 1104//1262 1105//1262
f 1102//1263 1105//1263 1101//1263
f 1101//1263 1105//1263 1106//1263
f 1101//1264 1106//1264 1100//1264
f 1100//1264 1106//1264 1107//1264
f 1100//1265 1107//1265 1099//1265
f 1099//1265 1107//1265 1108//1265
f 1099//1266 1108//1266 1098//1266
f 1098//1266 1108//1266 1109//1266
f 1098//1267 1109//1267 1097//1267
f 1097//1268 1109//1268 1110//1268
f 1097//1269 1110//1269 1096//1269
f 1096//1270 1110//1270 1111//1270
f 1096//1271 1111//1271 1095//1271
f 1095//1272 1111//1272 81//1272
f 1095//1273 81//1273 1094//1273
f 1094//1274 81//1274 80//1274
f 1104//1275 1112//1275 1105//1275
f 1105//1275 1112//1275 1113//1275
f 1105//1276 1113//1276 1106//1276
f 1106//1276 1113//1276 1114//1276
f 1106//1277 1114//1277 1107//1277
f 1107//1278 1114//1278 1115//1278
f 1107//1279 1115//1279 1108//1279
f 1108//1280 1115//1280 1116//1280
f 1108//1281 1116//1281 1109//1281
f 1109//1282 1116//1282 1117//1282
f 1109//1283 1117//1283 1110//1283
f 1110//1284 1117//1284 1118//1284
f 1110//1285 1118//1285 1111//1285
f 1111//1286 1118//1286 1119//1286
f 1111//1287 1119//1287 81//1287
f 81//1287 1119//1287 78//1287
f 81//1288 78//1288 79//1288
f 79//1289 78//1289 77//1289
f 1120//1290 76//1290 1121//1290
f 1121//1291 76//1291 78//1291
f 1121//1292 78//1292 1122//1292
f 1122//1293 78//1293 1119//1293
f 1122//1294 1119//1294 1123//1294
f 1123//1295 1119//1295 1118//1295
f 1123//1296 1118//1296 1124//1296
f 1124//1296 1118//1296 1117//1296
f 1124//1297 1117//1297 1125//1297
f 1125//1298 1117//1298 1116//1298
f 1125//1299 1116//1299 1126//1299
f 1126//1299 1116//1299 1115//1299
f 1126//1300 1115//1300 1127//1300
f 1127//1300 1115//1300 1114//1300
f 1127//1301 1114//1301 1128//1301
f 1128//1301 1114//1301 1113//1301
f 1128//1302 1113//1302 1129//1302
f 1129//1303 1113//1303 1112//1303
f 1129//1304 416//1304 1128//1304
f 1128//1304 416//1304 418//1304
f 1128//1305 418//1305 1127//1305
f 1127//1305 418//1305 420//1305
f 1127//1306 420//1306 1126//1306
f 1126//1306 420//1306 422//1306
f 1126//1307 422//1307 1125//1307
f 1125//1308 422//1308 424//1308
f 1125//1309 424//1309 1124//1309
f 1124//1310 424//1310 426//1310
f 1124//1311 426//1311 1123//1311
f 1123//1312 426//1312 428//1312
f 1123//1313 428//1313 1122//1313
f 1122//1313 428//1313 430//1313
f 1122//1314 430//1314 1121//1314
f 1121//1314 430//1314 432//1314
f 1121//1315 432//1315 1120//1315
f 1120//1316 432//1316 1130//1316
f 75//1317 74//1317 432//1317
f 432//1318 74//1318 1131//1318
f 432//1319 1131//1319 1130//1319
f 71//1320 73//1320 72//1320
f 72//1321 73//1321 75//1321
f 72//1322 75//1322 1132//1322
f 1132//1323 75//1323 431//1323
f 1132//1324 431//1324 1133//1324
f 1133//1325 431//1325 429//1325
f 1133//1326 429//1326 1134//1326
f 1134//1327 429//1327 427//1327
f 1134//1328 427//1328 1135//1328
f 1135//1328 427//1328 425//1328
f 1135//1329 425//1329 1136//1329
f 1136//1329 425//1329 423//1329
f 1136//1330 423//1330 1137//1330
f 1137//1330 423//1330 421//1330
f 1137//1331 421//1331 1138//1331
f 1138//1332 421//1332 419//1332
f 1138//1333 419//1333 1139//1333
f 1139//1333 419//1333 417//1333
f 1140//1334 70//1334 1141//1334
f 1141//1335 70//1335 72//1335
f 1141//1336 72//1336 1142//1336
f 1142//1337 72//1337 1132//1337
f 1142//1338 1132//1338 1143//1338
f 1143//1339 1132//1339 1133//1339
f 1143//1340 1133//1340 1144//1340
f 1144//1341 1133//1341 1134//1341
f 1144//1342 1134//1342 1145//1342
f 1145//1343 1134//1343 1135//1343
f 1145//1344 1135//1344 1146//1344
f 1146//1344 1135//1344 1136//1344
f 1146//1345 1136//1345 1147//1345
f 1147//1345 1136//1345 1137//1345
f 1147//1346 1137//1346 1148//1346
f 1148//1346 1137//1346 1138//1346
f 1148//1347 1138//1347 1149//1347
f 1149//1347 1138//1347 1139//1347
f 1149//1348 1150//1348 1148//1348
f 1148//1348 1150//1348 1151//1348
f 1148//1349 1151//1349 1147//1349
f 1147//1350 1151//1350 1152//1350
f 1147//1351 1152//1351 1146//1351
f 1146//1351 1152//1351 1153//1351
f 1146//1352 1153//1352 1145//1352
f 1145//1353 1153//1353 1154//1353
f 1145//1354 1154//1354 1144//1354
f 1144//1354 1154//1354 1155//1354
f 1144//1355 1155//1355 1143//1355
f 1143//1356 1155//1356 1156//1356
f 1143//1357 1156//1357 1142//1357
f 1142//1357 1156//1357 1157//1357
f 1142//1358 1157//1358 1141//1358
f 1141//1358 1157//1358 69//1358
f 1141//1359 69//1359 1140//1359
f 1140//1360 69//1360 68//1360
f 1150//1361 1158//1361 1151//1361
f 1151//1361 1158//1361 1159//1361
f 1151//1362 1159//1362 1152//1362
f 1152//1362 1159//1362 1160//1362
f 1152//1363 1160//1363 1153//1363
f 1153//1364 1160//1364 1161//1364
f 1153//1365 1161//1365 1154//1365
f 1154//1365 1161//1365 1162//1365
f 1154//1366 1162//1366 1155//1366
f 1155//1366 1162//1366 1163//1366
f 1155//1367 1163//1367 1156//1367
f 1156//1368 1163//1368 1164//1368
f 1156//1369 1164//1369 1157//1369
f 1157//1369 1164//1369 1165//1369
f 1157//1370 1165//1370 69//1370
f 69//1371 1165//1371 66//1371
f 69//1372 66//1372 67//1372
f 67//1373 66//1373 65//1373
f 1166//1374 64//1374 1167//1374
f 1167//1375 64//1375 66//1375
f 1167//1376 66//1376 1168//1376
f 1168//1377 66//1377 1165//1377
f 1168//1378 1165//1378 1169//1378
f 1169//1378 1165//1378 1164//1378
f 1169//1379 1164//1379 1170//1379
f 1170//1380 1164//1380 1163//1380
f 1170//1381 1163//1381 1171//1381
f 1171//1382 1163//1382 1162//1382
f 1171//1383 1162//1383 1172//1383
f 1172//1384 1162//1384 1161//1384
f 1172//1385 1161//1385 1173//1385
f 1173//1386 1161//1386 1160//1386
f 1173//1387 1160//1387 1174//1387
f 1174//1387 1160//1387 1159//1387
f 1174//1388 1159//1388 1175//1388
f 1175//1388 1159//1388 1158//1388
f 1175//1389 433//1389 1174//1389
f 1174//1390 433//1390 435//1390
f 1174//1391 435//1391 1173//1391
f 1173//1392 435//1392 437//1392
f 1173//1393 437//1393 1172//1393
f 1172//1393 437//1393 439//1393
f 1172//1394 439//1394 1171//1394
f 1171//1395 439//1395 441//1395
f 1171//1396 441//1396 1170//1396
f 1170//1396 441//1396 443//1396
f 1170//1397 443//1397 1169//1397
f 1169//1398 443//1398 445//1398
f 1169//1399 445//1399 1168//1399
f 1168//1399 445//1399 447//1399
f 1168//1400 447//1400 1167//1400
f 1167//1400 447//1400 449//1400
f 1167//1401 449//1401 1166//1401
f 1166//1402 449//1402 1176//1402
f 63//1403 62//1403 449//1403
f 449//1404 62//1404 1177//1404
f 449//1405 1177//1405 1176//1405
f 1178//1406 61//1406 1179//1406
f 1179//1407 61//1407 63//1407
f 1179//1408 63//1408 1180//1408
f 1180//1409 63//1409 448//1409
f 1180//1410 448//1410 1181//1410
f 1181//1411 448//1411 446//1411
f 1181//1412 446//1412 1182//1412
f 1182//1413 446//1413 444//1413
f 1182//1414 444//1414 1183//1414
f 1183//1414 444//1414 442//1414
f 1183//1415 442//1415 1184//1415
f 1184//1415 442//1415 440//1415
f 1184//1416 440//1416 1185//1416
f 1185//1416 440//1416 438//1416
f 1185//1417 438//1417 1186//1417
f 1186//1417 438//1417 436//1417
f 1186//1418 436//1418 1187//1418
f 1187//1418 436//1418 434//1418
f 1187//1419 1188//1419 1186//1419
f 1186//1419 1188//1419 1189//1419
f 1186//1420 1189//1420 1185//1420
f 1185//1421 1189//1421 1190//1421
f 1185//1422 1190//1422 1184//1422
f 1184//1422 1190//1422 1191//1422
f 1184//1423 1191//1423 1183//1423
f 1183//1424 1191//1424 1192//1424
f 1183//1425 1192//1425 1182//1425
f 1182//1425 1192//1425 1193//1425
f 1182//1426 1193//1426 1181//1426
f 1181//1427 1193//1427 1194//1427
f 1181//1428 1194//1428 1180//1428
f 1180//1428 1194//1428 1195//1428
f 1180//1429 1195//1429 1179//1429
f 1179//1429 1195//1429 60//1429
f 1179//1430 60//1430 1178//1430
f 1178//1430 60//1430 59//1430
f 56//1431 58//1431 57//1431
f 57//1432 58//1432 60//1432
f 57//1433 60//1433 1196//1433
f 1196//1433 60//1433 1195//1433
f 1196//1434 1195//1434 1197//1434
f 1197//1435 1195//1435 1194//1435
f 1197//1436 1194//1436 1198//1436
f 1198//1437 1194//1437 1193//1437
f 1198//1438 1193//1438 1199//1438
f 1199//1439 1193//1439 1192//1439
f 1199//1440 1192//1440 1200//1440
f 1200//1440 1192//1440 1191//1440
f 1200//1441 1191//1441 1201//1441
f 1201//1441 1191//1441 1190//1441
f 1201//1442 1190//1442 1202//1442
f 1202//1443 1190//1443 1189//1443
f 1202//1444 1189//1444 1203//1444
f 1203//1444 1189//1444 1188//1444
f 1203//1445 1204//1445 1202//1445
f 1202//1445 1204//1445 1205//1445
f 1202//1446 1205//1446 1201//1446
f 1201//1447 1205//1447 1206//1447
f 1201//1448 1206//1448 1200//1448
f 1200//1448 1206//1448 1207//1448
f 1200//1449 1207//1449 1199//1449
f 1199//1450 1207//1450 1208//1450
f 1199//1451 1208//1451 1198//1451
f 1198//1451 1208//1451 1209//1451
f 1198//1452 1209//1452 1197//1452
f 1197//1453 1209//1453 1210//1453
f 1197//1454 1210//1454 1196//1454
f 1196//1454 1210//1454 1211//1454
f 1196//1455 1211//1455 57//1455
f 57//1455 1211//1455 54//1455
f 57//1456 54//1456 55//1456
f 55//1457 54//1457 53//1457
f 1212//1458 52//1458 1213//1458
f 1213//1459 52//1459 54//1459
f 1213//1460 54//1460 1214//1460
f 1214//1461 54//1461 1211//1461
f 1214//1462 1211//1462 1215//1462
f 1215//1463 1211//1463 1210//1463
f 1215//1464 1210//1464 1216//1464
f 1216//1465 1210//1465 1209//1465
f 1216//1466 1209//1466 1217//1466
f 1217//1466 1209//1466 1208//1466
f 1217//1467 1208//1467 1218//1467
f 1218//1468 1208//1468 1207//1468
f 1218//1469 1207//1469 1219//1469
f 1219//1470 1207//1470 1206//1470
f 1219//1471 1206//1471 1220//1471
f 1220//1471 1206//1471 1205//1471
f 1220//1472 1205//1472 1221//1472
f 1221//1472 1205//1472 1204//1472
f 1221//1473 1222//1473 1220//1473
f 1220//1473 1222//1473 1223//1473
f 1220//1474 1223//1474 1219//1474
f 1219//1474 1223//1474 1224//1474
f 1219//1475 1224//1475 1218//1475
f 1218//1475 1224//1475 1225//1475
f 1218//1476 1225//1476 1217//1476
f 1217//1476 1225//1476 1226//1476
f 1217//1477 1226//1477 1216//1477
f 1216//1477 1226//1477 1227//1477
f 1216//1478 1227//1478 1215//1478
f 1215//1478 1227//1478 1228//1478
f 1215//1479 1228//1479 1214//1479
f 1214//1479 1228//1479 1229//1479
f 1214//1480 1229//1480 1213//1480
f 1213//1480 1229//1480 51//1480
f 1213//1481 51//1481 1212//1481
f 1212//1481 51//1481 50//1481
f 1222//1482 1230//1482 1223//1482
f 1223//1482 1230//1482 1231//1482
f 1223//1483 1231//1483 1224//1483
f 1224//1483 1231//1483 1232//1483
f 1224//1484 1232//1484 1225//1484
f 1225//1485 1232//1485 1233//1485
f 1225//1486 1233//1486 1226//1486
f 1226//1486 1233//1486 1234//1486
f 1226//1487 1234//1487 1227//1487
f 1227//1487 1234//1487 1235//1487
f 1227//1488 1235//1488 1228//1488
f 1228//1489 1235//1489 1236//1489
f 1228//1490 1236//1490 1229//1490
f 1229//1491 1236//1491 1237//1491
f 1229//1492 1237//1492 51//1492
f 51//1493 1237//1493 48//1493
f 51//1494 48//1494 49//1494
f 49//1495 48//1495 47//1495
f 1238//1496 46//1496 1239//1496
f 1239//1497 46//1497 48//1497
f 1239//1498 48//1498 1240//1498
f 1240//1499 48//1499 1237//1499
f 1240//1500 1237//1500 1241//1500
f 1241//1500 1237//1500 1236//1500
f 1241//1501 1236//1501 1242//1501
f 1242//1502 1236//1502 1235//1502
f 1242//1503 1235//1503 1243//1503
f 1243//1504 1235//1504 1234//1504
f 1243//1505 1234//1505 1244//1505
f 1244//1505 1234//1505 1233//1505
f 1244//1506 1233//1506 1245//1506
f 1245//1507 1233//1507 1232//1507
f 1245//1508 1232//1508 1246//1508
f 1246//1509 1232//1509 1231//1509
f 1246//1510 1231//1510 1247//1510
f 1247//1510 1231//1510 1230//1510
f 1247//1511 450//1511 1246//1511
f 1246//1511 450//1511 452//1511
f 1246//1512 452//1512 1245//1512
f 1245//1513 452//1513 454//1513
f 1245//1514 454//1514 1244//1514
f 1244//1514 454//1514 456//1514
f 1244//1515 456//1515 1243//1515
f 1243//1515 456//1515 458//1515
f 1243//1516 458//1516 1242//1516
f 1242//1516 458//1516 460//1516
f 1242//1517 460//1517 1241//1517
f 1241//1517 460//1517 462//1517
f 1241//1518 462//1518 1240//1518
f 1240//1519 462//1519 464//1519
f 1240//1520 464//1520 1239//1520
f 1239//1520 464//1520 466//1520
f 1239//1521 466//1521 1238//1521
f 1238//1522 466//1522 1248//1522
f 45//1523 44//1523 466//1523
f 466//1524 44//1524 1249//1524
f 466//1525 1249//1525 1248//1525
f 41//1526 43//1526 42//1526
f 42//1527 43//1527 45//1527
f 42//1528 45//1528 1250//1528
f 1250//1528 45//1528 465//1528
f 1250//1529 465//1529 1251//1529
f 1251//1529 465//1529 463//1529
f 1251//1530 463//1530 1252//1530
f 1252//1531 463//1531 461//1531
f 1252//1532 461//1532 1253//1532
f 1253//1532 461//1532 459//1532
f 1253//1533 459//1533 1254//1533
f 1254//1534 459//1534 457//1534
f 1254//1535 457//1535 1255//1535
f 1255//1535 457//1535 455//1535
f 1255//1536 455//1536 1256//1536
f 1256//1537 455//1537 453//1537
f 1256//1538 453//1538 1257//1538
f 1257//1538 453//1538 451//1538
f 1258//1539 40//1539 1259//1539
f 1259//1540 40//1540 42//1540
f 1259//1541 42//1541 1260//1541
f 1260//1541 42//1541 1250//1541
f 1260//1542 1250//1542 1261//1542
f 1261//1542 1250//1542 1251//1542
f 1261//1543 1251//1543 1262//1543
f 1262//1543 1251//1543 1252//1543
f 1262//1544 1252//1544 1263//1544
f 1263//1544 1252//1544 1253//1544
f 1263//1545 1253//1545 1264//1545
f 1264//1545 1253//1545 1254//1545
f 1264//1546 1254//1546 1265//1546
f 1265//1546 1254//1546 1255//1546
f 1265//1547 1255//1547 1266//1547
f 1266//1547 1255//1547 1256//1547
f 1266//1548 1256//1548 1267//1548
f 1267//1548 1256//1548 1257//1548
f 1267//1549 1268//1549 1266//1549
f 1266//1549 1268//1549 1269//1549
f 1266//1550 1269//1550 1265//1550
f 1265//1551 1269//1551 1270//1551
f 1265//1552 1270//1552 1264//1552
f 1264//1552 1270//1552 1271//1552
f 1264//1553 1271//1553 1263//1553
f 1263//1553 1271//1553 1272//1553
f 1263//1554 1272//1554 1262//1554
f 1262//1554 1272//1554 1273//1554
f 1262//1555 1273//1555 1261//1555
f 1261//1556 1273//1556 1274//1556
f 1261//1557 1274//1557 1260//1557
f 1260//1558 1274//1558 1275//1558
f 1260//1559 1275//1559 1259//1559
f 1259//1559 1275//1559 39//1559
f 1259//1560 39//1560 1258//1560
f 1258//1561 39//1561 38//1561
f 1268//1562 1276//1562 1269//1562
f 1269//1562 1276//1562 1277//1562
f 1269//1563 1277//1563 1270//1563
f 1270//1564 1277//1564 1278//1564
f 1270//1565 1278//1565 1271//1565
f 1271//1565 1278//1565 1279//1565
f 1271//1566 1279//1566 1272//1566
f 1272//1566 1279//1566 1280//1566
f 1272//1567 1280//1567 1273//1567
f 1273//1567 1280//1567 1281//1567
f 1273//1568 1281//1568 1274//1568
f 1274//1569 1281//1569 1282//1569
f 1274//1570 1282//1570 1275//1570
f 1275//1570 1282//1570 1283//1570
f 1275//1571 1283//1571 39//1571
f 39//1571 1283//1571 36//1571
f 39//1572 36//1572 37//1572
f 37//1573 36//1573 35//1573
f 1284//1574 34//1574 1285//1574
f 1285//1575 34//1575 36//1575
f 1285//1576 36//1576 1286//1576
f 1286//1576 36//1576 1283//1576
f 1286//1577 1283//1577 1287//1577
f 1287//1577 1283//1577 1282//1577
f 1287//1578 1282//1578 1288//1578
f 1288//1579 1282//1579 1281//1579
f 1288//1580 1281//1580 1289//1580
f 1289//1580 1281//1580 1280//1580
f 1289//1581 1280//1581 1290//1581
f 1290//1581 1280//1581 1279//1581
f 1290//1582 1279//1582 1291//1582
f 1291//1582 1279//1582 1278//1582
f 1291//1583 1278//1583 1292//1583
f 1292//1583 1278//1583 1277//1583
f 1292//1584 1277//1584 1293//1584
f 1293//1585 1277//1585 1276//1585
f 1293//1586 467//1586 1292//1586
f 1292//1586 467//1586 469//1586
f 1292//1587 469//1587 1291//1587
f 1291//1587 469//1587 471//1587
f 1291//1588 471//1588 1290//1588
f 1290//1589 471//1589 473//1589
f 1290//1590 473//1590 1289//1590
f 1289//1590 473//1590 475//1590
f 1289//1591 475//1591 1288//1591
f 1288//1592 475//1592 477//1592
f 1288//1593 477//1593 1287//1593
f 1287//1594 477//1594 479//1594
f 1287//1595 479//1595 1286//1595
f 1286//1595 479//1595 481//1595
f 1286//1596 481//1596 1285//1596
f 1285//1596 481//1596 483//1596
f 1285//1597 483//1597 1284//1597
f 1284//1598 483//1598 1294//1598
f 33//1599 32//1599 483//1599
f 483//1600 32//1600 1295//1600
f 483//1601 1295//1601 1294//1601
f 1296//1602 31//1602 1297//1602
f 1297//1603 31//1603 33//1603
f 1297//1604 33//1604 1298//1604
f 1298//1604 33//1604 482//1604
f 1298//1605 482//1605 1299//1605
f 1299//1606 482//1606 480//1606
f 1299//1607 480//1607 1300//1607
f 1300//1607 480//1607 478//1607
f 1300//1608 478//1608 1301//1608
f 1301//1608 478//1608 476//1608
f 1301//1609 476//1609 1302//1609
f 1302//1610 476//1610 474//1610
f 1302//1611 474//1611 1303//1611
f 1303//1611 474//1611 472//1611
f 1303//1612 472//1612 1304//1612
f 1304//1612 472//1612 470//1612
f 1304//1613 470//1613 1305//1613
f 1305//1613 470//1613 468//1613
f 1305//1614 1306//1614 1304//1614
f 1304//1614 1306//1614 1307//1614
f 1304//1615 1307//1615 1303//1615
f 1303//1615 1307//1615 1308//1615
f 1303//1616 1308//1616 1302//1616
f 1302//1617 1308//1617 1309//1617
f 1302//1618 1309//1618 1301//1618
f 1301//1618 1309//1618 1310//1618
f 1301//1619 1310//1619 1300//1619
f 1300//1620 1310//1620 1311//1620
f 1300//1621 1311//1621 1299//1621
f 1299//1621 1311//1621 1312//1621
f 1299//1622 1312//1622 1298//1622
f 1298//1622 1312//1622 1313//1622
f 1298//1623 1313//1623 1297//1623
f 1297//1623 1313//1623 30//1623
f 1297//1624 30//1624 1296//1624
f 1296//1625 30//1625 29//1625
f 26//1626 28//1626 27//1626
f 27//1627 28//1627 30//1627
f 27//1628 30//1628 1314//1628
f 1314//1628 30//1628 1313//1628
f 1314//1629 1313//1629 1315//1629
f 1315//1630 1313//1630 1312//1630
f 1315//1631 1312//1631 1316//1631
f 1316//1632 1312//1632 1311//1632
f 1316//1633 1311//1633 1317//1633
f 1317//1633 1311//1633 1310//1633
f 1317//1634 1310//1634 1318//1634
f 1318//1634 1310//1634 1309//1634
f 1318//1635 1309//1635 1319//1635
f 1319//1636 1309//1636 1308//1636
f 1319//1637 1308//1637 1320//1637
f 1320//1637 1308//1637 1307//1637
f 1320//1638 1307//1638 1321//1638
f 1321//1638 1307//1638 1306//1638
f 1321//1639 1322//1639 1320//1639
f 1320//1639 1322//1639 1323//1639
f 1320//1640 1323//1640 1319//1640
f 1319//1640 1323//1640 1324//1640
f 1319//1641 1324//1641 1318//1641
f 1318//1641 1324//1641 1325//1641
f 1318//1642 1325//1642 1317//1642
f 1317//1643 1325//1643 1326//1643
f 1317//1644 1326//1644 1316//1644
f 1316//1645 1326//1645 1327//1645
f 1316//1646 1327//1646 1315//1646
f 1315//1646 1327//1646 1328//1646
f 1315//1647 1328//1647 1314//1647
f 1314//1647 1328//1647 1329//1647
f 1314//1648 1329//1648 27//1648
f 27//1648 1329//1648 24//1648
f 27//1649 24//1649 25//1649
f 25//1650 24//1650 23//1650
f 1330//1651 22//1651 1331//1651
f 1331//1652 22//1652 24//1652
f 1331//1653 24//1653 1332//1653
f 1332//1653 24//1653 1329//1653
f 1332//1654 1329//1654 1333//1654
f 1333//1654 1329//1654 1328//1654
f 1333//1655 1328//1655 1334//1655
f 1334//1656 1328//1656 1327//1656
f 1334//1657 1327//1657 1335//1657
f 1335//1657 1327//1657 1326//1657
f 1335//1658 1326//1658 1336//1658
f 1336//1658 1326//1658 1325//1658
f 1336//1659 1325//1659 1337//1659
f 1337//1659 1325//1659 1324//1659
f 1337//1660 1324//1660 1338//1660
f 1338//1660 1324//1660 1323//1660
f 1338//1661 1323//1661 1339//1661
f 1339//1661 1323//1661 1322//1661
f 1339//1662 1340//1662 1338//1662
f 1338//1662 1340//1662 1341//1662
f 1338//1663 1341//1663 1337//1663
f 1337//1663 1341//1663 1342//1663
f 1337//1664 1342//1664 1336//1664
f 1336//1664 1342//1664 1343//1664
f 1336//1665 1343//1665 1335//1665
f 1335//1665 1343//1665 1344//1665
f 1335//1666 1344//1666 1334//1666
f 1334//1666 1344//1666 1345//1666
f 1334//1667 1345//1667 1333//1667
f 1333//1667 1345//1667 1346//1667
f 1333//1668 1346//1668 1332//1668
f 1332//1668 1346//1668 1347//1668
f 1332//1669 1347//1669 1331//1669
f 1331//1669 1347//1669 21//1669
f 1331//1670 21//1670 1330//1670
f 1330//1670 21//1670 20//1670
f 1340//1671 1348//1671 1341//1671
f 1341//1671 1348//1671 1349//1671
f 1341//1672 1349//1672 1342//1672
f 1342//1672 1349//1672 1350//1672
f 1342//1673 1350//1673 1343//1673
f 1343//1674 1350//1674 1351//1674
f 1343//1675 1351//1675 1344//1675
f 1344//1675 1351//1675 1352//1675
f 1344//1676 1352//1676 1345//1676
f 1345//1676 1352//1676 1353//1676
f 1345//1677 1353//1677 1346//1677
f 1346//1678 1353//1678 1354//1678
f 1346//1679 1354//1679 1347//1679
f 1347//1679 1354//1679 1355//1679
f 1347//1680 1355//1680 21//1680
f 21//1680 1355//1680 18//1680
f 21//1681 18//1681 19//1681
f 19//1682 18//1682 17//1682
f 1356//1683 16//1683 1357//1683
f 1357//1684 16//1684 18//1684
f 1357//1685 18//1685 1358//1685
f 1358//1685 18//1685 1355//1685
f 1358//1686 1355//1686 1359//1686
f 1359//1686 1355//1686 1354//1686
f 1359//1687 1354//1687 1360//1687
f 1360//1688 1354//1688 1353//1688
f 1360//1689 1353//1689 1361//1689
f 1361//1689 1353//1689 1352//1689
f 1361//1690 1352//1690 1362//1690
f 1362//1690 1352//1690 1351//1690
f 1362//1691 1351//1691 1363//1691
f 1363//1692 1351//1692 1350//1692
f 1363//1693 1350//1693 1364//1693
f 1364//1693 1350//1693 1349//1693
f 1364//1694 1349//1694 1365//1694
f 1365//1694 1349//1694 1348//1694
f 1365//1695 484//1695 1364//1695
f 1364//1695 484//1695 486//1695
f 1364//1696 486//1696 1363//1696
f 1363//1696 486//1696 488//1696
f 1363//1697 488//1697 1362//1697
f 1362//1697 488//1697 490//1697
f 1362//1698 490//1698 1361//1698
f 1361//1698 490//1698 492//1698
f 1361//1699 492//1699 1360//1699
f 1360//1699 492//1699 494//1699
f 1360//1700 494//1700 1359//1700
f 1359//1700 494//1700 496//1700
f 1359//1701 496//1701 1358//1701
f 1358//1701 496//1701 498//1701
f 1358//1702 498//1702 1357//1702
f 1357//1702 498//1702 500//1702
f 1357//1703 500//1703 1356//1703
f 1356//1704 500//1704 1366//1704
f 15//1705 14//1705 500//1705
f 500//1706 14//1706 1367//1706
f 500//1707 1367//1707 1366//1707
f 11//1708 13//1708 12//1708
f 12//1709 13//1709 15//1709
f 12//1710 15//1710 1368//1710
f 1368//1710 15//1710 499//1710
f 1368//1711 499//1711 1369//1711
f 1369//1712 499//1712 497//1712
f 1369//1713 497//1713 1370//1713
f 1370//1713 497//1713 495//1713
f 1370//1714 495//1714 1371//1714
f 1371//1714 495//1714 493//1714
f 1371//1715 493//1715 1372//1715
f 1372//1715 493//1715 491//1715
f 1372//1716 491//1716 1373//1716
f 1373//1717 491//1717 489//1717
f 1373//1718 489//1718 1374//1718
f 1374//1719 489//1719 487//1719
f 1374//1720 487//1720 1375//1720
f 1375//1720 487//1720 485//1720
f 1376//1721 10//1721 1377//1721
f 1377//1722 10//1722 12//1722
f 1377//1723 12//1723 1378//1723
f 1378//1723 12//1723 1368//1723
f 1378//1724 1368//1724 1379//1724
f 1379//1724 1368//1724 1369//1724
f 1379//1725 1369//1725 1380//1725
f 1380//1726 1369//1726 1370//1726
f 1380//1727 1370//1727 1381//1727
f 1381//1727 1370//1727 1371//1727
f 1381//1728 1371//1728 1382//1728
f 1382//1728 1371//1728 1372//1728
f 1382//1729 1372//1729 1383//1729
f 1383//1729 1372//1729 1373//1729
f 1383//1730 1373//1730 1384//1730
f 1384//1730 1373//1730 1374//1730
f 1384//1731 1374//1731 1385//1731
f 1385//1731 1374//1731 1375//1731
f 1385//1732 1386//1732 1384//1732
f 1384//1732 1386//1732 1387//1732
f 1384//1733 1387//1733 1383//1733
f 1383//1733 1387//1733 1388//1733
f 1383//1734 1388//1734 1382//1734
f 1382//1734 1388//1734 1389//1734
f 1382//1735 1389//1735 1381//1735
f 1381//1735 1389//1735 1390//1735
f 1381//1736 1390//1736 1380//1736
f 1380//1736 1390//1736 1391//1736
f 1380//1737 1391//1737 1379//1737
f 1379//1737 1391//1737 1392//1737
f 1379//1738 1392//1738 1378//1738
f 1378//1739 1392//1739 1393//1739
f 1378//1740 1393//1740 1377//1740
f 1377//1740 1393//1740 9//1740
f 1377//1741 9//1741 1376//1741
f 1376//1742 9//1742 8//1742
f 1386//1743 1394//1743 1387//1743
f 1387//1743 1394//1743 1395//1743
f 1387//1744 1395//1744 1388//1744
f 1388//1745 1395//1745 1396//1745
f 1388//1746 1396//1746 1389//1746
f 1389//1746 1396//1746 1397//1746
f 1389//1747 1397//1747 1390//1747
f 1390//1747 1397//1747 1398//1747
f 1390//1748 1398//1748 1391//1748
f 1391//1748 1398//1748 1399//1748
f 1391//1749 1399//1749 1392//1749
f 1392//1750 1399//1750 1400//1750
f 1392//1751 1400//1751 1393//1751
f 1393//1751 1400//1751 1401//1751
f 1393//1752 1401//1752 9//1752
f 9//1752 1401//1752 6//1752
f 9//1753 6//1753 7//1753
f 7//1754 6//1754 5//1754
f 1402//1755 4//1755 1403//1755
f 1403//1756 4//1756 6//1756
f 1403//1757 6//1757 1404//1757
f 1404//1757 6//1757 1401//1757
f 1404//1758 1401//1758 1405//1758
f 1405//1758 1401//1758 1400//1758
f 1405//1759 1400//1759 1406//1759
f 1406//1760 1400//1760 1399//1760
f 1406//1761 1399//1761 1407//1761
f 1407//1762 1399//1762 1398//1762
f 1407//1763 1398//1763 1408//1763
f 1408//1763 1398//1763 1397//1763
f 1408//1764 1397//1764 1409//1764
f 1409//1764 1397//1764 1396//1764
f 1409//1765 1396//1765 1410//1765
f 1410//1765 1396//1765 1395//1765
f 1410//1766 1395//1766 1411//1766
f 1411//1766 1395//1766 1394//1766
f 1411//1767 501//1767 1410//1767
f 1410//1767 501//1767 503//1767
f 1410//1768 503//1768 1409//1768
f 1409//1769 503//1769 505//1769
f 1409//1770 505//1770 1408//1770
f 1408//1770 505//1770 507//1770
f 1408//1771 507//1771 1407//1771
f 1407//1772 507//1772 509//1772
f 1407//1773 509//1773 1406//1773
f 1406//1773 509//1773 511//1773
f 1406//1774 511//1774 1405//1774
f 1405//1775 511//1775 513//1775
f 1405//1776 513//1776 1404//1776
f 1404//1776 513//1776 515//1776
f 1404//1777 515//1777 1403//1777
f 1403//1777 515//1777 517//1777
f 1403//1778 517//1778 1402//1778
f 1402//1779 517//1779 1412//1779
f 3//1780 2//1780 517//1780
f 517//1781 2//1781 1413//1781
f 517//1782 1413//1782 1412//1782
f 1414//1783 1//1783 1415//1783
f 1415//1784 1//1784 3//1784
f 1415//1785 3//1785 1416//1785
f 1416//1785 3//1785 516//1785
f 1416//1786 516//1786 1417//1786
f 1417//1786 516//1786 514//1786
f 1417//1787 514//1787 1418//1787
f 1418//1787 514//1787 512//1787
f 1418//1788 512//1788 1419//1788
f 1419//1789 512//1789 510//1789
f 1419//1790 510//1790 1420//1790
f 1420//1791 510//1791 508//1791
f 1420//1792 508//1792 1421//1792
f 1421//1792 508//1792 506//1792
f 1421//1793 506//1793 1422//1793
f 1422//1793 506//1793 504//1793
f 1422//1794 504//1794 1423//1794
f 1423//1794 504//1794 502//1794
f 1423//1795 1424//1795 1422//1795
f 1422//1796 1424//1796 1425//1796
f 1422//1797 1425//1797 1421//1797
f 1421//1797 1425//1797 1426//1797
f 1421//1798 1426//1798 1420//1798
f 1420//1798 1426//1798 1427//1798
f 1420//1799 1427//1799 1419//1799
f 1419//1799 1427//1799 1428//1799
f 1419//1800 1428//1800 1418//1800
f 1418//1800 1428//1800 1429//1800
f 1418//1801 1429//1801 1417//1801
f 1417//1802 1429//1802 1430//1802
f 1417//1803 1430//1803 1416//1803
f 1416//1803 1430//1803 1431//1803
f 1416//1804 1431//1804 1415//1804
f 1415//1804 1431//1804 1432//1804
f 1415//1805 1432//1805 1414//1805
f 1414//1805 1432//1805 1433//1805
f 1434//1806 1435//1806 1436//1806
f 1437//1807 1438//1807 1439//1807
f 1440//1808 1441//1808 1442//1808
f 1443//1809 1444//1809 1445//1809
f 1446//1810 1447//1810 1448//1810
f 1449//1811 1450//1811 1451//1811
f 1452//1812 1453//1812 1454//1812
f 1455//1813 1456//1813 1457//1813
f 1458//1814 1459//1814 1460//1814
f 1461//1815 1462//1815 1463//1815
f 1464//1816 1465//1816 1466//1816
f 1467//1817 1468//1817 1469//1817
f 1470//1818 1471//1818 1472//1818
f 1473//1819 1474//1819 1475//1819
f 1476//1820 1477//1820 1478//1820
f 1479//1821 1480//1821 1481//1821
f 1482//1822 1483//1822 1484//1822
f 1485//1823 1486//1823 1487//1823
f 1488//1824 1489//1824 1490//1824
f 1491//1825 1492//1825 1493//1825
f 1494//1826 1495//1826 1496//1826
f 1497//1827 1498//1827 1499//1827
f 1500//1828 1501//1828 1502//1828
f 1503//1829 1504//1829 1505//1829
f 1506//1830 1507//1830 1508//1830
f 1509//1831 1510//1831 1511//1831
f 1512//1832 1513//1832 1514//1832
f 1515//1833 1516//1833 1517//1833
f 1518//1834 1519//1834 1520//1834
f 1521//1835 1522//1835 1523//1835
f 1524//1836 1525//1836 1526//1836
f 1527//1837 1528//1837 1529//1837
f 1530//1838 1531//1838 1532//1838
f 1533//1839 1534//1839 1535//1839
f 1536//1840 1537//1840 1538//1840
f 1539//1841 1540//1841 1541//1841
f 1542//1842 1543//1842 1544//1842
f 1545//1843 1546//1843 1547//1843
f 1548//1844 1549//1844 1550//1844
f 1551//1845 1552//1845 1553//1845
f 1554//1846 1555//1846 1556//1846
f 1557//1847 1558//1847 1559//1847
f 1560//1848 1561//1848 1562//1848
f 1563//1849 1564//1849 1565//1849
f 1566//1850 1567//1850 1568//1850
f 1569//1851 1570//1851 1571//1851
f 1572//1852 1573//1852 1574//1852
f 1575//1853 1576//1853 1577//1853
f 1578//1854 1579//1854 1580//1854
f 1581//1855 1582//1855 1583//1855
f 1584//1856 1585//1856 1586//1856
f 1587//1857 1588//1857 1589//1857
f 1590//1858 1591//1858 1592//1858
f 1593//1859 1594//1859 1595//1859
f 1596//1860 1597//1860 1598//1860
f 1599//1861 1600//1861 1601//1861
f 1602//1862 1603//1862 1604//1862
f 1605//1863 1606//1863 1607//1863
f 1608//1864 1609//1864 1610//1864
f 1611//1865 1612//1865 1613//1865
f 1614//1866 1615//1866 1616//1866
f 1617//1867 1618//1867 1619//1867
f 1620//1868 1621//1868 1622//1868
f 1623//1869 1624//1869 1625//1869
f 1626//1870 1627//1870 1628//1870
f 1629//1871 1630//1871 1631//1871
f 1632//1872 1633//1872 1634//1872
f 1635//1873 1636//1873 1637//1873
f 1638//1874 1639//1874 1640//1874
f 1641//1875 1642//1875 1643//1875
f 1644//1876 1645//1876 1646//1876
f 1647//1877 1648//1877 1649//1877
f 1650//1878 1651//1878 1652//1878
f 1653//1879 1654//1879 1655//1879
f 1656//1880 1657//1880 1658//1880
f 1659//1881 1660//1881 1661//1881
f 1662//1882 1663//1882 1664//1882
f 1664//1882 1663//1882 1665//1882
f 1664//1883 1665//1883 1666//1883
f 1666//1883 1665//1883 1667//1883
f 1666//1884 1667//1884 1668//1884
f 1668//1884 1667//1884 1669//1884
f 1668//1885 1669//1885 1670//1885
f 1670//1885 1669//1885 1671//1885
f 1670//1886 1671//1886 1672//1886
f 1672//1886 1671//1886 1673//1886
f 1672//1887 1673//1887 1674//1887
f 1674//1888 1673//1888 1675//1888
f 1674//1889 1675//1889 1676//1889
f 1676//1889 1675//1889 1677//1889
f 1676//1890 1677//1890 1678//1890
f 1678//1890 1677//1890 1649//1890
f 1679//1891 1680//1891 1681//1891
f 1681//1891 1680//1891 1682//1891
f 1681//1892 1682//1892 1683//1892
f 1683//1892 1682//1892 1684//1892
f 1683//1893 1684//1893 1685//1893
f 1685//1893 1684//1893 1686//1893
f 1685//1894 1686//1894 1687//1894
f 1687//1894 1686//1894 1688//1894
f 1687//1895 1688//1895 1689//1895
f 1689//1895 1688//1895 1690//1895
f 1689//1896 1690//1896 1691//1896
f 1691//1897 1690//1897 1692//1897
f 1691//1898 1692//1898 1693//1898
f 1693//1898 1692//1898 1694//1898
f 1693//1899 1694//1899 1695//1899
f 1695//1899 1694//1899 1637//1899
f 1696//1900 1697//1900 1698//1900
f 1698//1900 1697//1900 1699//1900
f 1698//1901 1699//1901 1700//1901
f 1700//1901 1699//1901 1701//1901
f 1700//1902 1701//1902 1702//1902
f 1702//1902 1701//1902 1703//1902
f 1702//1903 1703//1903 1704//1903
f 1704//1903 1703//1903 1705//1903
f 1704//1904 1705//1904 1706//1904
f 1706//1904 1705//1904 1707//1904
f 1706//1905 1707//1905 1708//1905
f 1708//1906 1707//1906 1709//1906
f 1708//1907 1709//1907 1710//1907
f 1710//1907 1709//1907 1711//1907
f 1710//1908 1711//1908 1712//1908
f 1712//1908 1711//1908 1625//1908
f 1713//1909 1714//1909 1715//1909
f 1715//1909 1714//1909 1716//1909
f 1715//1910 1716//1910 1717//1910
f 1717//1910 1716//1910 1718//1910
f 1717//1911 1718//1911 1719//1911
f 1719//1911 1718//1911 1720//1911
f 1719//1912 1720//1912 1721//1912
f 1721//1912 1720//1912 1722//1912
f 1721//1913 1722//1913 1723//1913
f 1723//1913 1722//1913 1724//1913
f 1723//1914 1724//1914 1725//1914
f 1725//1915 1724//1915 1726//1915
f 1725//1916 1726//1916 1727//1916
f 1727//1917 1726//1917 1728//1917
f 1727//1918 1728//1918 1729//1918
f 1729//1918 1728//1918 1622//1918
f 1730//1919 1731//1919 1732//1919
f 1732//1919 1731//1919 1733//1919
f 1732//1920 1733//1920 1734//1920
f 1734//1920 1733//1920 1735//1920
f 1734//1921 1735//1921 1736//1921
f 1736//1922 1735//1922 1737//1922
f 1736//1923 1737//1923 1738//1923
f 1738//1923 1737//1923 1739//1923
f 1738//1924 1739//1924 1740//1924
f 1740//1925 1739//1925 1741//1925
f 1740//1926 1741//1926 1742//1926
f 1742//1927 1741//1927 1743//1927
f 1742//1928 1743//1928 1744//1928
f 1744//1929 1743//1929 1745//1929
f 1744//1930 1745//1930 1746//1930
f 1746//1931 1745//1931 1610//1931
f 1747//1932 1748//1932 1749//1932
f 1749//1932 1748//1932 1750//1932
f 1749//1933 1750//1933 1751//1933
f 1751//1934 1750//1934 1752//1934
f 1751//1935 1752//1935 1753//1935
f 1753//1935 1752//1935 1754//1935
f 1753//1936 1754//1936 1755//1936
f 1755//1937 1754//1937 1756//1937
f 1755//1938 1756//1938 1757//1938
f 1757//1939 1756//1939 1758//1939
f 1757//1940 1758//1940 1759//1940
f 1759//1941 1758//1941 1760//1941
f 1759//1942 1760//1942 1761//1942
f 1761//1942 1760//1942 1762//1942
f 1761//1943 1762//1943 1763//1943
f 1763//1944 1762//1944 1598//1944
f 1764//1945 1765//1945 1766//1945
f 1766//1946 1765//1946 1767//1946
f 1766//1947 1767//1947 1768//1947
f 1768//1947 1767//1947 1769//1947
f 1768//1948 1769//1948 1770//1948
f 1770//1949 1769//1949 1771//1949
f 1770//1950 1771//1950 1772//1950
f 1772//1951 1771//1951 1773//1951
f 1772//1952 1773//1952 1774//1952
f 1774//1953 1773//1953 1775//1953
f 1774//1954 1775//1954 1776//1954
f 1776//1955 1775//1955 1777//1955
f 1776//1956 1777//1956 1778//1956
f 1778//1957 1777//1957 1779//1957
f 1778//1958 1779//1958 1780//1958
f 1780//1959 1779//1959 1580//1959
f 1781//1960 1782//1960 1783//1960
f 1783//1960 1782//1960 1784//1960
f 1783//1961 1784//1961 1785//1961
f 1785//1962 1784//1962 1786//1962
f 1785//1963 1786//1963 1787//1963
f 1787//1963 1786//1963 1788//1963
f 1787//1964 1788//1964 1789//1964
f 1789//1964 1788//1964 1790//1964
f 1789//1965 1790//1965 1791//1965
f 1791//1966 1790//1966 1792//1966
f 1791//1967 1792//1967 1793//1967
f 1793//1968 1792//1968 1794//1968
f 1793//1969 1794//1969 1795//1969
f 1795//1970 1794//1970 1796//1970
f 1795//1971 1796//1971 1797//1971
f 1797//1972 1796//1972 1568//1972
f 1798//1973 1799//1973 1800//1973
f 1800//1973 1799//1973 1801//1973
f 1800//1974 1801//1974 1802//1974
f 1802//1975 1801//1975 1803//1975
f 1802//1976 1803//1976 1804//1976
f 1804//1977 1803//1977 1805//1977
f 1804//1978 1805//1978 1806//1978
f 1806//1979 1805//1979 1807//1979
f 1806//1980 1807//1980 1808//1980
f 1808//1980 1807//1980 1809//1980
f 1808//1981 1809//1981 1810//1981
f 1810//1982 1809//1982 1811//1982
f 1810//1983 1811//1983 1812//1983
f 1812//1984 1811//1984 1813//1984
f 1812//1985 1813//1985 1814//1985
f 1814//1986 1813//1986 1550//1986
f 1815//1987 1816//1987 1817//1987
f 1817//1987 1816//1987 1818//1987
f 1817//1988 1818//1988 1819//1988
f 1819//1988 1818//1988 1820//1988
f 1819//1989 1820//1989 1821//1989
f 1821//1989 1820//1989 1822//1989
f 1821//1990 1822//1990 1823//1990
f 1823//1990 1822//1990 1824//1990
f 1823//1991 1824//1991 1825//1991
f 1825//1992 1824//1992 1826//1992
f 1825//1993 1826//1993 1827//1993
f 1827//1994 1826//1994 1828//1994
f 1827//1995 1828//1995 1829//1995
f 1829//1995 1828//1995 1830//1995
f 1829//1996 1830//1996 1831//1996
f 1831//1997 1830//1997 1538//1997
f 1832//1998 1833//1998 1834//1998
f 1834//1998 1833//1998 1835//1998
f 1834//1999 1835//1999 1836//1999
f 1836//1999 1835//1999 1837//1999
f 1836//2000 1837//2000 1838//2000
f 1838//2000 1837//2000 1839//2000
f 1838//2001 1839//2001 1840//2001
f 1840//2001 1839//2001 1841//2001
f 1840//2002 1841//2002 1842//2002
f 1842//2003 1841//2003 1843//2003
f 1842//2004 1843//2004 1844//2004
f 1844//2005 1843//2005 1845//2005
f 1844//2006 1845//2006 1846//2006
f 1846//2007 1845//2007 1847//2007
f 1846//2008 1847//2008 1848//2008
f 1848//2008 1847//2008 1520//2008
f 1849//2009 1850//2009 1851//2009
f 1851//2009 1850//2009 1852//2009
f 1851//2010 1852//2010 1853//2010
f 1853//2010 1852//2010 1854//2010
f 1853//2011 1854//2011 1855//2011
f 1855//2011 1854//2011 1856//2011
f 1855//2012 1856//2012 1857//2012
f 1857//2012 1856//2012 1858//2012
f 1857//2013 1858//2013 1859//2013
f 1859//2014 1858//2014 1860//2014
f 1859//2015 1860//2015 1861//2015
f 1861//2016 1860//2016 1862//2016
f 1861//2017 1862//2017 1863//2017
f 1863//2017 1862//2017 1864//2017
f 1863//2018 1864//2018 1865//2018
f 1865//2019 1864//2019 1508//2019
f 1866//2020 1867//2020 1868//2020
f 1868//2020 1867//2020 1869//2020
f 1868//2021 1869//2021 1870//2021
f 1870//2022 1869//2022 1871//2022
f 1870//2023 1871//2023 1872//2023
f 1872//2024 1871//2024 1873//2024
f 1872//2025 1873//2025 1874//2025
f 1874//2026 1873//2026 1875//2026
f 1874//2027 1875//2027 1876//2027
f 1876//2028 1875//2028 1877//2028
f 1876//2029 1877//2029 1878//2029
f 1878//2030 1877//2030 1879//2030
f 1878//2031 1879//2031 1880//2031
f 1880//2032 1879//2032 1881//2032
f 1880//2033 1881//2033 1882//2033
f 1882//2033 1881//2033 1496//2033
f 1883//2034 1884//2034 1885//2034
f 1885//2034 1884//2034 1886//2034
f 1885//2035 1886//2035 1887//2035
f 1887//2036 1886//2036 1888//2036
f 1887//2037 1888//2037 1889//2037
f 1889//2037 1888//2037 1890//2037
f 1889//2038 1890//2038 1891//2038
f 1891//2039 1890//2039 1892//2039
f 1891//2040 1892//2040 1893//2040
f 1893//2040 1892//2040 1894//2040
f 1893//2041 1894//2041 1895//2041
f 1895//2042 1894//2042 1896//2042
f 1895//2043 1896//2043 1897//2043
f 1897//2043 1896//2043 1898//2043
f 1897//2044 1898//2044 1899//2044
f 1899//2044 1898//2044 1478//2044
f 1900//2045 1901//2045 1902//2045
f 1902//2045 1901//2045 1903//2045
f 1902//2046 1903//2046 1904//2046
f 1904//2047 1903//2047 1905//2047
f 1904//2048 1905//2048 1906//2048
f 1906//2048 1905//2048 1907//2048
f 1906//2049 1907//2049 1908//2049
f 1908//2049 1907//2049 1909//2049
f 1908//2050 1909//2050 1910//2050
f 1910//2050 1909//2050 1911//2050
f 1910//2051 1911//2051 1912//2051
f 1912//2051 1911//2051 1913//2051
f 1912//2052 1913//2052 1914//2052
f 1914//2052 1913//2052 1915//2052
f 1914//2053 1915//2053 1916//2053
f 1916//2053 1915//2053 1466//2053
f 1917//2054 1918//2054 1919//2054
f 1919//2054 1918//2054 1920//2054
f 1919//2055 1920//2055 1921//2055
f 1921//2056 1920//2056 1922//2056
f 1921//2057 1922//2057 1923//2057
f 1923//2058 1922//2058 1924//2058
f 1923//2059 1924//2059 1925//2059
f 1925//2059 1924//2059 1926//2059
f 1925//2060 1926//2060 1927//2060
f 1927//2061 1926//2061 1928//2061
f 1927//2062 1928//2062 1929//2062
f 1929//2063 1928//2063 1930//2063
f 1929//2064 1930//2064 1931//2064
f 1931//2064 1930//2064 1932//2064
f 1931//2065 1932//2065 1933//2065
f 1933//2065 1932//2065 1448//2065
f 1934//2066 1935//2066 1936//2066
f 1936//2066 1935//2066 1937//2066
f 1936//2067 1937//2067 1938//2067
f 1938//2067 1937//2067 1939//2067
f 1938//2068 1939//2068 1940//2068
f 1940//2068 1939//2068 1941//2068
f 1940//2069 1941//2069 1942//2069
f 1942//2069 1941//2069 1943//2069
f 1942//2070 1943//2070 1944//2070
f 1944//2070 1943//2070 1945//2070
f 1944//2071 1945//2071 1946//2071
f 1946//2071 1945//2071 1947//2071
f 1946//2072 1947//2072 1948//2072
f 1948//2072 1947//2072 1949//2072
f 1948//2073 1949//2073 1950//2073
f 1950//2074 1949//2074 1436//2074
f 1951//2075 1952//2075 1953//2075
f 1953//2076 1952//2076 1954//2076
f 1953//2077 1954//2077 1955//2077
f 1955//2077 1954//2077 1956//2077
f 1955//2078 1956//2078 1957//2078
f 1957//2078 1956//2078 1958//2078
f 1957//2079 1958//2079 1959//2079
f 1959//2079 1958//2079 1960//2079
f 1959//2080 1960//2080 1961//2080
f 1961//2080 1960//2080 1962//2080
f 1961//2081 1962//2081 1963//2081
f 1963//2081 1962//2081 1964//2081
f 1963//2082 1964//2082 1965//2082
f 1965//2082 1964//2082 1966//2082
f 1965//2083 1966//2083 1967//2083
f 1967//2083 1966//2083 1661//2083
f 1967//2084 1661//2084 1968//2084
f 1968//2084 1661//2084 1660//2084
f 1952//2085 1969//2085 1954//2085
f 1954//2085 1969//2085 1970//2085
f 1954//2086 1970//2086 1956//2086
f 1956//2086 1970//2086 1971//2086
f 1956//2087 1971//2087 1958//2087
f 1958//2087 1971//2087 1972//2087
f 1958//2088 1972//2088 1960//2088
f 1960//2089 1972//2089 1973//2089
f 1960//2090 1973//2090 1962//2090
f 1962//2090 1973//2090 1974//2090
f 1962//2091 1974//2091 1964//2091
f 1964//2091 1974//2091 1975//2091
f 1964//2092 1975//2092 1966//2092
f 1966//2092 1975//2092 1976//2092
f 1966//2093 1976//2093 1661//2093
f 1661//2093 1976//2093 1658//2093
f 1661//2094 1658//2094 1659//2094
f 1659//2095 1658//2095 1657//2095
f 1977//2096 1656//2096 1978//2096
f 1978//2097 1656//2097 1658//2097
f 1978//2098 1658//2098 1979//2098
f 1979//2099 1658//2099 1976//2099
f 1979//2100 1976//2100 1980//2100
f 1980//2100 1976//2100 1975//2100
f 1980//2101 1975//2101 1981//2101
f 1981//2101 1975//2101 1974//2101
f 1981//2102 1974//2102 1982//2102
f 1982//2102 1974//2102 1973//2102
f 1982//2103 1973//2103 1983//2103
f 1983//2103 1973//2103 1972//2103
f 1983//2104 1972//2104 1984//2104
f 1984//2104 1972//2104 1971//2104
f 1984//2105 1971//2105 1985//2105
f 1985//2105 1971//2105 1970//2105
f 1985//2106 1970//2106 1986//2106
f 1986//2106 1970//2106 1969//2106
f 1986//2107 1987//2107 1985//2107
f 1985//2107 1987//2107 1988//2107
f 1985//2108 1988//2108 1984//2108
f 1984//2108 1988//2108 1989//2108
f 1984//2109 1989//2109 1983//2109
f 1983//2109 1989//2109 1990//2109
f 1983//2110 1990//2110 1982//2110
f 1982//2110 1990//2110 1991//2110
f 1982//2111 1991//2111 1981//2111
f 1981//2111 1991//2111 1992//2111
f 1981//2112 1992//2112 1980//2112
f 1980//2113 1992//2113 1993//2113
f 1980//2114 1993//2114 1979//2114
f 1979//2114 1993//2114 1994//2114
f 1979//2115 1994//2115 1978//2115
f 1978//2115 1994//2115 1655//2115
f 1978//2116 1655//2116 1977//2116
f 1977//2117 1655//2117 1654//2117
f 1987//2118 1995//2118 1988//2118
f 1988//2118 1995//2118 1996//2118
f 1988//2119 1996//2119 1989//2119
f 1989//2119 1996//2119 1997//2119
f 1989//2120 1997//2120 1990//2120
f 1990//2120 1997//2120 1998//2120
f 1990//2121 1998//2121 1991//2121
f 1991//2122 1998//2122 1999//2122
f 1991//2123 1999//2123 1992//2123
f 1992//2124 1999//2124 2000//2124
f 1992//2125 2000//2125 1993//2125
f 1993//2126 2000//2126 2001//2126
f 1993//2127 2001//2127 1994//2127
f 1994//2128 2001//2128 2002//2128
f 1994//2129 2002//2129 1655//2129
f 1655//2129 2002//2129 1652//2129
f 1655//2130 1652//2130 1653//2130
f 1653//2131 1652//2131 1651//2131
f 2003//2132 1650//2132 2004//2132
f 2004//2133 1650//2133 1652//2133
f 2004//2134 1652//2134 2005//2134
f 2005//2134 1652//2134 2002//2134
f 2005//2135 2002//2135 2006//2135
f 2006//2135 2002//2135 2001//2135
f 2006//2136 2001//2136 2007//2136
f 2007//2137 2001//2137 2000//2137
f 2007//2138 2000//2138 2008//2138
f 2008//2138 2000//2138 1999//2138
f 2008//2139 1999//2139 2009//2139
f 2009//2139 1999//2139 1998//2139
f 2009//2140 1998//2140 2010//2140
f 2010//2140 1998//2140 1997//2140
f 2010//2141 1997//2141 2011//2141
f 2011//2142 1997//2142 1996//2142
f 2011//2143 1996//2143 2012//2143
f 2012//2143 1996//2143 1995//2143
f 2012//2144 1662//2144 2011//2144
f 2011//2144 1662//2144 1664//2144
f 2011//2145 1664//2145 2010//2145
f 2010//2145 1664//2145 1666//2145
f 2010//2146 1666//2146 2009//2146
f 2009//2146 1666//2146 1668//2146
f 2009//2147 1668//2147 2008//2147
f 2008//2148 1668//2148 1670//2148
f 2008//2149 1670//2149 2007//2149
f 2007//2149 1670//2149 1672//2149
f 2007//2150 1672//2150 2006//2150
f 2006//2150 1672//2150 1674//2150
f 2006//2151 1674//2151 2005//2151
f 2005//2152 1674//2152 1676//2152
f 2005//2153 1676//2153 2004//2153
f 2004//2153 1676//2153 1678//2153
f 2004//2154 1678//2154 2003//2154
f 2003//2155 1678//2155 2013//2155
f 1649//2156 1648//2156 1678//2156
f 1678//2157 1648//2157 2014//2157
f 1678//2158 2014//2158 2013//2158
f 1663//2159 2015//2159 1665//2159
f 1665//2159 2015//2159 2016//2159
f 1665//2160 2016//2160 1667//2160
f 1667//2160 2016//2160 2017//2160
f 1667//2161 2017//2161 1669//2161
f 1669//2162 2017//2162 2018//2162
f 1669//2163 2018//2163 1671//2163
f 1671//2163 2018//2163 2019//2163
f 1671//2164 2019//2164 1673//2164
f 1673//2164 2019//2164 2020//2164
f 1673//2165 2020//2165 1675//2165
f 1675//2165 2020//2165 2021//2165
f 1675//2166 2021//2166 1677//2166
f 1677//2166 2021//2166 2022//2166
f 1677//2167 2022//2167 1649//2167
f 1649//2167 2022//2167 1646//2167
f 1649//2168 1646//2168 1647//2168
f 1647//2169 1646//2169 1645//2169
f 2023//2170 1644//2170 2024//2170
f 2024//2171 1644//2171 1646//2171
f 2024//2172 1646//2172 2025//2172
f 2025//2172 1646//2172 2022//2172
f 2025//2173 2022//2173 2026//2173
f 2026//2173 2022//2173 2021//2173
f 2026//2174 2021//2174 2027//2174
f 2027//2175 2021//2175 2020//2175
f 2027//2176 2020//2176 2028//2176
f 2028//2177 2020//2177 2019//2177
f 2028//2178 2019//2178 2029//2178
f 2029//2179 2019//2179 2018//2179
f 2029//2180 2018//2180 2030//2180
f 2030//2180 2018//2180 2017//2180
f 2030//2181 2017//2181 2031//2181
f 2031//2182 2017//2182 2016//2182
f 2031//2183 2016//2183 2032//2183
f 2032//2183 2016//2183 2015//2183
f 2032//2184 2033//2184 2031//2184
f 2031//2184 2033//2184 2034//2184
f 2031//2185 2034//2185 2030//2185
f 2030//2185 2034//2185 2035//2185
f 2030//2186 2035//2186 2029//2186
f 2029//2186 2035//2186 2036//2186
f 2029//2187 2036//2187 2028//2187
f 2028//2188 2036//2188 2037//2188
f 2028//2189 2037//2189 2027//2189
f 2027//2189 2037//2189 2038//2189
f 2027//2190 2038//2190 2026//2190
f 2026//2190 2038//2190 2039//2190
f 2026//2191 2039//2191 2025//2191
f 2025//2191 2039//2191 2040//2191
f 2025//2192 2040//2192 2024//2192
f 2024//2192 2040//2192 1643//2192
f 2024//2193 1643//2193 2023//2193
f 2023//2194 1643//2194 1642//2194
f 2033//2195 2041//2195 2034//2195
f 2034//2195 2041//2195 2042//2195
f 2034//2196 2042//2196 2035//2196
f 2035//2196 2042//2196 2043//2196
f 2035//2197 2043//2197 2036//2197
f 2036//2198 2043//2198 2044//2198
f 2036//2199 2044//2199 2037//2199
f 2037//2199 2044//2199 2045//2199
f 2037//2200 2045//2200 2038//2200
f 2038//2200 2045//2200 2046//2200
f 2038//2201 2046//2201 2039//2201
f 2039//2202 2046//2202 2047//2202
f 2039//2203 2047//2203 2040//2203
f 2040//2203 2047//2203 2048//2203
f 2040//2204 2048//2204 1643//2204
f 1643//2204 2048//2204 1640//2204
f 1643//2205 1640//2205 1641//2205
f 1641//2206 1640//2206 1639//2206
f 2049//2207 1638//2207 2050//2207
f 2050//2208 1638//2208 1640//2208
f 2050//2209 1640//2209 2051//2209
f 2051//2209 1640//2209 2048//2209
f 2051//2210 2048//2210 2052//2210
f 2052//2210 2048//2210 2047//2210
f 2052//2211 2047//2211 2053//2211
f 2053//2212 2047//2212 2046//2212
f 2053//2213 2046//2213 2054//2213
f 2054//2213 2046//2213 2045//2213
f 2054//2214 2045//2214 2055//2214
f 2055//2214 2045//2214 2044//2214
f 2055//2215 2044//2215 2056//2215
f 2056//2215 2044//2215 2043//2215
f 2056//2216 2043//2216 2057//2216
f 2057//2216 2043//2216 2042//2216
f 2057//2217 2042//2217 2058//2217
f 2058//2217 2042//2217 2041//2217
f 2058//2218 1679//2218 2057//2218
f 2057//2218 1679//2218 1681//2218
f 2057//2219 1681//2219 2056//2219
f 2056//2219 1681//2219 1683//2219
f 2056//2220 1683//2220 2055//2220
f 2055//2220 1683//2220 1685//2220
f 2055//2221 1685//2221 2054//2221
f 2054//2221 1685//2221 1687//2221
f 2054//2222 1687//2222 2053//2222
f 2053//2222 1687//2222 1689//2222
f 2053//2223 1689//2223 2052//2223
f 2052//2224 1689//2224 1691//2224
f 2052//2225 1691//2225 2051//2225
f 2051//2225 1691//2225 1693//2225
f 2051//2226 1693//2226 2050//2226
f 2050//2226 1693//2226 1695//2226
f 2050//2227 1695//2227 2049//2227
f 2049//2227 1695//2227 2059//2227
f 1637//2228 1636//2228 1695//2228
f 1695//2229 1636//2229 2060//2229
f 1695//2230 2060//2230 2059//2230
f 1633//2231 1635//2231 1634//2231
f 1634//2232 1635//2232 1637//2232
f 1634//2233 1637//2233 2061//2233
f 2061//2233 1637//2233 1694//2233
f 2061//2234 1694//2234 2062//2234
f 2062//2234 1694//2234 1692//2234
f 2062//2235 1692//2235 2063//2235
f 2063//2235 1692//2235 1690//2235
f 2063//2236 1690//2236 2064//2236
f 2064//2237 1690//2237 1688//2237
f 2064//2238 1688//2238 2065//2238
f 2065//2239 1688//2239 1686//2239
f 2065//2240 1686//2240 2066//2240
f 2066//2240 1686//2240 1684//2240
f 2066//2241 1684//2241 2067//2241
f 2067//2241 1684//2241 1682//2241
f 2067//2242 1682//2242 2068//2242
f 2068//2242 1682//2242 1680//2242
f 2069//2243 1632//2243 2070//2243
f 2070//2244 1632//2244 1634//2244
f 2070//2245 1634//2245 2071//2245
f 2071//2245 1634//2245 2061//2245
f 2071//2246 2061//2246 2072//2246
f 2072//2246 2061//2246 2062//2246
f 2072//2247 2062//2247 2073//2247
f 2073//2248 2062//2248 2063//2248
f 2073//2249 2063//2249 2074//2249
f 2074//2249 2063//2249 2064//2249
f 2074//2250 2064//2250 2075//2250
f 2075//2250 2064//2250 2065//2250
f 2075//2251 2065//2251 2076//2251
f 2076//2252 2065//2252 2066//2252
f 2076//2253 2066//2253 2077//2253
f 2077//2253 2066//2253 2067//2253
f 2077//2254 2067//2254 2078//2254
f 2078//2254 2067//2254 2068//2254
f 2078//2255 2079//2255 2077//2255
f 2077//2255 2079//2255 2080//2255
f 2077//2256 2080//2256 2076//2256
f 2076//2256 2080//2256 2081//2256
f 2076//2257 2081//2257 2075//2257
f 2075//2258 2081//2258 2082//2258
f 2075//2259 2082//2259 2074//2259
f 2074//2259 2082//2259 2083//2259
f 2074//2260 2083//2260 2073//2260
f 2073//2260 2083//2260 2084//2260
f 2073//2261 2084//2261 2072//2261
f 2072//2262 2084//2262 2085//2262
f 2072//2263 2085//2263 2071//2263
f 2071//2263 2085//2263 2086//2263
f 2071//2264 2086//2264 2070//2264
f 2070//2264 2086//2264 1631//2264
f 2070//2265 1631//2265 2069//2265
f 2069//2266 1631//2266 1630//2266
f 2079//2267 2087//2267 2080//2267
f 2080//2267 2087//2267 2088//2267
f 2080//2268 2088//2268 2081//2268
f 2081//2268 2088//2268 2089//2268
f 2081//2269 2089//2269 2082//2269
f 2082//2269 2089//2269 2090//2269
f 2082//2270 2090//2270 2083//2270
f 2083//2270 2090//2270 2091//2270
f 2083//2271 2091//2271 2084//2271
f 2084//2271 2091//2271 2092//2271
f 2084//2272 2092//2272 2085//2272
f 2085//2272 2092//2272 2093//2272
f 2085//2273 2093//2273 2086//2273
f 2086//2273 2093//2273 2094//2273
f 2086//2274 2094//2274 1631//2274
f 1631//2274 2094//2274 1628//2274
f 1631//2275 1628//2275 1629//2275
f 1629//2276 1628//2276 1627//2276
f 2095//2277 1626//2277 2096//2277
f 2096//2278 1626//2278 1628//2278
f 2096//2279 1628//2279 2097//2279
f 2097//2280 1628//2280 2094//2280
f 2097//2281 2094//2281 2098//2281
f 2098//2281 2094//2281 2093//2281
f 2098//2282 2093//2282 2099//2282
f 2099//2283 2093//2283 2092//2283
f 2099//2284 2092//2284 2100//2284
f 2100//2285 2092//2285 2091//2285
f 2100//2286 2091//2286 2101//2286
f 2101//2287 2091//2287 2090//2287
f 2101//2288 2090//2288 2102//2288
f 2102//2288 2090//2288 2089//2288
f 2102//2289 2089//2289 2103//2289
f 2103//2290 2089//2290 2088//2290
f 2103//2291 2088//2291 2104//2291
f 2104//2291 2088//2291 2087//2291
f 2104//2292 1696//2292 2103//2292
f 2103//2292 1696//2292 1698//2292
f 2103//2293 1698//2293 2102//2293
f 2102//2293 1698//2293 1700//2293
f 2102//2294 1700//2294 2101//2294
f 2101//2295 1700//2295 1702//2295
f 2101//2296 1702//2296 2100//2296
f 2100//2296 1702//2296 1704//2296
f 2100//2297 1704//2297 2099//2297
f 2099//2297 1704//2297 1706//2297
f 2099//2298 1706//2298 2098//2298
f 2098//2299 1706//2299 1708//2299
f 2098//2300 1708//2300 2097//2300
f 2097//2300 1708//2300 1710//2300
f 2097//2301 1710//2301 2096//2301
f 2096//2301 1710//2301 1712//2301
f 2096//2302 1712//2302 2095//2302
f 2095//2303 1712//2303 2105//2303
f 1625//2304 1624//2304 1712//2304
f 1712//2305 1624//2305 2106//2305
f 1712//2306 2106//2306 2105//2306
f 2107//2307 1623//2307 2108//2307
f 2108//2308 1623//2308 1625//2308
f 2108//2309 1625//2309 2109//2309
f 2109//2309 1625//2309 1711//2309
f 2109//2310 1711//2310 2110//2310
f 2110//2310 1711//2310 1709//2310
f 2110//2311 1709//2311 2111//2311
f 2111//2312 1709//2312 1707//2312
f 2111//2313 1707//2313 2112//2313
f 2112//2313 1707//2313 1705//2313
f 2112//2314 1705//2314 2113//2314
f 2113//2314 1705//2314 1703//2314
f 2113//2315 1703//2315 2114//2315
f 2114//2315 1703//2315 1701//2315
f 2114//2316 1701//2316 2115//2316
f 2115//2316 1701//2316 1699//2316
f 2115//2317 1699//2317 2116//2317
f 2116//2317 1699//2317 1697//2317
f 2116//2318 1713//2318 2115//2318
f 2115//2318 1713//2318 1715//2318
f 2115//2319 1715//2319 2114//2319
f 2114//2319 1715//2319 1717//2319
f 2114//2320 1717//2320 2113//2320
f 2113//2320 1717//2320 1719//2320
f 2113//2321 1719//2321 2112//2321
f 2112//2321 1719//2321 1721//2321
f 2112//2322 1721//2322 2111//2322
f 2111//2323 1721//2323 1723//2323
f 2111//2324 1723//2324 2110//2324
f 2110//2325 1723//2325 1725//2325
f 2110//2326 1725//2326 2109//2326
f 2109//2327 1725//2327 1727//2327
f 2109//2328 1727//2328 2108//2328
f 2108//2329 1727//2329 1729//2329
f 2108//2330 1729//2330 2107//2330
f 2107//2331 1729//2331 2117//2331
f 1622//2332 1621//2332 1729//2332
f 1729//2333 1621//2333 2118//2333
f 1729//2334 2118//2334 2117//2334
f 1714//2335 2119//2335 1716//2335
f 1716//2335 2119//2335 2120//2335
f 1716//2336 2120//2336 1718//2336
f 1718//2337 2120//2337 2121//2337
f 1718//2338 2121//2338 1720//2338
f 1720//2338 2121//2338 2122//2338
f 1720//2339 2122//2339 1722//2339
f 1722//2340 2122//2340 2123//2340
f 1722//2341 2123//2341 1724//2341
f 1724//2341 2123//2341 2124//2341
f 1724//2342 2124//2342 1726//2342
f 1726//2343 2124//2343 2125//2343
f 1726//2344 2125//2344 1728//2344
f 1728//2344 2125//2344 2126//2344
f 1728//2345 2126//2345 1622//2345
f 1622//2345 2126//2345 1619//2345
f 1622//2346 1619//2346 1620//2346
f 1620//2347 1619//2347 1618//2347
f 2127//2348 1617//2348 2128//2348
f 2128//2349 1617//2349 1619//2349
f 2128//2350 1619//2350 2129//2350
f 2129//2350 1619//2350 2126//2350
f 2129//2351 2126//2351 2130//2351
f 2130//2351 2126//2351 2125//2351
f 2130//2352 2125//2352 2131//2352
f 2131//2353 2125//2353 2124//2353
f 2131//2354 2124//2354 2132//2354
f 2132//2354 2124//2354 2123//2354
f 2132//2355 2123//2355 2133//2355
f 2133//2356 2123//2356 2122//2356
f 2133//2357 2122//2357 2134//2357
f 2134//2357 2122//2357 2121//2357
f 2134//2358 2121//2358 2135//2358
f 2135//2359 2121//2359 2120//2359
f 2135//2360 2120//2360 2136//2360
f 2136//2360 2120//2360 2119//2360
f 2136//2361 2137//2361 2135//2361
f 2135//2361 2137//2361 2138//2361
f 2135//2362 2138//2362 2134//2362
f 2134//2362 2138//2362 2139//2362
f 2134//2363 2139//2363 2133//2363
f 2133//2364 2139//2364 2140//2364
f 2133//2365 2140//2365 2132//2365
f 2132//2365 2140//2365 2141//2365
f 2132//2366 2141//2366 2131//2366
f 2131//2366 2141//2366 2142//2366
f 2131//2367 2142//2367 2130//2367
f 2130//2367 2142//2367 2143//2367
f 2130//2368 2143//2368 2129//2368
f 2129//2369 2143//2369 2144//2369
f 2129//2370 2144//2370 2128//2370
f 2128//2371 2144//2371 1616//2371
f 2128//2372 1616//2372 2127//2372
f 2127//2372 1616//2372 1615//2372
f 2137//2373 2145//2373 2138//2373
f 2138//2373 2145//2373 2146//2373
f 2138//2374 2146//2374 2139//2374
f 2139//2374 2146//2374 2147//2374
f 2139//2375 2147//2375 2140//2375
f 2140//2375 2147//2375 2148//2375
f 2140//2376 2148//2376 2141//2376
f 2141//2376 2148//2376 2149//2376
f 2141//2377 2149//2377 2142//2377
f 2142//2378 2149//2378 2150//2378
f 2142//2379 2150//2379 2143//2379
f 2143//2380 2150//2380 2151//2380
f 2143//2381 2151//2381 2144//2381
f 2144//2381 2151//2381 2152//2381
f 2144//2382 2152//2382 1616//2382
f 1616//2383 2152//2383 1613//2383
f 1616//2384 1613//2384 1614//2384
f 1614//2385 1613//2385 1612//2385
f 2153//2386 1611//2386 2154//2386
f 2154//2387 1611//2387 1613//2387
f 2154//2388 1613//2388 2155//2388
f 2155//2389 1613//2389 2152//2389
f 2155//2390 2152//2390 2156//2390
f 2156//2391 2152//2391 2151//2391
f 2156//2392 2151//2392 2157//2392
f 2157//2393 2151//2393 2150//2393
f 2157//2394 2150//2394 2158//2394
f 2158//2394 2150//2394 2149//2394
f 2158//2395 2149//2395 2159//2395
f 2159//2395 2149//2395 2148//2395
f 2159//2396 2148//2396 2160//2396
f 2160//2397 2148//2397 2147//2397
f 2160//2398 2147//2398 2161//2398
f 2161//2398 2147//2398 2146//2398
f 2161//2399 2146//2399 2162//2399
f 2162//2399 2146//2399 2145//2399
f 2162//2400 1730//2400 2161//2400
f 2161//2400 1730//2400 1732//2400
f 2161//2401 1732//2401 2160//2401
f 2160//2401 1732//2401 1734//2401
f 2160//2402 1734//2402 2159//2402
f 2159//2402 1734//2402 1736//2402
f 2159//2403 1736//2403 2158//2403
f 2158//2403 1736//2403 1738//2403
f 2158//2404 1738//2404 2157//2404
f 2157//2405 1738//2405 1740//2405
f 2157//2406 1740//2406 2156//2406
f 2156//2406 1740//2406 1742//2406
f 2156//2407 1742//2407 2155//2407
f 2155//2407 1742//2407 1744//2407
f 2155//2408 1744//2408 2154//2408
f 2154//2409 1744//2409 1746//2409
f 2154//2410 1746//2410 2153//2410
f 2153//2411 1746//2411 2163//2411
f 1610//2412 1609//2412 1746//2412
f 1746//2413 1609//2413 2164//2413
f 1746//2414 2164//2414 2163//2414
f 1606//2415 1608//2415 1607//2415
f 1607//2416 1608//2416 1610//2416
f 1607//2417 1610//2417 2165//2417
f 2165//2417 1610//2417 1745//2417
f 2165//2418 1745//2418 2166//2418
f 2166//2418 1745//2418 1743//2418
f 2166//2419 1743//2419 2167//2419
f 2167//2420 1743//2420 1741//2420
f 2167//2421 1741//2421 2168//2421
f 2168//2421 1741//2421 1739//2421
f 2168//2422 1739//2422 2169//2422
f 2169//2423 1739//2423 1737//2423
f 2169//2424 1737//2424 2170//2424
f 2170//2424 1737//2424 1735//2424
f 2170//2425 1735//2425 2171//2425
f 2171//2426 1735//2426 1733//2426
f 2171//2427 1733//2427 2172//2427
f 2172//2427 1733//2427 1731//2427
f 2173//2428 1605//2428 2174//2428
f 2174//2429 1605//2429 1607//2429
f 2174//2430 1607//2430 2175//2430
f 2175//2430 1607//2430 2165//2430
f 2175//2431 2165//2431 2176//2431
f 2176//2432 2165//2432 2166//2432
f 2176//2433 2166//2433 2177//2433
f 2177//2434 2166//2434 2167//2434
f 2177//2435 2167//2435 2178//2435
f 2178//2436 2167//2436 2168//2436
f 2178//2437 2168//2437 2179//2437
f 2179//2437 2168//2437 2169//2437
f 2179//2438 2169//2438 2180//2438
f 2180//2438 2169//2438 2170//2438
f 2180//2439 2170//2439 2181//2439
f 2181//2439 2170//2439 2171//2439
f 2181//2440 2171//2440 2182//2440
f 2182//2440 2171//2440 2172//2440
f 2182//2441 2183//2441 2181//2441
f 2181//2441 2183//2441 2184//2441
f 2181//2442 2184//2442 2180//2442
f 2180//2443 2184//2443 2185//2443
f 2180//2444 2185//2444 2179//2444
f 2179//2444 2185//2444 2186//2444
f 2179//2445 2186//2445 2178//2445
f 2178//2446 2186//2446 2187//2446
f 2178//2447 2187//2447 2177//2447
f 2177//2447 2187//2447 2188//2447
f 2177//2448 2188//2448 2176//2448
f 2176//2449 2188//2449 2189//2449
f 2176//2450 2189//2450 2175//2450
f 2175//2450 2189//2450 2190//2450
f 2175//2451 2190//2451 2174//2451
f 2174//2451 2190//2451 1604//2451
f 2174//2452 1604//2452 2173//2452
f 2173//2453 1604//2453 1603//2453
f 2183//2454 2191//2454 2184//2454
f 2184//2454 2191//2454 2192//2454
f 2184//2455 2192//2455 2185//2455
f 2185//2455 2192//2455 2193//2455
f 2185//2456 2193//2456 2186//2456
f 2186//2456 2193//2456 2194//2456
f 2186//2457 2194//2457 2187//2457
f 2187//2457 2194//2457 2195//2457
f 2187//2458 2195//2458 2188//2458
f 2188//2459 2195//2459 2196//2459
f 2188//2460 2196//2460 2189//2460
f 2189//2461 2196//2461 2197//2461
f 2189//2462 2197//2462 2190//2462
f 2190//2463 2197//2463 2198//2463
f 2190//2464 2198//2464 1604//2464
f 1604//2465 2198//2465 1601//2465
f 1604//2466 1601//2466 1602//2466
f 1602//2467 1601//2467 1600//2467
f 2199//2468 1599//2468 2200//2468
f 2200//2469 1599//2469 1601//2469
f 2200//2470 1601//2470 2201//2470
f 2201//2470 1601//2470 2198//2470
f 2201//2471 2198//2471 2202//2471
f 2202//2472 2198//2472 2197//2472
f 2202//2473 2197//2473 2203//2473
f 2203//2474 2197//2474 2196//2474
f 2203//2475 2196//2475 2204//2475
f 2204//2476 2196//2476 2195//2476
f 2204//2477 2195//2477 2205//2477
f 2205//2477 2195//2477 2194//2477
f 2205//2478 2194//2478 2206//2478
f 2206//2479 2194//2479 2193//2479
f 2206//2480 2193//2480 2207//2480
f 2207//2480 2193//2480 2192//2480
f 2207//2481 2192//2481 2208//2481
f 2208//2481 2192//2481 2191//2481
f 2208//2482 1747//2482 2207//2482
f 2207//2482 1747//2482 1749//2482
f 2207//2483 1749//2483 2206//2483
f 2206//2483 1749//2483 1751//2483
f 2206//2484 1751//2484 2205//2484
f 2205//2484 1751//2484 1753//2484
f 2205//2485 1753//2485 2204//2485
f 2204//2485 1753//2485 1755//2485
f 2204//2486 1755//2486 2203//2486
f 2203//2486 1755//2486 1757//2486
f 2203//2487 1757//2487 2202//2487
f 2202//2488 1757//2488 1759//2488
f 2202//2489 1759//2489 2201//2489
f 2201//2490 1759//2490 1761//2490
f 2201//2491 1761//2491 2200//2491
f 2200//2491 1761//2491 1763//2491
f 2200//2492 1763//2492 2199//2492
f 2199//2493 1763//2493 2209//2493
f 1598//2494 1597//2494 1763//2494
f 1763//2495 1597//2495 2210//2495
f 1763//2496 2210//2496 2209//2496
f 2211//2497 1596//2497 2212//2497
f 2212//2498 1596//2498 1598//2498
f 2212//2499 1598//2499 2213//2499
f 2213//2500 1598//2500 1762//2500
f 2213//2501 1762//2501 2214//2501
f 2214//2502 1762//2502 1760//2502
f 2214//2503 1760//2503 2215//2503
f 2215//2503 1760//2503 1758//2503
f 2215//2504 1758//2504 2216//2504
f 2216//2504 1758//2504 1756//2504
f 2216//2505 1756//2505 2217//2505
f 2217//2506 1756//2506 1754//2506
f 2217//2507 1754//2507 2218//2507
f 2218//2507 1754//2507 1752//2507
f 2218//2508 1752//2508 2219//2508
f 2219//2508 1752//2508 1750//2508
f 2219//2509 1750//2509 2220//2509
f 2220//2509 1750//2509 1748//2509
f 2220//2510 2221//2510 2219//2510
f 2219//2510 2221//2510 2222//2510
f 2219//2511 2222//2511 2218//2511
f 2218//2512 2222//2512 2223//2512
f 2218//2513 2223//2513 2217//2513
f 2217//2513 2223//2513 2224//2513
f 2217//2514 2224//2514 2216//2514
f 2216//2514 2224//2514 2225//2514
f 2216//2515 2225//2515 2215//2515
f 2215//2516 2225//2516 2226//2516
f 2215//2517 2226//2517 2214//2517
f 2214//2518 2226//2518 2227//2518
f 2214//2519 2227//2519 2213//2519
f 2213//2519 2227//2519 2228//2519
f 2213//2520 2228//2520 2212//2520
f 2212//2520 2228//2520 1595//2520
f 2212//2521 1595//2521 2211//2521
f 2211//2521 1595//2521 1594//2521
f 1591//2522 1593//2522 1592//2522
f 1592//2523 1593//2523 1595//2523
f 1592//2524 1595//2524 2229//2524
f 2229//2525 1595//2525 2228//2525
f 2229//2526 2228//2526 2230//2526
f 2230//2526 2228//2526 2227//2526
f 2230//2527 2227//2527 2231//2527
f 2231//2528 2227//2528 2226//2528
f 2231//2529 2226//2529 2232//2529
f 2232//2529 2226//2529 2225//2529
f 2232//2530 2225//2530 2233//2530
f 2233//2531 2225//2531 2224//2531
f 2233//2532 2224//2532 2234//2532
f 2234//2532 2224//2532 2223//2532
f 2234//2533 2223//2533 2235//2533
f 2235//2533 2223//2533 2222//2533
f 2235//2534 2222//2534 2236//2534
f 2236//2534 2222//2534 2221//2534
f 2236//2535 2237//2535 2235//2535
f 2235//2535 2237//2535 2238//2535
f 2235//2536 2238//2536 2234//2536
f 2234//2536 2238//2536 2239//2536
f 2234//2537 2239//2537 2233//2537
f 2233//2537 2239//2537 2240//2537
f 2233//2538 2240//2538 2232//2538
f 2232//2538 2240//2538 2241//2538
f 2232//2539 2241//2539 2231//2539
f 2231//2540 2241//2540 2242//2540
f 2231//2541 2242//2541 2230//2541
f 2230//2542 2242//2542 2243//2542
f 2230//2543 2243//2543 2229//2543
f 2229//2544 2243//2544 2244//2544
f 2229//2545 2244//2545 1592//2545
f 1592//2546 2244//2546 1589//2546
f 1592//2547 1589//2547 1590//2547
f 1590//2548 1589//2548 1588//2548
f 2245//2549 1587//2549 2246//2549
f 2246//2550 1587//2550 1589//2550
f 2246//2551 1589//2551 2247//2551
f 2247//2551 1589//2551 2244//2551
f 2247//2552 2244//2552 2248//2552
f 2248//2553 2244//2553 2243//2553
f 2248//2554 2243//2554 2249//2554
f 2249//2555 2243//2555 2242//2555
f 2249//2556 2242//2556 2250//2556
f 2250//2556 2242//2556 2241//2556
f 2250//2557 2241//2557 2251//2557
f 2251//2557 2241//2557 2240//2557
f 2251//2558 2240//2558 2252//2558
f 2252//2558 2240//2558 2239//2558
f 2252//2559 2239//2559 2253//2559
f 2253//2560 2239//2560 2238//2560
f 2253//2561 2238//2561 2254//2561
f 2254//2562 2238//2562 2237//2562
f 2254//2563 2255//2563 2253//2563
f 2253//2564 2255//2564 2256//2564
f 2253//2565 2256//2565 2252//2565
f 2252//2565 2256//2565 2257//2565
f 2252//2566 2257//2566 2251//2566
f 2251//2566 2257//2566 2258//2566
f 2251//2567 2258//2567 2250//2567
f 2250//2568 2258//2568 2259//2568
f 2250//2569 2259//2569 2249//2569
f 2249//2570 2259//2570 2260//2570
f 2249//2571 2260//2571 2248//2571
f 2248//2571 2260//2571 2261//2571
f 2248//2572 2261//2572 2247//2572
f 2247//2572 2261//2572 2262//2572
f 2247//2573 2262//2573 2246//2573
f 2246//2573 2262//2573 1586//2573
f 2246//2574 1586//2574 2245//2574
f 2245//2575 1586//2575 1585//2575
f 2255//2576 2263//2576 2256//2576
f 2256//2577 2263//2577 2264//2577
f 2256//2578 2264//2578 2257//2578
f 2257//2578 2264//2578 2265//2578
f 2257//2579 2265//2579 2258//2579
f 2258//2579 2265//2579 2266//2579
f 2258//2580 2266//2580 2259//2580
f 2259//2580 2266//2580 2267//2580
f 2259//2581 2267//2581 2260//2581
f 2260//2581 2267//2581 2268//2581
f 2260//2582 2268//2582 2261//2582
f 2261//2582 2268//2582 2269//2582
f 2261//2583 2269//2583 2262//2583
f 2262//2584 2269//2584 2270//2584
f 2262//2585 2270//2585 1586//2585
f 1586//2586 2270//2586 1583//2586
f 1586//2587 1583//2587 1584//2587
f 1584//2588 1583//2588 1582//2588
f 2271//2589 1581//2589 2272//2589
f 2272//2590 1581//2590 1583//2590
f 2272//2591 1583//2591 2273//2591
f 2273//2592 1583//2592 2270//2592
f 2273//2593 2270//2593 2274//2593
f 2274//2594 2270//2594 2269//2594
f 2274//2595 2269//2595 2275//2595
f 2275//2595 2269//2595 2268//2595
f 2275//2596 2268//2596 2276//2596
f 2276//2597 2268//2597 2267//2597
f 2276//2598 2267//2598 2277//2598
f 2277//2599 2267//2599 2266//2599
f 2277//2600 2266//2600 2278//2600
f 2278//2601 2266//2601 2265//2601
f 2278//2602 2265//2602 2279//2602
f 2279//2602 2265//2602 2264//2602
f 2279//2603 2264//2603 2280//2603
f 2280//2604 2264//2604 2263//2604
f 2280//2605 1764//2605 2279//2605
f 2279//2605 1764//2605 1766//2605
f 2279//2606 1766//2606 2278//2606
f 2278//2606 1766//2606 1768//2606
f 2278//2607 1768//2607 2277//2607
f 2277//2607 1768//2607 1770//2607
f 2277//2608 1770//2608 2276//2608
f 2276//2608 1770//2608 1772//2608
f 2276//2609 1772//2609 2275//2609
f 2275//2609 1772//2609 1774//2609
f 2275//2610 1774//2610 2274//2610
f 2274//2611 1774//2611 1776//2611
f 2274//2612 1776//2612 2273//2612
f 2273//2613 1776//2613 1778//2613
f 2273//2614 1778//2614 2272//2614
f 2272//2615 1778//2615 1780//2615
f 2272//2616 1780//2616 2271//2616
f 2271//2617 1780//2617 2281//2617
f 1580//2618 1579//2618 1780//2618
f 1780//2619 1579//2619 2282//2619
f 1780//2620 2282//2620 2281//2620
f 1576//2621 1578//2621 1577//2621
f 1577//2622 1578//2622 1580//2622
f 1577//2623 1580//2623 2283//2623
f 2283//2623 1580//2623 1779//2623
f 2283//2624 1779//2624 2284//2624
f 2284//2624 1779//2624 1777//2624
f 2284//2625 1777//2625 2285//2625
f 2285//2626 1777//2626 1775//2626
f 2285//2627 1775//2627 2286//2627
f 2286//2628 1775//2628 1773//2628
f 2286//2629 1773//2629 2287//2629
f 2287//2629 1773//2629 1771//2629
f 2287//2630 1771//2630 2288//2630
f 2288//2630 1771//2630 1769//2630
f 2288//2631 1769//2631 2289//2631
f 2289//2631 1769//2631 1767//2631
f 2289//2632 1767//2632 2290//2632
f 2290//2632 1767//2632 1765//2632
f 2291//2633 1575//2633 2292//2633
f 2292//2634 1575//2634 1577//2634
f 2292//2635 1577//2635 2293//2635
f 2293//2636 1577//2636 2283//2636
f 2293//2637 2283//2637 2294//2637
f 2294//2638 2283//2638 2284//2638
f 2294//2639 2284//2639 2295//2639
f 2295//2640 2284//2640 2285//2640
f 2295//2641 2285//2641 2296//2641
f 2296//2641 2285//2641 2286//2641
f 2296//2642 2286//2642 2297//2642
f 2297//2642 2286//2642 2287//2642
f 2297//2643 2287//2643 2298//2643
f 2298//2644 2287//2644 2288//2644
f 2298//2645 2288//2645 2299//2645
f 2299//2645 2288//2645 2289//2645
f 2299//2646 2289//2646 2300//2646
f 2300//2646 2289//2646 2290//2646
f 2300//2647 2301//2647 2299//2647
f 2299//2648 2301//2648 2302//2648
f 2299//2649 2302//2649 2298//2649
f 2298//2650 2302//2650 2303//2650
f 2298//2651 2303//2651 2297//2651
f 2297//2651 2303//2651 2304//2651
f 2297//2652 2304//2652 2296//2652
f 2296//2652 2304//2652 2305//2652
f 2296//2653 2305//2653 2295//2653
f 2295//2653 2305//2653 2306//2653
f 2295//2654 2306//2654 2294//2654
f 2294//2655 2306//2655 2307//2655
f 2294//2656 2307//2656 2293//2656
f 2293//2657 2307//2657 2308//2657
f 2293//2658 2308//2658 2292//2658
f 2292//2659 2308//2659 1574//2659
f 2292//2660 1574//2660 2291//2660
f 2291//2661 1574//2661 1573//2661
f 2301//2662 2309//2662 2302//2662
f 2302//2662 2309//2662 2310//2662
f 2302//2663 2310//2663 2303//2663
f 2303//2664 2310//2664 2311//2664
f 2303//2665 2311//2665 2304//2665
f 2304//2666 2311//2666 2312//2666
f 2304//2667 2312//2667 2305//2667
f 2305//2668 2312//2668 2313//2668
f 2305//2669 2313//2669 2306//2669
f 2306//2670 2313//2670 2314//2670
f 2306//2671 2314//2671 2307//2671
f 2307//2671 2314//2671 2315//2671
f 2307//2672 2315//2672 2308//2672
f 2308//2672 2315//2672 2316//2672
f 2308//2673 2316//2673 1574//2673
f 1574//2674 2316//2674 1571//2674
f 1574//2675 1571//2675 1572//2675
f 1572//2676 1571//2676 1570//2676
f 2317//2677 1569//2677 2318//2677
f 2318//2678 1569//2678 1571//2678
f 2318//2679 1571//2679 2319//2679
f 2319//2679 1571//2679 2316//2679
f 2319//2680 2316//2680 2320//2680
f 2320//2681 2316//2681 2315//2681
f 2320//2682 2315//2682 2321//2682
f 2321//2683 2315//2683 2314//2683
f 2321//2684 2314//2684 2322//2684
f 2322//2684 2314//2684 2313//2684
f 2322//2685 2313//2685 2323//2685
f 2323//2685 2313//2685 2312//2685
f 2323//2686 2312//2686 2324//2686
f 2324//2687 2312//2687 2311//2687
f 2324//2688 2311//2688 2325//2688
f 2325//2688 2311//2688 2310//2688
f 2325//2689 2310//2689 2326//2689
f 2326//2689 2310//2689 2309//2689
f 2326//2690 1781//2690 2325//2690
f 2325//2690 1781//2690 1783//2690
f 2325//2691 1783//2691 2324//2691
f 2324//2691 1783//2691 1785//2691
f 2324//2692 1785//2692 2323//2692
f 2323//2692 1785//2692 1787//2692
f 2323//2693 1787//2693 2322//2693
f 2322//2694 1787//2694 1789//2694
f 2322//2695 1789//2695 2321//2695
f 2321//2695 1789//2695 1791//2695
f 2321//2696 1791//2696 2320//2696
f 2320//2697 1791//2697 1793//2697
f 2320//2698 1793//2698 2319//2698
f 2319//2698 1793//2698 1795//2698
f 2319//2699 1795//2699 2318//2699
f 2318//2699 1795//2699 1797//2699
f 2318//2700 1797//2700 2317//2700
f 2317//2701 1797//2701 2327//2701
f 1568//2702 1567//2702 1797//2702
f 1797//2703 1567//2703 2328//2703
f 1797//2704 2328//2704 2327//2704
f 2329//2705 1566//2705 2330//2705
f 2330//2706 1566//2706 1568//2706
f 2330//2707 1568//2707 2331//2707
f 2331//2708 1568//2708 1796//2708
f 2331//2709 1796//2709 2332//2709
f 2332//2709 1796//2709 1794//2709
f 2332//2710 1794//2710 2333//2710
f 2333//2711 1794//2711 1792//2711
f 2333//2712 1792//2712 2334//2712
f 2334//2712 1792//2712 1790//2712
f 2334//2713 1790//2713 2335//2713
f 2335//2714 1790//2714 1788//2714
f 2335//2715 1788//2715 2336//2715
f 2336//2715 1788//2715 1786//2715
f 2336//2716 1786//2716 2337//2716
f 2337//2717 1786//2717 1784//2717
f 2337//2718 1784//2718 2338//2718
f 2338//2718 1784//2718 1782//2718
f 2338//2719 2339//2719 2337//2719
f 2337//2719 2339//2719 2340//2719
f 2337//2720 2340//2720 2336//2720
f 2336//2720 2340//2720 2341//2720
f 2336//2721 2341//2721 2335//2721
f 2335//2722 2341//2722 2342//2722
f 2335//2723 2342//2723 2334//2723
f 2334//2723 2342//2723 2343//2723
f 2334//2724 2343//2724 2333//2724
f 2333//2724 2343//2724 2344//2724
f 2333//2725 2344//2725 2332//2725
f 2332//2726 2344//2726 2345//2726
f 2332//2727 2345//2727 2331//2727
f 2331//2727 2345//2727 2346//2727
f 2331//2728 2346//2728 2330//2728
f 2330//2728 2346//2728 1565//2728
f 2330//2729 1565//2729 2329//2729
f 2329//2730 1565//2730 1564//2730
f 1561//2731 1563//2731 1562//2731
f 1562//2732 1563//2732 1565//2732
f 1562//2733 1565//2733 2347//2733
f 2347//2734 1565//2734 2346//2734
f 2347//2735 2346//2735 2348//2735
f 2348//2735 2346//2735 2345//2735
f 2348//2736 2345//2736 2349//2736
f 2349//2737 2345//2737 2344//2737
f 2349//2738 2344//2738 2350//2738
f 2350//2739 2344//2739 2343//2739
f 2350//2740 2343//2740 2351//2740
f 2351//2741 2343//2741 2342//2741
f 2351//2742 2342//2742 2352//2742
f 2352//2742 2342//2742 2341//2742
f 2352//2743 2341//2743 2353//2743
f 2353//2743 2341//2743 2340//2743
f 2353//2744 2340//2744 2354//2744
f 2354//2744 2340//2744 2339//2744
f 2354//2745 2355//2745 2353//2745
f 2353//2745 2355//2745 2356//2745
f 2353//2746 2356//2746 2352//2746
f 2352//2746 2356//2746 2357//2746
f 2352//2747 2357//2747 2351//2747
f 2351//2747 2357//2747 2358//2747
f 2351//2748 2358//2748 2350//2748
f 2350//2748 2358//2748 2359//2748
f 2350//2749 2359//2749 2349//2749
f 2349//2749 2359//2749 2360//2749
f 2349//2750 2360//2750 2348//2750
f 2348//2750 2360//2750 2361//2750
f 2348//2751 2361//2751 2347//2751
f 2347//2752 2361//2752 2362//2752
f 2347//2753 2362//2753 1562//2753
f 1562//2753 2362//2753 1559//2753
f 1562//2754 1559//2754 1560//2754
f 1560//2755 1559//2755 1558//2755
f 2363//2756 1557//2756 2364//2756
f 2364//2757 1557//2757 1559//2757
f 2364//2758 1559//2758 2365//2758
f 2365//2759 1559//2759 2362//2759
f 2365//2760 2362//2760 2366//2760
f 2366//2761 2362//2761 2361//2761
f 2366//2762 2361//2762 2367//2762
f 2367//2763 2361//2763 2360//2763
f 2367//2764 2360//2764 2368//2764
f 2368//2765 2360//2765 2359//2765
f 2368//2766 2359//2766 2369//2766
f 2369//2766 2359//2766 2358//2766
f 2369//2767 2358//2767 2370//2767
f 2370//2767 2358//2767 2357//2767
f 2370//2768 2357//2768 2371//2768
f 2371//2768 2357//2768 2356//2768
f 2371//2769 2356//2769 2372//2769
f 2372//2769 2356//2769 2355//2769
f 2372//2770 2373//2770 2371//2770
f 2371//2771 2373//2771 2374//2771
f 2371//2772 2374//2772 2370//2772
f 2370//2772 2374//2772 2375//2772
f 2370//2773 2375//2773 2369//2773
f 2369//2773 2375//2773 2376//2773
f 2369//2774 2376//2774 2368//2774
f 2368//2774 2376//2774 2377//2774
f 2368//2775 2377//2775 2367//2775
f 2367//2776 2377//2776 2378//2776
f 2367//2777 2378//2777 2366//2777
f 2366//2778 2378//2778 2379//2778
f 2366//2779 2379//2779 2365//2779
f 2365//2779 2379//2779 2380//2779
f 2365//2780 2380//2780 2364//2780
f 2364//2781 2380//2781 1556//2781
f 2364//2782 1556//2782 2363//2782
f 2363//2783 1556//2783 1555//2783
f 2373//2784 2381//2784 2374//2784
f 2374//2784 2381//2784 2382//2784
f 2374//2785 2382//2785 2375//2785
f 2375//2786 2382//2786 2383//2786
f 2375//2787 2383//2787 2376//2787
f 2376//2787 2383//2787 2384//2787
f 2376//2788 2384//2788 2377//2788
f 2377//2788 2384//2788 2385//2788
f 2377//2789 2385//2789 2378//2789
f 2378//2790 2385//2790 2386//2790
f 2378//2791 2386//2791 2379//2791
f 2379//2792 2386//2792 2387//2792
f 2379//2793 2387//2793 2380//2793
f 2380//2793 2387//2793 2388//2793
f 2380//2794 2388//2794 1556//2794
f 1556//2795 2388//2795 1553//2795
f 1556//2796 1553//2796 1554//2796
f 1554//2797 1553//2797 1552//2797
f 2389//2798 1551//2798 2390//2798
f 2390//2799 1551//2799 1553//2799
f 2390//2800 1553//2800 2391//2800
f 2391//2801 1553//2801 2388//2801
f 2391//2802 2388//2802 2392//2802
f 2392//2803 2388//2803 2387//2803
f 2392//2804 2387//2804 2393//2804
f 2393//2804 2387//2804 2386//2804
f 2393//2805 2386//2805 2394//2805
f 2394//2806 2386//2806 2385//2806
f 2394//2807 2385//2807 2395//2807
f 2395//2808 2385//2808 2384//2808
f 2395//2809 2384//2809 2396//2809
f 2396//2809 2384//2809 2383//2809
f 2396//2810 2383//2810 2397//2810
f 2397//2810 2383//2810 2382//2810
f 2397//2811 2382//2811 2398//2811
f 2398//2811 2382//2811 2381//2811
f 2398//2812 1798//2812 2397//2812
f 2397//2812 1798//2812 1800//2812
f 2397//2813 1800//2813 2396//2813
f 2396//2813 1800//2813 1802//2813
f 2396//2814 1802//2814 2395//2814
f 2395//2815 1802//2815 1804//2815
f 2395//2816 1804//2816 2394//2816
f 2394//2816 1804//2816 1806//2816
f 2394//2817 1806//2817 2393//2817
f 2393//2818 1806//2818 1808//2818
f 2393//2819 1808//2819 2392//2819
f 2392//2819 1808//2819 1810//2819
f 2392//2820 1810//2820 2391//2820
f 2391//2820 1810//2820 1812//2820
f 2391//2821 1812//2821 2390//2821
f 2390//2822 1812//2822 1814//2822
f 2390//2823 1814//2823 2389//2823
f 2389//2823 1814//2823 2399//2823
f 1550//2824 1549//2824 1814//2824
f 1814//2825 1549//2825 2400//2825
f 1814//2826 2400//2826 2399//2826
f 1799//2827 2401//2827 1801//2827
f 1801//2827 2401//2827 2402//2827
f 1801//2828 2402//2828 1803//2828
f 1803//2828 2402//2828 2403//2828
f 1803//2829 2403//2829 1805//2829
f 1805//2830 2403//2830 2404//2830
f 1805//2831 2404//2831 1807//2831
f 1807//2832 2404//2832 2405//2832
f 1807//2833 2405//2833 1809//2833
f 1809//2833 2405//2833 2406//2833
f 1809//2834 2406//2834 1811//2834
f 1811//2835 2406//2835 2407//2835
f 1811//2836 2407//2836 1813//2836
f 1813//2837 2407//2837 2408//2837
f 1813//2838 2408//2838 1550//2838
f 1550//2838 2408//2838 1547//2838
f 1550//2839 1547//2839 1548//2839
f 1548//2840 1547//2840 1546//2840
f 2409//2841 1545//2841 2410//2841
f 2410//2842 1545//2842 1547//2842
f 2410//2843 1547//2843 2411//2843
f 2411//2844 1547//2844 2408//2844
f 2411//2845 2408//2845 2412//2845
f 2412//2846 2408//2846 2407//2846
f 2412//2847 2407//2847 2413//2847
f 2413//2848 2407//2848 2406//2848
f 2413//2849 2406//2849 2414//2849
f 2414//2850 2406//2850 2405//2850
f 2414//2851 2405//2851 2415//2851
f 2415//2852 2405//2852 2404//2852
f 2415//2853 2404//2853 2416//2853
f 2416//2853 2404//2853 2403//2853
f 2416//2854 2403//2854 2417//2854
f 2417//2855 2403//2855 2402//2855
f 2417//2856 2402//2856 2418//2856
f 2418//2856 2402//2856 2401//2856
f 2418//2857 2419//2857 2417//2857
f 2417//2857 2419//2857 2420//2857
f 2417//2858 2420//2858 2416//2858
f 2416//2859 2420//2859 2421//2859
f 2416//2860 2421//2860 2415//2860
f 2415//2860 2421//2860 2422//2860
f 2415//2861 2422//2861 2414//2861
f 2414//2861 2422//2861 2423//2861
f 2414//2862 2423//2862 2413//2862
f 2413//2863 2423//2863 2424//2863
f 2413//2864 2424//2864 2412//2864
f 2412//2864 2424//2864 2425//2864
f 2412//2865 2425//2865 2411//2865
f 2411//2865 2425//2865 2426//2865
f 2411//2866 2426//2866 2410//2866
f 2410//2867 2426//2867 1544//2867
f 2410//2868 1544//2868 2409//2868
f 2409//2868 1544//2868 1543//2868
f 2419//2869 2427//2869 2420//2869
f 2420//2869 2427//2869 2428//2869
f 2420//2870 2428//2870 2421//2870
f 2421//2870 2428//2870 2429//2870
f 2421//2871 2429//2871 2422//2871
f 2422//2871 2429//2871 2430//2871
f 2422//2872 2430//2872 2423//2872
f 2423//2872 2430//2872 2431//2872
f 2423//2873 2431//2873 2424//2873
f 2424//2873 2431//2873 2432//2873
f 2424//2874 2432//2874 2425//2874
f 2425//2875 2432//2875 2433//2875
f 2425//2876 2433//2876 2426//2876
f 2426//2877 2433//2877 2434//2877
f 2426//2878 2434//2878 1544//2878
f 1544//2879 2434//2879 1541//2879
f 1544//2880 1541//2880 1542//2880
f 1542//2881 1541//2881 1540//2881
f 2435//2882 1539//2882 2436//2882
f 2436//2883 1539//2883 1541//2883
f 2436//2884 1541//2884 2437//2884
f 2437//2885 1541//2885 2434//2885
f 2437//2886 2434//2886 2438//2886
f 2438//2887 2434//2887 2433//2887
f 2438//2888 2433//2888 2439//2888
f 2439//2888 2433//2888 2432//2888
f 2439//2889 2432//2889 2440//2889
f 2440//2890 2432//2890 2431//2890
f 2440//2891 2431//2891 2441//2891
f 2441//2891 2431//2891 2430//2891
f 2441//2892 2430//2892 2442//2892
f 2442//2893 2430//2893 2429//2893
f 2442//2894 2429//2894 2443//2894
f 2443//2894 2429//2894 2428//2894
f 2443//2895 2428//2895 2444//2895
f 2444//2895 2428//2895 2427//2895
f 2444//2896 1815//2896 2443//2896
f 2443//2897 1815//2897 1817//2897
f 2443//2898 1817//2898 2442//2898
f 2442//2898 1817//2898 1819//2898
f 2442//2899 1819//2899 2441//2899
f 2441//2899 1819//2899 1821//2899
f 2441//2900 1821//2900 2440//2900
f 2440//2900 1821//2900 1823//2900
f 2440//2901 1823//2901 2439//2901
f 2439//2901 1823//2901 1825//2901
f 2439//2902 1825//2902 2438//2902
f 2438//2902 1825//2902 1827//2902
f 2438//2903 1827//2903 2437//2903
f 2437//2903 1827//2903 1829//2903
f 2437//2904 1829//2904 2436//2904
f 2436//2905 1829//2905 1831//2905
f 2436//2906 1831//2906 2435//2906
f 2435//2907 1831//2907 2445//2907
f 1538//2908 1537//2908 1831//2908
f 1831//2909 1537//2909 2446//2909
f 1831//2910 2446//2910 2445//2910
f 1534//2911 1536//2911 1535//2911
f 1535//2912 1536//2912 1538//2912
f 1535//2913 1538//2913 2447//2913
f 2447//2913 1538//2913 1830//2913
f 2447//2914 1830//2914 2448//2914
f 2448//2915 1830//2915 1828//2915
f 2448//2916 1828//2916 2449//2916
f 2449//2917 1828//2917 1826//2917
f 2449//2918 1826//2918 2450//2918
f 2450//2918 1826//2918 1824//2918
f 2450//2919 1824//2919 2451//2919
f 2451//2919 1824//2919 1822//2919
f 2451//2920 1822//2920 2452//2920
f 2452//2920 1822//2920 1820//2920
f 2452//2921 1820//2921 2453//2921
f 2453//2921 1820//2921 1818//2921
f 2453//2922 1818//2922 2454//2922
f 2454//2922 1818//2922 1816//2922
f 2455//2923 1533//2923 2456//2923
f 2456//2924 1533//2924 1535//2924
f 2456//2925 1535//2925 2457//2925
f 2457//2926 1535//2926 2447//2926
f 2457//2927 2447//2927 2458//2927
f 2458//2928 2447//2928 2448//2928
f 2458//2929 2448//2929 2459//2929
f 2459//2930 2448//2930 2449//2930
f 2459//2931 2449//2931 2460//2931
f 2460//2931 2449//2931 2450//2931
f 2460//2932 2450//2932 2461//2932
f 2461//2933 2450//2933 2451//2933
f 2461//2934 2451//2934 2462//2934
f 2462//2934 2451//2934 2452//2934
f 2462//2935 2452//2935 2463//2935
f 2463//2935 2452//2935 2453//2935
f 2463//2936 2453//2936 2464//2936
f 2464//2936 2453//2936 2454//2936
f 2464//2937 2465//2937 2463//2937
f 2463//2937 2465//2937 2466//2937
f 2463//2938 2466//2938 2462//2938
f 2462//2938 2466//2938 2467//2938
f 2462//2939 2467//2939 2461//2939
f 2461//2940 2467//2940 2468//2940
f 2461//2941 2468//2941 2460//2941
f 2460//2941 2468//2941 2469//2941
f 2460//2942 2469//2942 2459//2942
f 2459//2942 2469//2942 2470//2942
f 2459//2943 2470//2943 2458//2943
f 2458//2943 2470//2943 2471//2943
f 2458//2944 2471//2944 2457//2944
f 2457//2944 2471//2944 2472//2944
f 2457//2945 2472//2945 2456//2945
f 2456//2946 2472//2946 1532//2946
f 2456//2947 1532//2947 2455//2947
f 2455//2948 1532//2948 1531//2948
f 2465//2949 2473//2949 2466//2949
f 2466//2949 2473//2949 2474//2949
f 2466//2950 2474//2950 2467//2950
f 2467//2951 2474//2951 2475//2951
f 2467//2952 2475//2952 2468//2952
f 2468//2953 2475//2953 2476//2953
f 2468//2954 2476//2954 2469//2954
f 2469//2955 2476//2955 2477//2955
f 2469//2956 2477//2956 2470//2956
f 2470//2956 2477//2956 2478//2956
f 2470//2957 2478//2957 2471//2957
f 2471//2958 2478//2958 2479//2958
f 2471//2959 2479//2959 2472//2959
f 2472//2960 2479//2960 2480//2960
f 2472//2961 2480//2961 1532//2961
f 1532//2962 2480//2962 1529//2962
f 1532//2963 1529//2963 1530//2963
f 1530//2964 1529//2964 1528//2964
f 2481//2965 1527//2965 2482//2965
f 2482//2966 1527//2966 1529//2966
f 2482//2967 1529//2967 2483//2967
f 2483//2968 1529//2968 2480//2968
f 2483//2969 2480//2969 2484//2969
f 2484//2969 2480//2969 2479//2969
f 2484//2970 2479//2970 2485//2970
f 2485//2971 2479//2971 2478//2971
f 2485//2972 2478//2972 2486//2972
f 2486//2973 2478//2973 2477//2973
f 2486//2974 2477//2974 2487//2974
f 2487//2975 2477//2975 2476//2975
f 2487//2976 2476//2976 2488//2976
f 2488//2976 2476//2976 2475//2976
f 2488//2977 2475//2977 2489//2977
f 2489//2978 2475//2978 2474//2978
f 2489//2979 2474//2979 2490//2979
f 2490//2979 2474//2979 2473//2979
f 2490//2980 2491//2980 2489//2980
f 2489//2980 2491//2980 2492//2980
f 2489//2981 2492//2981 2488//2981
f 2488//2981 2492//2981 2493//2981
f 2488//2982 2493//2982 2487//2982
f 2487//2982 2493//2982 2494//2982
f 2487//2983 2494//2983 2486//2983
f 2486//2984 2494//2984 2495//2984
f 2486//2985 2495//2985 2485//2985
f 2485//2986 2495//2986 2496//2986
f 2485//2987 2496//2987 2484//2987
f 2484//2988 2496//2988 2497//2988
f 2484//2989 2497//2989 2483//2989
f 2483//2990 2497//2990 2498//2990
f 2483//2991 2498//2991 2482//2991
f 2482//2991 2498//2991 1526//2991
f 2482//2992 1526//2992 2481//2992
f 2481//2992 1526//2992 1525//2992
f 2491//2993 2499//2993 2492//2993
f 2492//2993 2499//2993 2500//2993
f 2492//2994 2500//2994 2493//2994
f 2493//2994 2500//2994 2501//2994
f 2493//2995 2501//2995 2494//2995
f 2494//2996 2501//2996 2502//2996
f 2494//2997 2502//2997 2495//2997
f 2495//2997 2502//2997 2503//2997
f 2495//2998 2503//2998 2496//2998
f 2496//2999 2503//2999 2504//2999
f 2496//3000 2504//3000 2497//3000
f 2497//3001 2504//3001 2505//3001
f 2497//3002 2505//3002 2498//3002
f 2498//3003 2505//3003 2506//3003
f 2498//3004 2506//3004 1526//3004
f 1526//3005 2506//3005 1523//3005
f 1526//3006 1523//3006 1524//3006
f 1524//3007 1523//3007 1522//3007
f 2507//3008 1521//3008 2508//3008
f 2508//3009 1521//3009 1523//3009
f 2508//3010 1523//3010 2509//3010
f 2509//3010 1523//3010 2506//3010
f 2509//3011 2506//3011 2510//3011
f 2510//3012 2506//3012 2505//3012
f 2510//3013 2505//3013 2511//3013
f 2511//3013 2505//3013 2504//3013
f 2511//3014 2504//3014 2512//3014
f 2512//3014 2504//3014 2503//3014
f 2512//3015 2503//3015 2513//3015
f 2513//3016 2503//3016 2502//3016
f 2513//3017 2502//3017 2514//3017
f 2514//3018 2502//3018 2501//3018
f 2514//3019 2501//3019 2515//3019
f 2515//3019 2501//3019 2500//3019
f 2515//3020 2500//3020 2516//3020
f 2516//3020 2500//3020 2499//3020
f 2516//3021 1832//3021 2515//3021
f 2515//3021 1832//3021 1834//3021
f 2515//3022 1834//3022 2514//3022
f 2514//3023 1834//3023 1836//3023
f 2514//3024 1836//3024 2513//3024
f 2513//3024 1836//3024 1838//3024
f 2513//3025 1838//3025 2512//3025
f 2512//3025 1838//3025 1840//3025
f 2512//3026 1840//3026 2511//3026
f 2511//3026 1840//3026 1842//3026
f 2511//3027 1842//3027 2510//3027
f 2510//3028 1842//3028 1844//3028
f 2510//3029 1844//3029 2509//3029
f 2509//3030 1844//3030 1846//3030
f 2509//3031 1846//3031 2508//3031
f 2508//3032 1846//3032 1848//3032
f 2508//3033 1848//3033 2507//3033
f 2507//3034 1848//3034 2517//3034
f 1520//3035 1519//3035 1848//3035
f 1848//3036 1519//3036 2518//3036
f 1848//3037 2518//3037 2517//3037
f 1833//3038 2519//3038 1835//3038
f 1835//3038 2519//3038 2520//3038
f 1835//3039 2520//3039 1837//3039
f 1837//3039 2520//3039 2521//3039
f 1837//3040 2521//3040 1839//3040
f 1839//3041 2521//3041 2522//3041
f 1839//3042 2522//3042 1841//3042
f 1841//3042 2522//3042 2523//3042
f 1841//3043 2523//3043 1843//3043
f 1843//3044 2523//3044 2524//3044
f 1843//3045 2524//3045 1845//3045
f 1845//3046 2524//3046 2525//3046
f 1845//3047 2525//3047 1847//3047
f 1847//3047 2525//3047 2526//3047
f 1847//3048 2526//3048 1520//3048
f 1520//3049 2526//3049 1517//3049
f 1520//3050 1517//3050 1518//3050
f 1518//3051 1517//3051 1516//3051
f 2527//3052 1515//3052 2528//3052
f 2528//3053 1515//3053 1517//3053
f 2528//3054 1517//3054 2529//3054
f 2529//3055 1517//3055 2526//3055
f 2529//3056 2526//3056 2530//3056
f 2530//3057 2526//3057 2525//3057
f 2530//3058 2525//3058 2531//3058
f 2531//3059 2525//3059 2524//3059
f 2531//3060 2524//3060 2532//3060
f 2532//3061 2524//3061 2523//3061
f 2532//3062 2523//3062 2533//3062
f 2533//3063 2523//3063 2522//3063
f 2533//3064 2522//3064 2534//3064
f 2534//3064 2522//3064 2521//3064
f 2534//3065 2521//3065 2535//3065
f 2535//3065 2521//3065 2520//3065
f 2535//3066 2520//3066 2536//3066
f 2536//3066 2520//3066 2519//3066
f 2536//3067 2537//3067 2535//3067
f 2535//3067 2537//3067 2538//3067
f 2535//3068 2538//3068 2534//3068
f 2534//3068 2538//3068 2539//3068
f 2534//3069 2539//3069 2533//3069
f 2533//3069 2539//3069 2540//3069
f 2533//3070 2540//3070 2532//3070
f 2532//3070 2540//3070 2541//3070
f 2532//3071 2541//3071 2531//3071
f 2531//3071 2541//3071 2542//3071
f 2531//3072 2542//3072 2530//3072
f 2530//3073 2542//3073 2543//3073
f 2530//3074 2543//3074 2529//3074
f 2529//3075 2543//3075 2544//3075
f 2529//3076 2544//3076 2528//3076
f 2528//3077 2544//3077 1514//3077
f 2528//3078 1514//3078 2527//3078
f 2527//3079 1514//3079 1513//3079
f 2537//3080 2545//3080 2538//3080
f 2538//3080 2545//3080 2546//3080
f 2538//3081 2546//3081 2539//3081
f 2539//3081 2546//3081 2547//3081
f 2539//3082 2547//3082 2540//3082
f 2540//3083 2547//3083 2548//3083
f 2540//3084 2548//3084 2541//3084
f 2541//3085 2548//3085 2549//3085
f 2541//3086 2549//3086 2542//3086
f 2542//3087 2549//3087 2550//3087
f 2542//3088 2550//3088 2543//3088
f 2543//3089 2550//3089 2551//3089
f 2543//3090 2551//3090 2544//3090
f 2544//3091 2551//3091 2552//3091
f 2544//3092 2552//3092 1514//3092
f 1514//3092 2552//3092 1511//3092
f 1514//3093 1511//3093 1512//3093
f 1512//3094 1511//3094 1510//3094
f 2553//3095 1509//3095 2554//3095
f 2554//3096 1509//3096 1511//3096
f 2554//3097 1511//3097 2555//3097
f 2555//3098 1511//3098 2552//3098
f 2555//3099 2552//3099 2556//3099
f 2556//3100 2552//3100 2551//3100
f 2556//3101 2551//3101 2557//3101
f 2557//3101 2551//3101 2550//3101
f 2557//3102 2550//3102 2558//3102
f 2558//3103 2550//3103 2549//3103
f 2558//3104 2549//3104 2559//3104
f 2559//3104 2549//3104 2548//3104
f 2559//3105 2548//3105 2560//3105
f 2560//3105 2548//3105 2547//3105
f 2560//3106 2547//3106 2561//3106
f 2561//3106 2547//3106 2546//3106
f 2561//3107 2546//3107 2562//3107
f 2562//3108 2546//3108 2545//3108
f 2562//3109 1849//3109 2561//3109
f 2561//3109 1849//3109 1851//3109
f 2561//3110 1851//3110 2560//3110
f 2560//3110 1851//3110 1853//3110
f 2560//3111 1853//3111 2559//3111
f 2559//3111 1853//3111 1855//3111
f 2559//3112 1855//3112 2558//3112
f 2558//3113 1855//3113 1857//3113
f 2558//3114 1857//3114 2557//3114
f 2557//3115 1857//3115 1859//3115
f 2557//3116 1859//3116 2556//3116
f 2556//3117 1859//3117 1861//3117
f 2556//3118 1861//3118 2555//3118
f 2555//3118 1861//3118 1863//3118
f 2555//3119 1863//3119 2554//3119
f 2554//3119 1863//3119 1865//3119
f 2554//3120 1865//3120 2553//3120
f 2553//3121 1865//3121 2563//3121
f 1508//3122 1507//3122 1865//3122
f 1865//3123 1507//3123 2564//3123
f 1865//3124 2564//3124 2563//3124
f 1504//3125 1506//3125 1505//3125
f 1505//3126 1506//3126 1508//3126
f 1505//3127 1508//3127 2565//3127
f 2565//3128 1508//3128 1864//3128
f 2565//3129 1864//3129 2566//3129
f 2566//3130 1864//3130 1862//3130
f 2566//3131 1862//3131 2567//3131
f 2567//3132 1862//3132 1860//3132
f 2567//3133 1860//3133 2568//3133
f 2568//3133 1860//3133 1858//3133
f 2568//3134 1858//3134 2569//3134
f 2569//3134 1858//3134 1856//3134
f 2569//3135 1856//3135 2570//3135
f 2570//3135 1856//3135 1854//3135
f 2570//3136 1854//3136 2571//3136
f 2571//3137 1854//3137 1852//3137
f 2571//3138 1852//3138 2572//3138
f 2572//3138 1852//3138 1850//3138
f 2573//3139 1503//3139 2574//3139
f 2574//3140 1503//3140 1505//3140
f 2574//3141 1505//3141 2575//3141
f 2575//3142 1505//3142 2565//3142
f 2575//3143 2565//3143 2576//3143
f 2576//3144 2565//3144 2566//3144
f 2576//3145 2566//3145 2577//3145
f 2577//3146 2566//3146 2567//3146
f 2577//3147 2567//3147 2578//3147
f 2578//3148 2567//3148 2568//3148
f 2578//3149 2568//3149 2579//3149
f 2579//3149 2568//3149 2569//3149
f 2579//3150 2569//3150 2580//3150
f 2580//3150 2569//3150 2570//3150
f 2580//3151 2570//3151 2581//3151
f 2581//3151 2570//3151 2571//3151
f 2581//3152 2571//3152 2582//3152
f 2582//3152 2571//3152 2572//3152
f 2582//3153 2583//3153 2581//3153
f 2581//3153 2583//3153 2584//3153
f 2581//3154 2584//3154 2580//3154
f 2580//3155 2584//3155 2585//3155
f 2580//3156 2585//3156 2579//3156
f 2579//3156 2585//3156 2586//3156
f 2579//3157 2586//3157 2578//3157
f 2578//3158 2586//3158 2587//3158
f 2578//3159 2587//3159 2577//3159
f 2577//3159 2587//3159 2588//3159
f 2577//3160 2588//3160 2576//3160
f 2576//3161 2588//3161 2589//3161
f 2576//3162 2589//3162 2575//3162
f 2575//3162 2589//3162 2590//3162
f 2575//3163 2590//3163 2574//3163
f 2574//3163 2590//3163 1502//3163
f 2574//3164 1502//3164 2573//3164
f 2573//3165 1502//3165 1501//3165
f 2583//3166 2591//3166 2584//3166
f 2584//3166 2591//3166 2592//3166
f 2584//3167 2592//3167 2585//3167
f 2585//3167 2592//3167 2593//3167
f 2585//3168 2593//3168 2586//3168
f 2586//3169 2593//3169 2594//3169
f 2586//3170 2594//3170 2587//3170
f 2587//3170 2594//3170 2595//3170
f 2587//3171 2595//3171 2588//3171
f 2588//3171 2595//3171 2596//3171
f 2588//3172 2596//3172 2589//3172
f 2589//3173 2596//3173 2597//3173
f 2589//3174 2597//3174 2590//3174
f 2590//3174 2597//3174 2598//3174
f 2590//3175 2598//3175 1502//3175
f 1502//3176 2598//3176 1499//3176
f 1502//3177 1499//3177 1500//3177
f 1500//3178 1499//3178 1498//3178
f 2599//3179 1497//3179 2600//3179
f 2600//3180 1497//3180 1499//3180
f 2600//3181 1499//3181 2601//3181
f 2601//3182 1499//3182 2598//3182
f 2601//3183 2598//3183 2602//3183
f 2602//3183 2598//3183 2597//3183
f 2602//3184 2597//3184 2603//3184
f 2603//3185 2597//3185 2596//3185
f 2603//3186 2596//3186 2604//3186
f 2604//3187 2596//3187 2595//3187
f 2604//3188 2595//3188 2605//3188
f 2605//3189 2595//3189 2594//3189
f 2605//3190 2594//3190 2606//3190
f 2606//3191 2594//3191 2593//3191
f 2606//3192 2593//3192 2607//3192
f 2607//3192 2593//3192 2592//3192
f 2607//3193 2592//3193 2608//3193
f 2608//3193 2592//3193 2591//3193
f 2608//3194 1866//3194 2607//3194
f 2607//3195 1866//3195 1868//3195
f 2607//3196 1868//3196 2606//3196
f 2606//3197 1868//3197 1870//3197
f 2606//3198 1870//3198 2605//3198
f 2605//3198 1870//3198 1872//3198
f 2605//3199 1872//3199 2604//3199
f 2604//3200 1872//3200 1874//3200
f 2604//3201 1874//3201 2603//3201
f 2603//3201 1874//3201 1876//3201
f 2603//3202 1876//3202 2602//3202
f 2602//3203 1876//3203 1878//3203
f 2602//3204 1878//3204 2601//3204
f 2601//3204 1878//3204 1880//3204
f 2601//3205 1880//3205 2600//3205
f 2600//3205 1880//3205 1882//3205
f 2600//3206 1882//3206 2599//3206
f 2599//3207 1882//3207 2609//3207
f 1496//3208 1495//3208 1882//3208
f 1882//3209 1495//3209 2610//3209
f 1882//3210 2610//3210 2609//3210
f 2611//3211 1494//3211 2612//3211
f 2612//3212 1494//3212 1496//3212
f 2612//3213 1496//3213 2613//3213
f 2613//3214 1496//3214 1881//3214
f 2613//3215 1881//3215 2614//3215
f 2614//3216 1881//3216 1879//3216
f 2614//3217 1879//3217 2615//3217
f 2615//3218 1879//3218 1877//3218
f 2615//3219 1877//3219 2616//3219
f 2616//3219 1877//3219 1875//3219
f 2616//3220 1875//3220 2617//3220
f 2617//3220 1875//3220 1873//3220
f 2617//3221 1873//3221 2618//3221
f 2618//3221 1873//3221 1871//3221
f 2618//3222 1871//3222 2619//3222
f 2619//3222 1871//3222 1869//3222
f 2619//3223 1869//3223 2620//3223
f 2620//3223 1869//3223 1867//3223
f 2620//3224 2621//3224 2619//3224
f 2619//3224 2621//3224 2622//3224
f 2619//3225 2622//3225 2618//3225
f 2618//3226 2622//3226 2623//3226
f 2618//3227 2623//3227 2617//3227
f 2617//3227 2623//3227 2624//3227
f 2617//3228 2624//3228 2616//3228
f 2616//3229 2624//3229 2625//3229
f 2616//3230 2625//3230 2615//3230
f 2615//3230 2625//3230 2626//3230
f 2615//3231 2626//3231 2614//3231
f 2614//3232 2626//3232 2627//3232
f 2614//3233 2627//3233 2613//3233
f 2613//3233 2627//3233 2628//3233
f 2613//3234 2628//3234 2612//3234
f 2612//3234 2628//3234 1493//3234
f 2612//3235 1493//3235 2611//3235
f 2611//3235 1493//3235 1492//3235
f 1489//3236 1491//3236 1490//3236
f 1490//3237 1491//3237 1493//3237
f 1490//3238 1493//3238 2629//3238
f 2629//3238 1493//3238 2628//3238
f 2629//3239 2628//3239 2630//3239
f 2630//3240 2628//3240 2627//3240
f 2630//3241 2627//3241 2631//3241
f 2631//3242 2627//3242 2626//3242
f 2631//3243 2626//3243 2632//3243
f 2632//3244 2626//3244 2625//3244
f 2632//3245 2625//3245 2633//3245
f 2633//3245 2625//3245 2624//3245
f 2633//3246 2624//3246 2634//3246
f 2634//3246 2624//3246 2623//3246
f 2634//3247 2623//3247 2635//3247
f 2635//3248 2623//3248 2622//3248
f 2635//3249 2622//3249 2636//3249
f 2636//3249 2622//3249 2621//3249
f 2636//3250 2637//3250 2635//3250
f 2635//3250 2637//3250 2638//3250
f 2635//3251 2638//3251 2634//3251
f 2634//3252 2638//3252 2639//3252
f 2634//3253 2639//3253 2633//3253
f 2633//3253 2639//3253 2640//3253
f 2633//3254 2640//3254 2632//3254
f 2632//3255 2640//3255 2641//3255
f 2632//3256 2641//3256 2631//3256
f 2631//3256 2641//3256 2642//3256
f 2631//3257 2642//3257 2630//3257
f 2630//3258 2642//3258 2643//3258
f 2630//3259 2643//3259 2629//3259
f 2629//3259 2643//3259 2644//3259
f 2629//3260 2644//3260 1490//3260
f 1490//3260 2644//3260 1487//3260
f 1490//3261 1487//3261 1488//3261
f 1488//3262 1487//3262 1486//3262
f 2645//3263 1485//3263 2646//3263
f 2646//3264 1485//3264 1487//3264
f 2646//3265 1487//3265 2647//3265
f 2647//3266 1487//3266 2644//3266
f 2647//3267 2644//3267 2648//3267
f 2648//3268 2644//3268 2643//3268
f 2648//3269 2643//3269 2649//3269
f 2649//3270 2643//3270 2642//3270
f 2649//3271 2642//3271 2650//3271
f 2650//3271 2642//3271 2641//3271
f 2650//3272 2641//3272 2651//3272
f 2651//3273 2641//3273 2640//3273
f 2651//3274 2640//3274 2652//3274
f 2652//3275 2640//3275 2639//3275
f 2652//3276 2639//3276 2653//3276
f 2653//3276 2639//3276 2638//3276
f 2653//3277 2638//3277 2654//3277
f 2654//3277 2638//3277 2637//3277
f 2654//3278 2655//3278 2653//3278
f 2653//3278 2655//3278 2656//3278
f 2653//3279 2656//3279 2652//3279
f 2652//3279 2656//3279 2657//3279
f 2652//3280 2657//3280 2651//3280
f 2651//3280 2657//3280 2658//3280
f 2651//3281 2658//3281 2650//3281
f 2650//3281 2658//3281 2659//3281
f 2650//3282 2659//3282 2649//3282
f 2649//3282 2659//3282 2660//3282
f 2649//3283 2660//3283 2648//3283
f 2648//3283 2660//3283 2661//3283
f 2648//3284 2661//3284 2647//3284
f 2647//3284 2661//3284 2662//3284
f 2647//3285 2662//3285 2646//3285
f 2646//3285 2662//3285 1484//3285
f 2646//3286 1484//3286 2645//3286
f 2645//3286 1484//3286 1483//3286
f 2655//3287 2663//3287 2656//3287
f 2656//3287 2663//3287 2664//3287
f 2656//3288 2664//3288 2657//3288
f 2657//3288 2664//3288 2665//3288
f 2657//3289 2665//3289 2658//3289
f 2658//3290 2665//3290 2666//3290
f 2658//3291 2666//3291 2659//3291
f 2659//3291 2666//3291 2667//3291
f 2659//3292 2667//3292 2660//3292
f 2660//3292 2667//3292 2668//3292
f 2660//3293 2668//3293 2661//3293
f 2661//3294 2668//3294 2669//3294
f 2661//3295 2669//3295 2662//3295
f 2662//3296 2669//3296 2670//3296
f 2662//3297 2670//3297 1484//3297
f 1484//3298 2670//3298 1481//3298
f 1484//3299 1481//3299 1482//3299
f 1482//3300 1481//3300 1480//3300
f 2671//3301 1479//3301 2672//3301
f 2672//3302 1479//3302 1481//3302
f 2672//3303 1481//3303 2673//3303
f 2673//3304 1481//3304 2670//3304
f 2673//3305 2670//3305 2674//3305
f 2674//3305 2670//3305 2669//3305
f 2674//3306 2669//3306 2675//3306
f 2675//3307 2669//3307 2668//3307
f 2675//3308 2668//3308 2676//3308
f 2676//3309 2668//3309 2667//3309
f 2676//3310 2667//3310 2677//3310
f 2677//3310 2667//3310 2666//3310
f 2677//3311 2666//3311 2678//3311
f 2678//3312 2666//3312 2665//3312
f 2678//3313 2665//3313 2679//3313
f 2679//3314 2665//3314 2664//3314
f 2679//3315 2664//3315 2680//3315
f 2680//3315 2664//3315 2663//3315
f 2680//3316 1883//3316 2679//3316
f 2679//3316 1883//3316 1885//3316
f 2679//3317 1885//3317 2678//3317
f 2678//3318 1885//3318 1887//3318
f 2678//3319 1887//3319 2677//3319
f 2677//3319 1887//3319 1889//3319
f 2677//3320 1889//3320 2676//3320
f 2676//3320 1889//3320 1891//3320
f 2676//3321 1891//3321 2675//3321
f 2675//3321 1891//3321 1893//3321
f 2675//3322 1893//3322 2674//3322
f 2674//3322 1893//3322 1895//3322
f 2674//3323 1895//3323 2673//3323
f 2673//3324 1895//3324 1897//3324
f 2673//3325 1897//3325 2672//3325
f 2672//3325 1897//3325 1899//3325
f 2672//3326 1899//3326 2671//3326
f 2671//3327 1899//3327 2681//3327
f 1478//3328 1477//3328 1899//3328
f 1899//3329 1477//3329 2682//3329
f 1899//3330 2682//3330 2681//3330
f 1474//3331 1476//3331 1475//3331
f 1475//3332 1476//3332 1478//3332
f 1475//3333 1478//3333 2683//3333
f 2683//3333 1478//3333 1898//3333
f 2683//3334 1898//3334 2684//3334
f 2684//3334 1898//3334 1896//3334
f 2684//3335 1896//3335 2685//3335
f 2685//3336 1896//3336 1894//3336
f 2685//3337 1894//3337 2686//3337
f 2686//3337 1894//3337 1892//3337
f 2686//3338 1892//3338 2687//3338
f 2687//3339 1892//3339 1890//3339
f 2687//3340 1890//3340 2688//3340
f 2688//3340 1890//3340 1888//3340
f 2688//3341 1888//3341 2689//3341
f 2689//3342 1888//3342 1886//3342
f 2689//3343 1886//3343 2690//3343
f 2690//3343 1886//3343 1884//3343
f 2691//3344 1473//3344 2692//3344
f 2692//3345 1473//3345 1475//3345
f 2692//3346 1475//3346 2693//3346
f 2693//3346 1475//3346 2683//3346
f 2693//3347 2683//3347 2694//3347
f 2694//3347 2683//3347 2684//3347
f 2694//3348 2684//3348 2695//3348
f 2695//3348 2684//3348 2685//3348
f 2695//3349 2685//3349 2696//3349
f 2696//3349 2685//3349 2686//3349
f 2696//3350 2686//3350 2697//3350
f 2697//3350 2686//3350 2687//3350
f 2697//3351 2687//3351 2698//3351
f 2698//3351 2687//3351 2688//3351
f 2698//3352 2688//3352 2699//3352
f 2699//3352 2688//3352 2689//3352
f 2699//3353 2689//3353 2700//3353
f 2700//3353 2689//3353 2690//3353
f 2700//3354 2701//3354 2699//3354
f 2699//3354 2701//3354 2702//3354
f 2699//3355 2702//3355 2698//3355
f 2698//3356 2702//3356 2703//3356
f 2698//3357 2703//3357 2697//3357
f 2697//3357 2703//3357 2704//3357
f 2697//3358 2704//3358 2696//3358
f 2696//3358 2704//3358 2705//3358
f 2696//3359 2705//3359 2695//3359
f 2695//3359 2705//3359 2706//3359
f 2695//3360 2706//3360 2694//3360
f 2694//3361 2706//3361 2707//3361
f 2694//3362 2707//3362 2693//3362
f 2693//3363 2707//3363 2708//3363
f 2693//3364 2708//3364 2692//3364
f 2692//3364 2708//3364 1472//3364
f 2692//3365 1472//3365 2691//3365
f 2691//3366 1472//3366 1471//3366
f 2701//3367 2709//3367 2702//3367
f 2702//3367 2709//3367 2710//3367
f 2702//3368 2710//3368 2703//3368
f 2703//3369 2710//3369 2711//3369
f 2703//3370 2711//3370 2704//3370
f 2704//3370 2711//3370 2712//3370
f 2704//3371 2712//3371 2705//3371
f 2705//3371 2712//3371 2713//3371
f 2705//3372 2713//3372 2706//3372
f 2706//3372 2713//3372 2714//3372
f 2706//3373 2714//3373 2707//3373
f 2707//3374 2714//3374 2715//3374
f 2707//3375 2715//3375 2708//3375
f 2708//3375 2715//3375 2716//3375
f 2708//3376 2716//3376 1472//3376
f 1472//3376 2716//3376 1469//3376
f 1472//3377 1469//3377 1470//3377
f 1470//3378 1469//3378 1468//3378
f 2717//3379 1467//3379 2718//3379
f 2718//3380 1467//3380 1469//3380
f 2718//3381 1469//3381 2719//3381
f 2719//3381 1469//3381 2716//3381
f 2719//3382 2716//3382 2720//3382
f 2720//3382 2716//3382 2715//3382
f 2720//3383 2715//3383 2721//3383
f 2721//3384 2715//3384 2714//3384
f 2721//3385 2714//3385 2722//3385
f 2722//3385 2714//3385 2713//3385
f 2722//3386 2713//3386 2723//3386
f 2723//3386 2713//3386 2712//3386
f 2723//3387 2712//3387 2724//3387
f 2724//3387 2712//3387 2711//3387
f 2724//3388 2711//3388 2725//3388
f 2725//3388 2711//3388 2710//3388
f 2725//3389 2710//3389 2726//3389
f 2726//3390 2710//3390 2709//3390
f 2726//3391 1900//3391 2725//3391
f 2725//3391 1900//3391 1902//3391
f 2725//3392 1902//3392 2724//3392
f 2724//3392 1902//3392 1904//3392
f 2724//3393 1904//3393 2723//3393
f 2723//3394 1904//3394 1906//3394
f 2723//3395 1906//3395 2722//3395
f 2722//3395 1906//3395 1908//3395
f 2722//3396 1908//3396 2721//3396
f 2721//3397 1908//3397 1910//3397
f 2721//3398 1910//3398 2720//3398
f 2720//3399 1910//3399 1912//3399
f 2720//3400 1912//3400 2719//3400
f 2719//3400 1912//3400 1914//3400
f 2719//3401 1914//3401 2718//3401
f 2718//3401 1914//3401 1916//3401
f 2718//3402 1916//3402 2717//3402
f 2717//3403 1916//3403 2727//3403
f 1466//3404 1465//3404 1916//3404
f 1916//3405 1465//3405 2728//3405
f 1916//3406 2728//3406 2727//3406
f 2729//3407 1464//3407 2730//3407
f 2730//3408 1464//3408 1466//3408
f 2730//3409 1466//3409 2731//3409
f 2731//3409 1466//3409 1915//3409
f 2731//3410 1915//3410 2732//3410
f 2732//3411 1915//3411 1913//3411
f 2732//3412 1913//3412 2733//3412
f 2733//3412 1913//3412 1911//3412
f 2733//3413 1911//3413 2734//3413
f 2734//3413 1911//3413 1909//3413
f 2734//3414 1909//3414 2735//3414
f 2735//3415 1909//3415 1907//3415
f 2735//3416 1907//3416 2736//3416
f 2736//3416 1907//3416 1905//3416
f 2736//3417 1905//3417 2737//3417
f 2737//3417 1905//3417 1903//3417
f 2737//3418 1903//3418 2738//3418
f 2738//3418 1903//3418 1901//3418
f 2738//3419 2739//3419 2737//3419
f 2737//3419 2739//3419 2740//3419
f 2737//3420 2740//3420 2736//3420
f 2736//3420 2740//3420 2741//3420
f 2736//3421 2741//3421 2735//3421
f 2735//3422 2741//3422 2742//3422
f 2735//3423 2742//3423 2734//3423
f 2734//3423 2742//3423 2743//3423
f 2734//3424 2743//3424 2733//3424
f 2733//3425 2743//3425 2744//3425
f 2733//3426 2744//3426 2732//3426
f 2732//3426 2744//3426 2745//3426
f 2732//3427 2745//3427 2731//3427
f 2731//3427 2745//3427 2746//3427
f 2731//3428 2746//3428 2730//3428
f 2730//3428 2746//3428 1463//3428
f 2730//3429 1463//3429 2729//3429
f 2729//3430 1463//3430 1462//3430
f 1459//3431 1461//3431 1460//3431
f 1460//3432 1461//3432 1463//3432
f 1460//3433 1463//3433 2747//3433
f 2747//3433 1463//3433 2746//3433
f 2747//3434 2746//3434 2748//3434
f 2748//3435 2746//3435 2745//3435
f 2748//3436 2745//3436 2749//3436
f 2749//3437 2745//3437 2744//3437
f 2749//3438 2744//3438 2750//3438
f 2750//3438 2744//3438 2743//3438
f 2750//3439 2743//3439 2751//3439
f 2751//3439 2743//3439 2742//3439
f 2751//3440 2742//3440 2752//3440
f 2752//3441 2742//3441 2741//3441
f 2752//3442 2741//3442 2753//3442
f 2753//3442 2741//3442 2740//3442
f 2753//3443 2740//3443 2754//3443
f 2754//3443 2740//3443 2739//3443
f 2754//3444 2755//3444 2753//3444
f 2753//3444 2755//3444 2756//3444
f 2753//3445 2756//3445 2752//3445
f 2752//3445 2756//3445 2757//3445
f 2752//3446 2757//3446 2751//3446
f 2751//3446 2757//3446 2758//3446
f 2751//3447 2758//3447 2750//3447
f 2750//3448 2758//3448 2759//3448
f 2750//3449 2759//3449 2749//3449
f 2749//3450 2759//3450 2760//3450
f 2749//3451 2760//3451 2748//3451
f 2748//3451 2760//3451 2761//3451
f 2748//3452 2761//3452 2747//3452
f 2747//3452 2761//3452 2762//3452
f 2747//3453 2762//3453 1460//3453
f 1460//3453 2762//3453 1457//3453
f 1460//3454 1457//3454 1458//3454
f 1458//3455 1457//3455 1456//3455
f 2763//3456 1455//3456 2764//3456
f 2764//3457 1455//3457 1457//3457
f 2764//3458 1457//3458 2765//3458
f 2765//3458 1457//3458 2762//3458
f 2765//3459 2762//3459 2766//3459
f 2766//3459 2762//3459 2761//3459
f 2766//3460 2761//3460 2767//3460
f 2767//3461 2761//3461 2760//3461
f 2767//3462 2760//3462 2768//3462
f 2768//3462 2760//3462 2759//3462
f 2768//3463 2759//3463 2769//3463
f 2769//3463 2759//3463 2758//3463
f 2769//3464 2758//3464 2770//3464
f 2770//3464 2758//3464 2757//3464
f 2770//3465 2757//3465 2771//3465
f 2771//3465 2757//3465 2756//3465
f 2771//3466 2756//3466 2772//3466
f 2772//3466 2756//3466 2755//3466
f 2772//3467 2773//3467 2771//3467
f 2771//3467 2773//3467 2774//3467
f 2771//3468 2774//3468 2770//3468
f 2770//3468 2774//3468 2775//3468
f 2770//3469 2775//3469 2769//3469
f 2769//3469 2775//3469 2776//3469
f 2769//3470 2776//3470 2768//3470
f 2768//3470 2776//3470 2777//3470
f 2768//3471 2777//3471 2767//3471
f 2767//3471 2777//3471 2778//3471
f 2767//3472 2778//3472 2766//3472
f 2766//3472 2778//3472 2779//3472
f 2766//3473 2779//3473 2765//3473
f 2765//3473 2779//3473 2780//3473
f 2765//3474 2780//3474 2764//3474
f 2764//3474 2780//3474 1454//3474
f 2764//3475 1454//3475 2763//3475
f 2763//3475 1454//3475 1453//3475
f 2773//3476 2781//3476 2774//3476
f 2774//3476 2781//3476 2782//3476
f 2774//3477 2782//3477 2775//3477
f 2775//3477 2782//3477 2783//3477
f 2775//3478 2783//3478 2776//3478
f 2776//3479 2783//3479 2784//3479
f 2776//3480 2784//3480 2777//3480
f 2777//3480 2784//3480 2785//3480
f 2777//3481 2785//3481 2778//3481
f 2778//3481 2785//3481 2786//3481
f 2778//3482 2786//3482 2779//3482
f 2779//3483 2786//3483 2787//3483
f 2779//3484 2787//3484 2780//3484
f 2780//3484 2787//3484 2788//3484
f 2780//3485 2788//3485 1454//3485
f 1454//3485 2788//3485 1451//3485
f 1454//3486 1451//3486 1452//3486
f 1452//3487 1451//3487 1450//3487
f 2789//3488 1449//3488 2790//3488
f 2790//3489 1449//3489 1451//3489
f 2790//3490 1451//3490 2791//3490
f 2791//3490 1451//3490 2788//3490
f 2791//3491 2788//3491 2792//3491
f 2792//3491 2788//3491 2787//3491
f 2792//3492 2787//3492 2793//3492
f 2793//3493 2787//3493 2786//3493
f 2793//3494 2786//3494 2794//3494
f 2794//3494 2786//3494 2785//3494
f 2794//3495 2785//3495 2795//3495
f 2795//3495 2785//3495 2784//3495
f 2795//3496 2784//3496 2796//3496
f 2796//3497 2784//3497 2783//3497
f 2796//3498 2783//3498 2797//3498
f 2797//3498 2783//3498 2782//3498
f 2797//3499 2782//3499 2798//3499
f 2798//3499 2782//3499 2781//3499
f 2798//3500 1917//3500 2797//3500
f 2797//3500 1917//3500 1919//3500
f 2797//3501 1919//3501 2796//3501
f 2796//3501 1919//3501 1921//3501
f 2796//3502 1921//3502 2795//3502
f 2795//3502 1921//3502 1923//3502
f 2795//3503 1923//3503 2794//3503
f 2794//3503 1923//3503 1925//3503
f 2794//3504 1925//3504 2793//3504
f 2793//3504 1925//3504 1927//3504
f 2793//3505 1927//3505 2792//3505
f 2792//3505 1927//3505 1929//3505
f 2792//3506 1929//3506 2791//3506
f 2791//3506 1929//3506 1931//3506
f 2791//3507 1931//3507 2790//3507
f 2790//3507 1931//3507 1933//3507
f 2790//3508 1933//3508 2789//3508
f 2789//3509 1933//3509 2799//3509
f 1448//3510 1447//3510 1933//3510
f 1933//3511 1447//3511 2800//3511
f 1933//3512 2800//3512 2799//3512
f 1444//3513 1446//3513 1445//3513
f 1445//3514 1446//3514 1448//3514
f 1445//3515 1448//3515 2801//3515
f 2801//3515 1448//3515 1932//3515
f 2801//3516 1932//3516 2802//3516
f 2802//3517 1932//3517 1930//3517
f 2802//3518 1930//3518 2803//3518
f 2803//3518 1930//3518 1928//3518
f 2803//3519 1928//3519 2804//3519
f 2804//3519 1928//3519 1926//3519
f 2804//3520 1926//3520 2805//3520
f 2805//3520 1926//3520 1924//3520
f 2805//3521 1924//3521 2806//3521
f 2806//3522 1924//3522 1922//3522
f 2806//3523 1922//3523 2807//3523
f 2807//3524 1922//3524 1920//3524
f 2807//3525 1920//3525 2808//3525
f 2808//3525 1920//3525 1918//3525
f 2809//3526 1443//3526 2810//3526
f 2810//3527 1443//3527 1445//3527
f 2810//3528 1445//3528 2811//3528
f 2811//3528 1445//3528 2801//3528
f 2811//3529 2801//3529 2812//3529
f 2812//3529 2801//3529 2802//3529
f 2812//3530 2802//3530 2813//3530
f 2813//3531 2802//3531 2803//3531
f 2813//3532 2803//3532 2814//3532
f 2814//3532 2803//3532 2804//3532
f 2814//3533 2804//3533 2815//3533
f 2815//3533 2804//3533 2805//3533
f 2815//3534 2805//3534 2816//3534
f 2816//3534 2805//3534 2806//3534
f 2816//3535 2806//3535 2817//3535
f 2817//3535 2806//3535 2807//3535
f 2817//3536 2807//3536 2818//3536
f 2818//3536 2807//3536 2808//3536
f 2818//3537 2819//3537 2817//3537
f 2817//3537 2819//3537 2820//3537
f 2817//3538 2820//3538 2816//3538
f 2816//3538 2820//3538 2821//3538
f 2816//3539 2821//3539 2815//3539
f 2815//3539 2821//3539 2822//3539
f 2815//3540 2822//3540 2814//3540
f 2814//3540 2822//3540 2823//3540
f 2814//3541 2823//3541 2813//3541
f 2813//3541 2823//3541 2824//3541
f 2813//3542 2824//3542 2812//3542
f 2812//3542 2824//3542 2825//3542
f 2812//3543 2825//3543 2811//3543
f 2811//3544 2825//3544 2826//3544
f 2811//3545 2826//3545 2810//3545
f 2810//3545 2826//3545 1442//3545
f 2810//3546 1442//3546 2809//3546
f 2809//3547 1442//3547 1441//3547
f 2819//3548 2827//3548 2820//3548
f 2820//3548 2827//3548 2828//3548
f 2820//3549 2828//3549 2821//3549
f 2821//3550 2828//3550 2829//3550
f 2821//3551 2829//3551 2822//3551
f 2822//3551 2829//3551 2830//3551
f 2822//3552 2830//3552 2823//3552
f 2823//3552 2830//3552 2831//3552
f 2823//3553 2831//3553 2824//3553
f 2824//3553 2831//3553 2832//3553
f 2824//3554 2832//3554 2825//3554
f 2825//3555 2832//3555 2833//3555
f 2825//3556 2833//3556 2826//3556
f 2826//3556 2833//3556 2834//3556
f 2826//3557 2834//3557 1442//3557
f 1442//3557 2834//3557 1439//3557
f 1442//3558 1439//3558 1440//3558
f 1440//3559 1439//3559 1438//3559
f 2835//3560 1437//3560 2836//3560
f 2836//3561 1437//3561 1439//3561
f 2836//3562 1439//3562 2837//3562
f 2837//3562 1439//3562 2834//3562
f 2837//3563 2834//3563 2838//3563
f 2838//3563 2834//3563 2833//3563
f 2838//3564 2833//3564 2839//3564
f 2839//3565 2833//3565 2832//3565
f 2839//3566 2832//3566 2840//3566
f 2840//3567 2832//3567 2831//3567
f 2840//3568 2831//3568 2841//3568
f 2841//3568 2831//3568 2830//3568
f 2841//3569 2830//3569 2842//3569
f 2842//3569 2830//3569 2829//3569
f 2842//3570 2829//3570 2843//3570
f 2843//3570 2829//3570 2828//3570
f 2843//3571 2828//3571 2844//3571
f 2844//3571 2828//3571 2827//3571
f 2844//3572 1934//3572 2843//3572
f 2843//3572 1934//3572 1936//3572
f 2843//3573 1936//3573 2842//3573
f 2842//3574 1936//3574 1938//3574
f 2842//3575 1938//3575 2841//3575
f 2841//3575 1938//3575 1940//3575
f 2841//3576 1940//3576 2840//3576
f 2840//3577 1940//3577 1942//3577
f 2840//3578 1942//3578 2839//3578
f 2839//3578 1942//3578 1944//3578
f 2839//3579 1944//3579 2838//3579
f 2838//3580 1944//3580 1946//3580
f 2838//3581 1946//3581 2837//3581
f 2837//3581 1946//3581 1948//3581
f 2837//3582 1948//3582 2836//3582
f 2836//3582 1948//3582 1950//3582
f 2836//3583 1950//3583 2835//3583
f 2835//3584 1950//3584 2845//3584
f 1436//3585 1435//3585 1950//3585
f 1950//3586 1435//3586 2846//3586
f 1950//3587 2846//3587 2845//3587
f 2847//3588 1434//3588 2848//3588
f 2848//3589 1434//3589 1436//3589
f 2848//3590 1436//3590 2849//3590
f 2849//3590 1436//3590 1949//3590
f 2849//3591 1949//3591 2850//3591
f 2850//3591 1949//3591 1947//3591
f 2850//3592 1947//3592 2851//3592
f 2851//3592 1947//3592 1945//3592
f 2851//3593 1945//3593 2852//3593
f 2852//3594 1945//3594 1943//3594
f 2852//3595 1943//3595 2853//3595
f 2853//3596 1943//3596 1941//3596
f 2853//3597 1941//3597 2854//3597
f 2854//3597 1941//3597 1939//3597
f 2854//3598 1939//3598 2855//3598
f 2855//3598 1939//3598 1937//3598
f 2855//3599 1937//3599 2856//3599
f 2856//3599 1937//3599 1935//3599
f 2856//3600 2857//3600 2855//3600
f 2855//3601 2857//3601 2858//3601
f 2855//3602 2858//3602 2854//3602
f 2854//3602 2858//3602 2859//3602
f 2854//3603 2859//3603 2853//3603
f 2853//3603 2859//3603 2860//3603
f 2853//3604 2860//3604 2852//3604
f 2852//3604 2860//3604 2861//3604
f 2852//3605 2861//3605 2851//3605
f 2851//3605 2861//3605 2862//3605
f 2851//3606 2862//3606 2850//3606
f 2850//3607 2862//3607 2863//3607
f 2850//3608 2863//3608 2849//3608
f 2849//3608 2863//3608 2864//3608
f 2849//3609 2864//3609 2848//3609
f 2848//3609 2864//3609 2865//3609
f 2848//3610 2865//3610 2847//3610
f 2847//3610 2865//3610 2866//3610
f 2867//3611 2868//3611 2869//3611
f 2869//3611 2868//3611 2870//3611
f 2871//3611 2872//3611 2873//3611
f 2874//3611 2875//3611 2876//3611
f 2870//3611 2877//3611 2869//3611
f 2869//3611 2877//3611 2878//3611
f 2869//3611 2878//3611 2879//3611
f 2880//3611 2881//3611 2876//3611
f 2882//3611 2869//3611 2883//3611
f 2883//3611 2869//3611 2884//3611
f 2872//3611 2885//3611 2873//3611
f 2873//3611 2885//3611 2886//3611
f 2873//3611 2886//3611 2887//3611
f 2871//3611 2873//3611 2876//3611
f 2876//3611 2873//3611 2888//3611
f 2876//3611 2888//3611 2874//3611
f 2875//3611 2889//3611 2876//3611
f 2876//3611 2889//3611 2890//3611
f 2876//3611 2890//3611 2891//3611
f 2879//3611 2892//3611 2869//3611
f 2869//3611 2892//3611 2876//3611
f 2869//3611 2876//3611 2893//3611
f 2893//3611 2876//3611 2881//3611
f 2894//3611 2895//3611 2896//3611
f 2896//3611 2895//3611 2897//3611
f 2898//3611 2899//3611 2896//3611
f 2900//3611 2896//3611 2901//3611
f 2901//3611 2896//3611 2902//3611
f 2903//3611 2904//3611 2900//3611
f 2869//3611 2905//3611 2906//3611
f 2907//3611 2908//3611 2909//3611
f 2909//3611 2908//3611 2910//3611
f 2909//3611 2910//3611 2911//3611
f 2912//3611 2913//3611 2876//3611
f 2899//3611 2914//3611 2896//3611
f 2896//3611 2914//3611 2915//3611
f 2896//3611 2915//3611 2916//3611
f 2896//3611 2917//3611 2869//3611
f 2869//3611 2917//3611 2918//3611
f 2869//3611 2918//3611 2905//3611
f 2906//3611 2919//3611 2869//3611
f 2869//3611 2919//3611 2920//3611
f 2869//3611 2920//3611 2921//3611
f 2922//3611 2869//3611 2923//3611
f 2923//3611 2869//3611 2924//3611
f 2925//3611 2926//3611 2909//3611
f 2909//3611 2926//3611 2927//3611
f 2909//3611 2927//3611 2907//3611
f 2928//3611 2929//3611 2930//3611
f 2931//3611 2932//3611 2933//3611
f 2913//3611 2934//3611 2876//3611
f 2876//3611 2934//3611 2935//3611
f 2876//3611 2935//3611 2880//3611
f 2869//3611 2936//3611 2896//3611
f 2896//3611 2936//3611 2937//3611
f 2896//3611 2937//3611 2938//3611
f 2897//3611 2939//3611 2896//3611
f 2896//3611 2939//3611 2940//3611
f 2896//3611 2940//3611 2941//3611
f 2942//3611 2943//3611 2896//3611
f 2896//3611 2943//3611 2944//3611
f 2896//3611 2944//3611 2898//3611
f 2916//3611 2945//3611 2896//3611
f 2896//3611 2945//3611 2946//3611
f 2896//3611 2946//3611 2947//3611
f 2948//3611 2949//3611 2896//3611
f 2896//3611 2949//3611 2950//3611
f 2896//3611 2950//3611 2951//3611
f 2951//3611 2952//3611 2896//3611
f 2896//3611 2952//3611 2953//3611
f 2896//3611 2953//3611 2954//3611
f 2904//3611 2955//3611 2900//3611
f 2900//3611 2955//3611 2956//3611
f 2900//3611 2956//3611 2896//3611
f 2921//3611 2957//3611 2869//3611
f 2869//3611 2957//3611 2958//3611
f 2869//3611 2958//3611 2959//3611
f 2959//3611 2960//3611 2869//3611
f 2869//3611 2960//3611 2961//3611
f 2869//3611 2961//3611 2884//3611
f 2882//3611 2962//3611 2869//3611
f 2869//3611 2962//3611 2963//3611
f 2869//3611 2963//3611 2924//3611
f 2925//3611 2964//3611 2926//3611
f 2926//3611 2964//3611 2965//3611
f 2926//3611 2965//3611 2966//3611
f 2967//3611 2968//3611 2926//3611
f 2926//3611 2968//3611 2933//3611
f 2926//3611 2933//3611 2969//3611
f 2969//3611 2933//3611 2932//3611
f 2911//3611 2970//3611 2909//3611
f 2909//3611 2970//3611 2971//3611
f 2909//3611 2971//3611 2972//3611
f 2973//3611 2974//3611 2876//3611
f 2876//3611 2974//3611 2975//3611
f 2876//3611 2975//3611 2976//3611
f 2938//3611 2977//3611 2896//3611
f 2896//3611 2977//3611 2978//3611
f 2896//3611 2978//3611 2979//3611
f 2979//3611 2980//3611 2896//3611
f 2896//3611 2980//3611 2981//3611
f 2896//3611 2981//3611 2894//3611
f 2941//3611 2982//3611 2896//3611
f 2896//3611 2982//3611 2983//3611
f 2896//3611 2983//3611 2984//3611
f 2947//3611 2985//3611 2896//3611
f 2896//3611 2985//3611 2986//3611
f 2896//3611 2986//3611 2948//3611
f 2954//3611 2987//3611 2896//3611
f 2896//3611 2987//3611 2988//3611
f 2896//3611 2988//3611 2902//3611
f 2989//3611 2990//3611 2991//3611
f 2869//3611 2992//3611 2993//3611
f 2869//3611 2994//3611 2995//3611
f 2996//3611 2997//3611 2926//3611
f 2926//3611 2997//3611 2998//3611
f 2926//3611 2998//3611 2999//3611
f 3000//3611 3001//3611 2926//3611
f 2926//3611 3001//3611 3002//3611
f 2926//3611 3002//3611 3003//3611
f 3003//3611 3004//3611 2926//3611
f 2926//3611 3004//3611 3005//3611
f 2926//3611 3005//3611 3006//3611
f 2926//3611 3007//3611 3008//3611
f 2928//3611 2930//3611 2933//3611
f 2933//3611 2930//3611 3009//3611
f 2933//3611 3009//3611 2931//3611
f 2887//3611 3010//3611 2873//3611
f 2873//3611 3010//3611 2909//3611
f 2873//3611 2909//3611 3011//3611
f 3011//3611 2909//3611 2972//3611
f 2891//3611 3012//3611 2876//3611
f 2876//3611 3012//3611 3013//3611
f 2876//3611 3013//3611 2973//3611
f 2984//3611 3014//3611 2896//3611
f 2896//3611 3014//3611 3015//3611
f 2896//3611 3015//3611 3016//3611
f 3017//3611 3018//3611 2869//3611
f 2869//3611 3018//3611 3019//3611
f 2869//3611 3019//3611 3020//3611
f 2993//3611 3021//3611 2869//3611
f 2869//3611 3021//3611 3022//3611
f 2869//3611 3022//3611 2994//3611
f 2966//3611 3023//3611 2926//3611
f 2926//3611 3023//3611 3024//3611
f 2926//3611 3024//3611 3025//3611
f 3025//3611 3026//3611 2926//3611
f 2926//3611 3026//3611 3027//3611
f 2926//3611 3027//3611 3028//3611
f 3028//3611 3029//3611 2926//3611
f 2926//3611 3029//3611 3030//3611
f 2926//3611 3030//3611 2996//3611
f 2999//3611 3031//3611 2926//3611
f 2926//3611 3031//3611 3032//3611
f 2926//3611 3032//3611 3033//3611
f 2976//3611 3034//3611 2876//3611
f 2876//3611 3034//3611 3035//3611
f 2876//3611 3035//3611 3036//3611
f 3016//3611 3037//3611 2896//3611
f 2896//3611 3037//3611 3038//3611
f 2896//3611 3038//3611 2942//3611
f 2903//3611 2900//3611 2991//3611
f 2991//3611 2900//3611 3039//3611
f 2991//3611 3039//3611 2989//3611
f 2990//3611 3040//3611 2991//3611
f 2991//3611 3040//3611 3041//3611
f 2991//3611 3041//3611 3042//3611
f 3043//3611 3044//3611 3045//3611
f 2922//3611 3046//3611 2869//3611
f 2869//3611 3046//3611 3047//3611
f 2869//3611 3047//3611 3017//3611
f 3020//3611 3048//3611 2869//3611
f 2869//3611 3048//3611 3049//3611
f 2869//3611 3049//3611 2992//3611
f 2995//3611 3050//3611 2869//3611
f 2869//3611 3050//3611 3051//3611
f 2869//3611 3051//3611 3052//3611
f 3006//3611 3053//3611 2926//3611
f 2926//3611 3053//3611 3054//3611
f 2926//3611 3054//3611 3055//3611
f 3008//3611 3056//3611 2926//3611
f 2926//3611 3056//3611 3057//3611
f 2926//3611 3057//3611 2967//3611
f 2929//3611 3058//3611 2930//3611
f 2930//3611 3058//3611 3059//3611
f 2930//3611 3059//3611 3060//3611
f 3061//3611 2930//3611 3062//3611
f 3062//3611 2930//3611 3063//3611
f 3064//3611 3065//3611 3066//3611
f 3036//3611 3067//3611 2876//3611
f 2876//3611 3067//3611 3068//3611
f 2876//3611 3068//3611 2912//3611
f 3043//3611 3069//3611 3044//3611
f 3044//3611 3069//3611 3070//3611
f 3044//3611 3070//3611 3071//3611
f 3045//3611 3072//3611 3043//3611
f 3043//3611 3072//3611 3073//3611
f 3043//3611 3073//3611 3074//3611
f 3074//3611 3075//3611 3043//3611
f 3043//3611 3075//3611 3076//3611
f 3043//3611 3076//3611 3077//3611
f 3033//3611 3078//3611 2926//3611
f 2926//3611 3078//3611 3079//3611
f 2926//3611 3079//3611 3000//3611
f 3055//3611 3080//3611 2926//3611
f 2926//3611 3080//3611 3081//3611
f 2926//3611 3081//3611 3082//3611
f 3060//3611 3083//3611 2930//3611
f 2930//3611 3083//3611 3084//3611
f 2930//3611 3084//3611 3063//3611
f 3085//3611 2930//3611 3086//3611
f 3086//3611 2930//3611 3087//3611
f 3088//3611 3089//3611 3090//3611
f 3077//3611 3091//3611 3043//3611
f 3043//3611 3091//3611 3092//3611
f 3043//3611 3092//3611 3093//3611
f 3042//3611 3094//3611 2991//3611
f 2991//3611 3094//3611 3043//3611
f 2991//3611 3043//3611 3095//3611
f 3095//3611 3043//3611 3093//3611
f 3052//3611 3096//3611 2869//3611
f 2869//3611 3096//3611 3097//3611
f 2869//3611 3097//3611 3098//3611
f 3082//3611 3099//3611 2926//3611
f 2926//3611 3099//3611 3100//3611
f 2926//3611 3100//3611 3007//3611
f 3085//3611 3101//3611 2930//3611
f 2930//3611 3101//3611 3102//3611
f 2930//3611 3102//3611 3103//3611
f 3104//3611 3105//3611 3066//3611
f 3106//3611 3107//3611 3108//3611
f 3108//3611 3107//3611 3109//3611
f 3108//3611 3109//3611 3110//3611
f 3088//3611 3090//3611 3070//3611
f 3070//3611 3090//3611 3111//3611
f 3070//3611 3111//3611 3071//3611
f 3098//3611 3112//3611 2869//3611
f 2869//3611 3112//3611 3113//3611
f 2869//3611 3113//3611 2867//3611
f 3061//3611 3114//3611 2930//3611
f 2930//3611 3114//3611 3115//3611
f 2930//3611 3115//3611 3116//3611
f 3116//3611 3117//3611 2930//3611
f 2930//3611 3117//3611 3118//3611
f 2930//3611 3118//3611 3087//3611
f 3103//3611 3119//3611 2930//3611
f 2930//3611 3119//3611 3120//3611
f 2930//3611 3120//3611 3121//3611
f 3110//3611 3122//3611 3108//3611
f 3108//3611 3122//3611 2930//3611
f 3108//3611 2930//3611 3123//3611
f 3123//3611 2930//3611 3121//3611
f 3105//3611 3124//3611 3066//3611
f 3066//3611 3124//3611 3125//3611
f 3066//3611 3125//3611 3126//3611
f 3104//3611 3066//3611 3108//3611
f 3108//3611 3066//3611 3127//3611
f 3108//3611 3127//3611 3106//3611
f 3089//3611 3128//3611 3090//3611
f 3090//3611 3128//3611 3129//3611
f 3090//3611 3129//3611 3130//3611
f 3126//3611 3131//3611 3066//3611
f 3066//3611 3131//3611 3132//3611
f 3066//3611 3132//3611 3064//3611
f 3133//3612 3134//3612 3135//3612
f 3135//3612 3134//3612 1660//3612
f 3135//3613 1660//3613 3136//3613
f 3136//3613 1660//3613 1659//3613
f 3136//3614 1659//3614 3137//3614
f 3137//3614 1659//3614 1657//3614
f 3137//3615 1657//3615 3138//3615
f 3138//3615 1657//3615 1656//3615
f 3138//3616 1656//3616 3139//3616
f 3139//3616 1656//3616 1977//3616
f 3139//3617 1977//3617 3140//3617
f 3140//3617 1977//3617 1654//3617
f 3140//3618 1654//3618 3141//3618
f 3141//3618 1654//3618 1653//3618
f 3141//3619 1653//3619 3142//3619
f 3142//3619 1653//3619 1651//3619
f 3142//3620 1651//3620 3143//3620
f 3143//3620 1651//3620 1650//3620
f 3143//3621 1650//3621 3144//3621
f 3144//3621 1650//3621 2003//3621
f 3144//3622 2003//3622 3145//3622
f 3145//3622 2003//3622 2013//3622
f 3145//3623 2013//3623 3146//3623
f 3146//3624 2013//3624 2014//3624
f 3146//3625 2014//3625 3147//3625
f 3147//3625 2014//3625 1648//3625
f 3147//3626 1648//3626 3148//3626
f 3148//3626 1648//3626 1647//3626
f 3148//3627 1647//3627 3149//3627
f 3149//3627 1647//3627 1645//3627
f 3149//3628 1645//3628 3150//3628
f 3150//3628 1645//3628 1644//3628
f 3150//3629 1644//3629 3151//3629
f 3151//3629 1644//3629 2023//3629
f 3151//3630 2023//3630 3152//3630
f 3152//3630 2023//3630 1642//3630
f 3152//3631 1642//3631 3153//3631
f 3153//3631 1642//3631 1641//3631
f 3153//3632 1641//3632 3154//3632
f 3154//3632 1641//3632 1639//3632
f 3154//3633 1639//3633 3155//3633
f 3155//3633 1639//3633 1638//3633
f 3155//3634 1638//3634 3156//3634
f 3156//3634 1638//3634 2049//3634
f 3156//3635 2049//3635 3157//3635
f 3157//3635 2049//3635 2059//3635
f 3157//3636 2059//3636 3158//3636
f 3158//3637 2059//3637 2060//3637
f 3158//3638 2060//3638 3159//3638
f 3159//3638 2060//3638 1636//3638
f 3159//3639 1636//3639 3160//3639
f 3160//3639 1636//3639 1635//3639
f 3160//3640 1635//3640 3161//3640
f 3161//3640 1635//3640 1633//3640
f 3161//3641 1633//3641 3162//3641
f 3162//3641 1633//3641 1632//3641
f 3162//3642 1632//3642 3163//3642
f 3163//3643 1632//3643 2069//3643
f 3163//3644 2069//3644 3164//3644
f 3164//3644 2069//3644 1630//3644
f 3164//3645 1630//3645 3165//3645
f 3165//3645 1630//3645 1629//3645
f 3165//3646 1629//3646 3166//3646
f 3166//3646 1629//3646 1627//3646
f 3166//3647 1627//3647 3167//3647
f 3167//3647 1627//3647 1626//3647
f 3167//3648 1626//3648 3168//3648
f 3168//3648 1626//3648 2095//3648
f 3168//3649 2095//3649 3169//3649
f 3169//3649 2095//3649 2105//3649
f 3169//3650 2105//3650 3170//3650
f 3170//3650 2105//3650 2106//3650
f 3170//3651 2106//3651 3171//3651
f 3171//3651 2106//3651 1624//3651
f 3171//3652 1624//3652 3172//3652
f 3172//3652 1624//3652 1623//3652
f 3172//3653 1623//3653 3173//3653
f 3173//3653 1623//3653 2107//3653
f 3173//3654 2107//3654 3174//3654
f 3174//3655 2107//3655 2117//3655
f 3174//3656 2117//3656 3175//3656
f 3175//3657 2117//3657 2118//3657
f 3175//3658 2118//3658 3176//3658
f 3176//3658 2118//3658 1621//3658
f 3176//3659 1621//3659 3177//3659
f 3177//3659 1621//3659 1620//3659
f 3177//3660 1620//3660 3178//3660
f 3178//3660 1620//3660 1618//3660
f 3178//3661 1618//3661 3179//3661
f 3179//3661 1618//3661 1617//3661
f 3179//3662 1617//3662 3180//3662
f 3180//3663 1617//3663 2127//3663
f 3180//3664 2127//3664 3181//3664
f 3181//3664 2127//3664 1615//3664
f 3181//3665 1615//3665 3182//3665
f 3182//3665 1615//3665 1614//3665
f 3182//3666 1614//3666 3183//3666
f 3183//3666 1614//3666 1612//3666
f 3183//3667 1612//3667 3184//3667
f 3184//3667 1612//3667 1611//3667
f 3184//3668 1611//3668 3185//3668
f 3185//3668 1611//3668 2153//3668
f 3185//3669 2153//3669 3186//3669
f 3186//3669 2153//3669 2163//3669
f 3186//3670 2163//3670 3187//3670
f 3187//3671 2163//3671 2164//3671
f 3187//3672 2164//3672 3188//3672
f 3188//3672 2164//3672 1609//3672
f 3188//3673 1609//3673 3189//3673
f 3189//3673 1609//3673 1608//3673
f 3189//3674 1608//3674 3190//3674
f 3190//3674 1608//3674 1606//3674
f 3190//3675 1606//3675 3191//3675
f 3191//3675 1606//3675 1605//3675
f 3191//3676 1605//3676 3192//3676
f 3192//3676 1605//3676 2173//3676
f 3192//3677 2173//3677 3193//3677
f 3193//3677 2173//3677 1603//3677
f 3193//3678 1603//3678 3194//3678
f 3194//3678 1603//3678 1602//3678
f 3194//3679 1602//3679 3195//3679
f 3195//3679 1602//3679 1600//3679
f 3195//3680 1600//3680 3196//3680
f 3196//3680 1600//3680 1599//3680
f 3196//3681 1599//3681 3197//3681
f 3197//3681 1599//3681 2199//3681
f 3197//3682 2199//3682 3198//3682
f 3198//3682 2199//3682 2209//3682
f 3198//3683 2209//3683 3199//3683
f 3199//3683 2209//3683 2210//3683
f 3199//3684 2210//3684 3200//3684
f 3200//3684 2210//3684 1597//3684
f 3200//3685 1597//3685 3201//3685
f 3201//3685 1597//3685 1596//3685
f 3201//3686 1596//3686 3202//3686
f 3202//3686 1596//3686 2211//3686
f 3202//3687 2211//3687 3203//3687
f 3203//3687 2211//3687 1594//3687
f 3203//3688 1594//3688 3204//3688
f 3204//3689 1594//3689 1593//3689
f 3204//3690 1593//3690 3205//3690
f 3205//3690 1593//3690 1591//3690
f 3205//3691 1591//3691 3206//3691
f 3206//3691 1591//3691 1590//3691
f 3206//3692 1590//3692 3207//3692
f 3207//3692 1590//3692 1588//3692
f 3207//3693 1588//3693 3208//3693
f 3208//3693 1588//3693 1587//3693
f 3208//3694 1587//3694 3209//3694
f 3209//3694 1587//3694 2245//3694
f 3209//3695 2245//3695 3210//3695
f 3210//3695 2245//3695 1585//3695
f 3210//3696 1585//3696 3211//3696
f 3211//3697 1585//3697 1584//3697
f 3211//3698 1584//3698 3212//3698
f 3212//3698 1584//3698 1582//3698
f 3212//3699 1582//3699 3213//3699
f 3213//3699 1582//3699 1581//3699
f 3213//3700 1581//3700 3214//3700
f 3214//3700 1581//3700 2271//3700
f 3214//3701 2271//3701 3215//3701
f 3215//3701 2271//3701 2281//3701
f 3215//3702 2281//3702 3216//3702
f 3216//3703 2281//3703 2282//3703
f 3216//3704 2282//3704 3217//3704
f 3217//3704 2282//3704 1579//3704
f 3217//3705 1579//3705 3218//3705
f 3218//3706 1579//3706 1578//3706
f 3218//3707 1578//3707 3219//3707
f 3219//3707 1578//3707 1576//3707
f 3219//3708 1576//3708 3220//3708
f 3220//3708 1576//3708 1575//3708
f 3220//3709 1575//3709 3221//3709
f 3221//3709 1575//3709 2291//3709
f 3221//3710 2291//3710 3222//3710
f 3222//3710 2291//3710 1573//3710
f 3222//3711 1573//3711 3223//3711
f 3223//3711 1573//3711 1572//3711
f 3223//3712 1572//3712 3224//3712
f 3224//3712 1572//3712 1570//3712
f 3224//3713 1570//3713 3225//3713
f 3225//3713 1570//3713 1569//3713
f 3225//3714 1569//3714 3226//3714
f 3226//3714 1569//3714 2317//3714
f 3226//3715 2317//3715 3227//3715
f 3227//3715 2317//3715 2327//3715
f 3227//3716 2327//3716 3228//3716
f 3228//3717 2327//3717 2328//3717
f 3228//3718 2328//3718 3229//3718
f 3229//3718 2328//3718 1567//3718
f 3229//3719 1567//3719 3230//3719
f 3230//3719 1567//3719 1566//3719
f 3230//3720 1566//3720 3231//3720
f 3231//3720 1566//3720 2329//3720
f 3231//3721 2329//3721 3232//3721
f 3232//3721 2329//3721 1564//3721
f 3233//3722 3234//3722 2847//3722
f 2847//3722 3234//3722 3235//3722
f 2847//3723 3235//3723 1434//3723
f 1434//3723 3235//3723 3236//3723
f 1434//3724 3236//3724 1435//3724
f 1435//3724 3236//3724 3237//3724
f 1435//3725 3237//3725 2846//3725
f 2846//3725 3237//3725 3238//3725
f 2846//3726 3238//3726 2845//3726
f 2845//3726 3238//3726 3239//3726
f 2845//3727 3239//3727 2835//3727
f 2835//3727 3239//3727 3240//3727
f 2835//3728 3240//3728 1437//3728
f 1437//3728 3240//3728 3241//3728
f 1437//3729 3241//3729 1438//3729
f 1438//3729 3241//3729 3242//3729
f 1438//3730 3242//3730 1440//3730
f 1440//3730 3242//3730 3243//3730
f 1440//3731 3243//3731 1441//3731
f 1441//3731 3243//3731 3244//3731
f 1441//3732 3244//3732 2809//3732
f 2809//3732 3244//3732 3245//3732
f 2809//3733 3245//3733 1443//3733
f 1443//3734 3245//3734 3246//3734
f 1443//3735 3246//3735 1444//3735
f 1444//3735 3246//3735 3247//3735
f 1444//3736 3247//3736 1446//3736
f 1446//3736 3247//3736 3248//3736
f 1446//3737 3248//3737 1447//3737
f 1447//3737 3248//3737 3249//3737
f 1447//3738 3249//3738 2800//3738
f 2800//3738 3249//3738 3250//3738
f 2800//3739 3250//3739 2799//3739
f 2799//3739 3250//3739 3251//3739
f 2799//3740 3251//3740 2789//3740
f 2789//3740 3251//3740 3252//3740
f 2789//3741 3252//3741 1449//3741
f 1449//3741 3252//3741 3253//3741
f 1449//3742 3253//3742 1450//3742
f 1450//3742 3253//3742 3254//3742
f 1450//3743 3254//3743 1452//3743
f 1452//3743 3254//3743 3255//3743
f 1452//3744 3255//3744 1453//3744
f 1453//3744 3255//3744 3256//3744
f 1453//3745 3256//3745 2763//3745
f 2763//3745 3256//3745 3257//3745
f 2763//3746 3257//3746 1455//3746
f 1455//3747 3257//3747 3258//3747
f 1455//3748 3258//3748 1456//3748
f 1456//3748 3258//3748 3259//3748
f 1456//3749 3259//3749 1458//3749
f 1458//3749 3259//3749 3260//3749
f 1458//3750 3260//3750 1459//3750
f 1459//3750 3260//3750 3261//3750
f 1459//3751 3261//3751 1461//3751
f 1461//3751 3261//3751 3262//3751
f 1461//3752 3262//3752 1462//3752
f 1462//3753 3262//3753 3263//3753
f 1462//3754 3263//3754 2729//3754
f 2729//3754 3263//3754 3264//3754
f 2729//3755 3264//3755 1464//3755
f 1464//3755 3264//3755 3265//3755
f 1464//3756 3265//3756 1465//3756
f 1465//3756 3265//3756 3266//3756
f 1465//3757 3266//3757 2728//3757
f 2728//3757 3266//3757 3267//3757
f 2728//3758 3267//3758 2727//3758
f 2727//3758 3267//3758 3268//3758
f 2727//3759 3268//3759 2717//3759
f 2717//3759 3268//3759 3269//3759
f 2717//3760 3269//3760 1467//3760
f 1467//3760 3269//3760 3270//3760
f 1467//3761 3270//3761 1468//3761
f 1468//3761 3270//3761 3271//3761
f 1468//3762 3271//3762 1470//3762
f 1470//3762 3271//3762 3272//3762
f 1470//3763 3272//3763 1471//3763
f 1471//3763 3272//3763 3273//3763
f 1471//3764 3273//3764 2691//3764
f 2691//3765 3273//3765 3274//3765
f 2691//3766 3274//3766 1473//3766
f 1473//3767 3274//3767 3275//3767
f 1473//3768 3275//3768 1474//3768
f 1474//3768 3275//3768 3276//3768
f 1474//3769 3276//3769 1476//3769
f 1476//3769 3276//3769 3277//3769
f 1476//3770 3277//3770 1477//3770
f 1477//3770 3277//3770 3278//3770
f 1477//3771 3278//3771 2682//3771
f 2682//3771 3278//3771 3279//3771
f 2682//3772 3279//3772 2681//3772
f 2681//3773 3279//3773 3280//3773
f 2681//3774 3280//3774 2671//3774
f 2671//3774 3280//3774 3281//3774
f 2671//3775 3281//3775 1479//3775
f 1479//3775 3281//3775 3282//3775
f 1479//3776 3282//3776 1480//3776
f 1480//3776 3282//3776 3283//3776
f 1480//3777 3283//3777 1482//3777
f 1482//3777 3283//3777 3284//3777
f 1482//3778 3284//3778 1483//3778
f 1483//3778 3284//3778 3285//3778
f 1483//3779 3285//3779 2645//3779
f 2645//3779 3285//3779 3286//3779
f 2645//3780 3286//3780 1485//3780
f 1485//3781 3286//3781 3287//3781
f 1485//3782 3287//3782 1486//3782
f 1486//3782 3287//3782 3288//3782
f 1486//3783 3288//3783 1488//3783
f 1488//3783 3288//3783 3289//3783
f 1488//3784 3289//3784 1489//3784
f 1489//3784 3289//3784 3290//3784
f 1489//3785 3290//3785 1491//3785
f 1491//3785 3290//3785 3291//3785
f 1491//3786 3291//3786 1492//3786
f 1492//3786 3291//3786 3292//3786
f 1492//3787 3292//3787 2611//3787
f 2611//3787 3292//3787 3293//3787
f 2611//3788 3293//3788 1494//3788
f 1494//3788 3293//3788 3294//3788
f 1494//3789 3294//3789 1495//3789
f 1495//3789 3294//3789 3295//3789
f 1495//3790 3295//3790 2610//3790
f 2610//3790 3295//3790 3296//3790
f 2610//3791 3296//3791 2609//3791
f 2609//3791 3296//3791 3297//3791
f 2609//3792 3297//3792 2599//3792
f 2599//3792 3297//3792 3298//3792
f 2599//3793 3298//3793 1497//3793
f 1497//3793 3298//3793 3299//3793
f 1497//3794 3299//3794 1498//3794
f 1498//3794 3299//3794 3300//3794
f 1498//3795 3300//3795 1500//3795
f 1500//3795 3300//3795 3301//3795
f 1500//3796 3301//3796 1501//3796
f 1501//3796 3301//3796 3302//3796
f 1501//3797 3302//3797 2573//3797
f 2573//3797 3302//3797 3303//3797
f 2573//3798 3303//3798 1503//3798
f 1503//3799 3303//3799 3304//3799
f 1503//3800 3304//3800 1504//3800
f 1504//3800 3304//3800 3305//3800
f 1504//3801 3305//3801 1506//3801
f 1506//3801 3305//3801 3306//3801
f 1506//3802 3306//3802 1507//3802
f 1507//3802 3306//3802 3307//3802
f 1507//3803 3307//3803 2564//3803
f 2564//3803 3307//3803 3308//3803
f 2564//3804 3308//3804 2563//3804
f 2563//3804 3308//3804 3309//3804
f 2563//3805 3309//3805 2553//3805
f 2553//3805 3309//3805 3310//3805
f 2553//3806 3310//3806 1509//3806
f 1509//3807 3310//3807 3311//3807
f 1509//3808 3311//3808 1510//3808
f 1510//3808 3311//3808 3312//3808
f 1510//3809 3312//3809 1512//3809
f 1512//3809 3312//3809 3313//3809
f 1512//3810 3313//3810 1513//3810
f 1513//3810 3313//3810 3314//3810
f 1513//3811 3314//3811 2527//3811
f 2527//3811 3314//3811 3315//3811
f 2527//3812 3315//3812 1515//3812
f 1515//3813 3315//3813 3316//3813
f 1515//3814 3316//3814 1516//3814
f 1516//3814 3316//3814 3317//3814
f 1516//3815 3317//3815 1518//3815
f 1518//3816 3317//3816 3318//3816
f 1518//3817 3318//3817 1519//3817
f 1519//3817 3318//3817 3319//3817
f 1519//3818 3319//3818 2518//3818
f 2518//3818 3319//3818 3320//3818
f 2518//3819 3320//3819 2517//3819
f 2517//3819 3320//3819 3321//3819
f 2517//3820 3321//3820 2507//3820
f 2507//3820 3321//3820 3322//3820
f 2507//3821 3322//3821 1521//3821
f 1521//3821 3322//3821 3323//3821
f 1521//3822 3323//3822 1522//3822
f 1522//3822 3323//3822 3324//3822
f 1522//3823 3324//3823 1524//3823
f 1524//3823 3324//3823 3325//3823
f 1524//3824 3325//3824 1525//3824
f 1525//3824 3325//3824 3326//3824
f 1525//3825 3326//3825 2481//3825
f 2481//3825 3326//3825 3327//3825
f 2481//3826 3327//3826 1527//3826
f 1527//3827 3327//3827 3328//3827
f 1527//3828 3328//3828 1528//3828
f 1528//3828 3328//3828 3329//3828
f 1528//3829 3329//3829 1530//3829
f 1530//3829 3329//3829 3330//3829
f 1530//3830 3330//3830 1531//3830
f 1531//3830 3330//3830 3331//3830
f 1531//3831 3331//3831 2455//3831
f 2455//3831 3331//3831 3332//3831
f 2455//3832 3332//3832 1533//3832
f 1533//3833 3332//3833 3333//3833
f 1533//3834 3333//3834 1534//3834
f 1534//3834 3333//3834 3334//3834
f 1534//3835 3334//3835 1536//3835
f 1536//3835 3334//3835 3335//3835
f 1536//3836 3335//3836 1537//3836
f 1537//3836 3335//3836 3336//3836
f 1537//3837 3336//3837 2446//3837
f 2446//3837 3336//3837 3337//3837
f 2446//3838 3337//3838 2445//3838
f 2445//3838 3337//3838 3338//3838
f 2445//3839 3338//3839 2435//3839
f 2435//3839 3338//3839 3339//3839
f 2435//3840 3339//3840 1539//3840
f 1539//3840 3339//3840 3340//3840
f 1539//3841 3340//3841 1540//3841
f 1540//3841 3340//3841 3341//3841
f 1540//3842 3341//3842 1542//3842
f 1542//3842 3341//3842 3342//3842
f 1542//3843 3342//3843 1543//3843
f 1543//3843 3342//3843 3343//3843
f 1543//3844 3343//3844 2409//3844
f 2409//3844 3343//3844 3344//3844
f 2409//3845 3344//3845 1545//3845
f 1545//3845 3344//3845 3345//3845
f 1545//3846 3345//3846 1546//3846
f 1546//3846 3345//3846 3346//3846
f 1546//3847 3346//3847 1548//3847
f 1548//3847 3346//3847 3347//3847
f 1548//3848 3347//3848 1549//3848
f 1549//3848 3347//3848 3348//3848
f 1549//3849 3348//3849 2400//3849
f 2400//3849 3348//3849 3349//3849
f 2400//3850 3349//3850 2399//3850
f 2399//3850 3349//3850 3350//3850
f 2399//3851 3350//3851 2389//3851
f 2389//3851 3350//3851 3351//3851
f 2389//3852 3351//3852 1551//3852
f 1551//3852 3351//3852 3352//3852
f 1551//3853 3352//3853 1552//3853
f 1552//3853 3352//3853 3353//3853
f 1552//3854 3353//3854 1554//3854
f 1554//3854 3353//3854 3354//3854
f 1554//3855 3354//3855 1555//3855
f 1555//3855 3354//3855 3355//3855
f 1555//3856 3355//3856 2363//3856
f 2363//3856 3355//3856 3356//3856
f 2363//3857 3356//3857 1557//3857
f 1557//3857 3356//3857 3357//3857
f 1557//3858 3357//3858 1558//3858
f 1558//3858 3357//3858 3358//3858
f 1558//3859 3358//3859 1560//3859
f 1560//3859 3358//3859 3359//3859
f 1560//3860 3359//3860 1561//3860
f 1561//3860 3359//3860 3360//3860
f 1561//3861 3360//3861 1563//3861
f 1563//3861 3360//3861 3361//3861
f 1563//3862 3361//3862 1564//3862
f 1564//3863 3361//3863 3232//3863
f 3362//3864 3363//3864 3364//3864
f 3364//3864 3363//3864 227//3864
f 3364//3865 227//3865 3365//3865
f 3365//3865 227//3865 226//3865
f 3365//3866 226//3866 3366//3866
f 3366//3866 226//3866 224//3866
f 3366//3867 224//3867 3367//3867
f 3367//3867 224//3867 223//3867
f 3367//3868 223//3868 3368//3868
f 3368//3868 223//3868 544//3868
f 3368//3869 544//3869 3369//3869
f 3369//3869 544//3869 221//3869
f 3369//3870 221//3870 3370//3870
f 3370//3870 221//3870 220//3870
f 3370//3871 220//3871 3371//3871
f 3371//3871 220//3871 218//3871
f 3371//3872 218//3872 3372//3872
f 3372//3872 218//3872 217//3872
f 3372//3873 217//3873 3373//3873
f 3373//3873 217//3873 570//3873
f 3373//3874 570//3874 3374//3874
f 3374//3874 570//3874 580//3874
f 3374//3875 580//3875 3375//3875
f 3375//3876 580//3876 581//3876
f 3375//3877 581//3877 3376//3877
f 3376//3877 581//3877 215//3877
f 3376//3878 215//3878 3377//3878
f 3377//3878 215//3878 214//3878
f 3377//3879 214//3879 3378//3879
f 3378//3879 214//3879 212//3879
f 3378//3880 212//3880 3379//3880
f 3379//3880 212//3880 211//3880
f 3379//3881 211//3881 3380//3881
f 3380//3881 211//3881 590//3881
f 3380//3882 590//3882 3381//3882
f 3381//3882 590//3882 209//3882
f 3381//3883 209//3883 3382//3883
f 3382//3883 209//3883 208//3883
f 3382//3884 208//3884 3383//3884
f 3383//3884 208//3884 206//3884
f 3383//3885 206//3885 3384//3885
f 3384//3885 206//3885 205//3885
f 3384//3886 205//3886 3385//3886
f 3385//3886 205//3886 616//3886
f 3385//3887 616//3887 3386//3887
f 3386//3887 616//3887 626//3887
f 3386//3888 626//3888 3387//3888
f 3387//3889 626//3889 627//3889
f 3387//3890 627//3890 3388//3890
f 3388//3890 627//3890 203//3890
f 3388//3891 203//3891 3389//3891
f 3389//3891 203//3891 202//3891
f 3389//3892 202//3892 3390//3892
f 3390//3892 202//3892 200//3892
f 3390//3893 200//3893 3391//3893
f 3391//3893 200//3893 199//3893
f 3391//3894 199//3894 3392//3894
f 3392//3895 199//3895 636//3895
f 3392//3896 636//3896 3393//3896
f 3393//3896 636//3896 197//3896
f 3393//3897 197//3897 3394//3897
f 3394//3897 197//3897 196//3897
f 3394//3898 196//3898 3395//3898
f 3395//3898 196//3898 194//3898
f 3395//3899 194//3899 3396//3899
f 3396//3899 194//3899 193//3899
f 3396//3900 193//3900 3397//3900
f 3397//3900 193//3900 662//3900
f 3397//3901 662//3901 3398//3901
f 3398//3901 662//3901 672//3901
f 3398//3902 672//3902 3399//3902
f 3399//3902 672//3902 673//3902
f 3399//3903 673//3903 3400//3903
f 3400//3903 673//3903 191//3903
f 3400//3904 191//3904 3401//3904
f 3401//3904 191//3904 190//3904
f 3401//3905 190//3905 3402//3905
f 3402//3905 190//3905 674//3905
f 3402//3906 674//3906 3403//3906
f 3403//3907 674//3907 684//3907
f 3403//3908 684//3908 3404//3908
f 3404//3909 684//3909 685//3909
f 3404//3910 685//3910 3405//3910
f 3405//3910 685//3910 188//3910
f 3405//3911 188//3911 3406//3911
f 3406//3911 188//3911 187//3911
f 3406//3912 187//3912 3407//3912
f 3407//3912 187//3912 185//3912
f 3407//3913 185//3913 3408//3913
f 3408//3913 185//3913 184//3913
f 3408//3914 184//3914 3409//3914
f 3409//3915 184//3915 694//3915
f 3409//3916 694//3916 3410//3916
f 3410//3916 694//3916 182//3916
f 3410//3917 182//3917 3411//3917
f 3411//3917 182//3917 181//3917
f 3411//3918 181//3918 3412//3918
f 3412//3918 181//3918 179//3918
f 3412//3919 179//3919 3413//3919
f 3413//3919 179//3919 178//3919
f 3413//3920 178//3920 3414//3920
f 3414//3920 178//3920 720//3920
f 3414//3921 720//3921 3415//3921
f 3415//3921 720//3921 730//3921
f 3415//3922 730//3922 3416//3922
f 3416//3923 730//3923 731//3923
f 3416//3924 731//3924 3417//3924
f 3417//3924 731//3924 176//3924
f 3417//3925 176//3925 3418//3925
f 3418//3925 176//3925 175//3925
f 3418//3926 175//3926 3419//3926
f 3419//3926 175//3926 173//3926
f 3419//3927 173//3927 3420//3927
f 3420//3927 173//3927 172//3927
f 3420//3928 172//3928 3421//3928
f 3421//3928 172//3928 740//3928
f 3421//3929 740//3929 3422//3929
f 3422//3929 740//3929 170//3929
f 3422//3930 170//3930 3423//3930
f 3423//3930 170//3930 169//3930
f 3423//3931 169//3931 3424//3931
f 3424//3931 169//3931 167//3931
f 3424//3932 167//3932 3425//3932
f 3425//3932 167//3932 166//3932
f 3425//3933 166//3933 3426//3933
f 3426//3933 166//3933 766//3933
f 3426//3934 766//3934 3427//3934
f 3427//3934 766//3934 776//3934
f 3427//3935 776//3935 3428//3935
f 3428//3935 776//3935 777//3935
f 3428//3936 777//3936 3429//3936
f 3429//3936 777//3936 164//3936
f 3429//3937 164//3937 3430//3937
f 3430//3937 164//3937 163//3937
f 3430//3938 163//3938 3431//3938
f 3431//3938 163//3938 778//3938
f 3431//3939 778//3939 3432//3939
f 3432//3939 778//3939 161//3939
f 3432//3940 161//3940 3433//3940
f 3433//3941 161//3941 160//3941
f 3433//3942 160//3942 3434//3942
f 3434//3942 160//3942 158//3942
f 3434//3943 158//3943 3435//3943
f 3435//3943 158//3943 157//3943
f 3435//3944 157//3944 3436//3944
f 3436//3944 157//3944 155//3944
f 3436//3945 155//3945 3437//3945
f 3437//3945 155//3945 154//3945
f 3437//3946 154//3946 3438//3946
f 3438//3946 154//3946 812//3946
f 3438//3947 812//3947 3439//3947
f 3439//3947 812//3947 152//3947
f 3439//3948 152//3948 3440//3948
f 3440//3949 152//3949 151//3949
f 3440//3950 151//3950 3441//3950
f 3441//3950 151//3950 149//3950
f 3441//3951 149//3951 3442//3951
f 3442//3951 149//3951 148//3951
f 3442//3952 148//3952 3443//3952
f 3443//3952 148//3952 838//3952
f 3443//3953 838//3953 3444//3953
f 3444//3953 838//3953 848//3953
f 3444//3954 848//3954 3445//3954
f 3445//3955 848//3955 849//3955
f 3445//3956 849//3956 3446//3956
f 3446//3956 849//3956 146//3956
f 3446//3957 146//3957 3447//3957
f 3447//3958 146//3958 145//3958
f 3447//3959 145//3959 3448//3959
f 3448//3959 145//3959 143//3959
f 3448//3960 143//3960 3449//3960
f 3449//3960 143//3960 142//3960
f 3449//3961 142//3961 3450//3961
f 3450//3961 142//3961 858//3961
f 3450//3962 858//3962 3451//3962
f 3451//3962 858//3962 140//3962
f 3451//3963 140//3963 3452//3963
f 3452//3963 140//3963 139//3963
f 3452//3964 139//3964 3453//3964
f 3453//3964 139//3964 137//3964
f 3453//3965 137//3965 3454//3965
f 3454//3965 137//3965 136//3965
f 3454//3966 136//3966 3455//3966
f 3455//3966 136//3966 884//3966
f 3455//3967 884//3967 3456//3967
f 3456//3967 884//3967 894//3967
f 3456//3968 894//3968 3457//3968
f 3457//3969 894//3969 895//3969
f 3457//3970 895//3970 3458//3970
f 3458//3970 895//3970 134//3970
f 3458//3971 134//3971 3459//3971
f 3459//3971 134//3971 133//3971
f 3459//3972 133//3972 3460//3972
f 3460//3972 133//3972 896//3972
f 3460//3973 896//3973 3461//3973
f 3461//3973 896//3973 131//3973
f 3134//3974 3133//3974 1414//3974
f 1414//3974 3133//3974 3462//3974
f 1414//3975 3462//3975 1//3975
f 1//3975 3462//3975 3463//3975
f 1//3976 3463//3976 2//3976
f 2//3976 3463//3976 3464//3976
f 2//3977 3464//3977 1413//3977
f 1413//3977 3464//3977 3465//3977
f 1413//3978 3465//3978 1412//3978
f 1412//3978 3465//3978 3466//3978
f 1412//3979 3466//3979 1402//3979
f 1402//3979 3466//3979 3467//3979
f 1402//3980 3467//3980 4//3980
f 4//3980 3467//3980 3468//3980
f 4//3981 3468//3981 5//3981
f 5//3981 3468//3981 3469//3981
f 5//3982 3469//3982 7//3982
f 7//3982 3469//3982 3470//3982
f 7//3983 3470//3983 8//3983
f 8//3983 3470//3983 3471//3983
f 8//3984 3471//3984 1376//3984
f 1376//3984 3471//3984 3472//3984
f 1376//3985 3472//3985 10//3985
f 10//3986 3472//3986 3473//3986
f 10//3987 3473//3987 11//3987
f 11//3987 3473//3987 3474//3987
f 11//3988 3474//3988 13//3988
f 13//3988 3474//3988 3475//3988
f 13//3989 3475//3989 14//3989
f 14//3989 3475//3989 3476//3989
f 14//3990 3476//3990 1367//3990
f 1367//3990 3476//3990 3477//3990
f 1367//3991 3477//3991 1366//3991
f 1366//3991 3477//3991 3478//3991
f 1366//3992 3478//3992 1356//3992
f 1356//3992 3478//3992 3479//3992
f 1356//3993 3479//3993 16//3993
f 16//3993 3479//3993 3480//3993
f 16//3994 3480//3994 17//3994
f 17//3994 3480//3994 3481//3994
f 17//3995 3481//3995 19//3995
f 19//3995 3481//3995 3482//3995
f 19//3996 3482//3996 20//3996
f 20//3996 3482//3996 3483//3996
f 20//3997 3483//3997 1330//3997
f 1330//3997 3483//3997 3484//3997
f 1330//3998 3484//3998 22//3998
f 22//3999 3484//3999 3485//3999
f 22//4000 3485//4000 23//4000
f 23//4000 3485//4000 3486//4000
f 23//4001 3486//4001 25//4001
f 25//4001 3486//4001 3487//4001
f 25//4002 3487//4002 26//4002
f 26//4002 3487//4002 3488//4002
f 26//4003 3488//4003 28//4003
f 28//4003 3488//4003 3489//4003
f 28//4004 3489//4004 29//4004
f 29//4005 3489//4005 3490//4005
f 29//4006 3490//4006 1296//4006
f 1296//4006 3490//4006 3491//4006
f 1296//4007 3491//4007 31//4007
f 31//4007 3491//4007 3492//4007
f 31//4008 3492//4008 32//4008
f 32//4008 3492//4008 3493//4008
f 32//4009 3493//4009 1295//4009
f 1295//4009 3493//4009 3494//4009
f 1295//4010 3494//4010 1294//4010
f 1294//4010 3494//4010 3495//4010
f 1294//4011 3495//4011 1284//4011
f 1284//4011 3495//4011 3496//4011
f 1284//4012 3496//4012 34//4012
f 34//4012 3496//4012 3497//4012
f 34//4013 3497//4013 35//4013
f 35//4013 3497//4013 3498//4013
f 35//4014 3498//4014 37//4014
f 37//4014 3498//4014 3499//4014
f 37//4015 3499//4015 38//4015
f 38//4015 3499//4015 3500//4015
f 38//4016 3500//4016 1258//4016
f 1258//4017 3500//4017 3501//4017
f 1258//4018 3501//4018 40//4018
f 40//4019 3501//4019 3502//4019
f 40//4020 3502//4020 41//4020
f 41//4020 3502//4020 3503//4020
f 41//4021 3503//4021 43//4021
f 43//4021 3503//4021 3504//4021
f 43//4022 3504//4022 44//4022
f 44//4022 3504//4022 3505//4022
f 44//4023 3505//4023 1249//4023
f 1249//4023 3505//4023 3506//4023
f 1249//4024 3506//4024 1248//4024
f 1248//4025 3506//4025 3507//4025
f 1248//4026 3507//4026 1238//4026
f 1238//4026 3507//4026 3508//4026
f 1238//4027 3508//4027 46//4027
f 46//4027 3508//4027 3509//4027
f 46//4028 3509//4028 47//4028
f 47//4028 3509//4028 3510//4028
f 47//4029 3510//4029 49//4029
f 49//4029 3510//4029 3511//4029
f 49//4030 3511//4030 50//4030
f 50//4030 3511//4030 3512//4030
f 50//4031 3512//4031 1212//4031
f 1212//4031 3512//4031 3513//4031
f 1212//4032 3513//4032 52//4032
f 52//4033 3513//4033 3514//4033
f 52//4034 3514//4034 53//4034
f 53//4034 3514//4034 3515//4034
f 53//4035 3515//4035 55//4035
f 55//4035 3515//4035 3516//4035
f 55//4036 3516//4036 56//4036
f 56//4036 3516//4036 3517//4036
f 56//4037 3517//4037 58//4037
f 58//4037 3517//4037 3518//4037
f 58//4038 3518//4038 59//4038
f 59//4038 3518//4038 3519//4038
f 59//4039 3519//4039 1178//4039
f 1178//4039 3519//4039 3520//4039
f 1178//4040 3520//4040 61//4040
f 61//4040 3520//4040 3521//4040
f 61//4041 3521//4041 62//4041
f 62//4041 3521//4041 3522//4041
f 62//4042 3522//4042 1177//4042
f 1177//4042 3522//4042 3523//4042
f 1177//4043 3523//4043 1176//4043
f 1176//4043 3523//4043 3524//4043
f 1176//4044 3524//4044 1166//4044
f 1166//4044 3524//4044 3525//4044
f 1166//4045 3525//4045 64//4045
f 64//4045 3525//4045 3526//4045
f 64//4046 3526//4046 65//4046
f 65//4046 3526//4046 3527//4046
f 65//4047 3527//4047 67//4047
f 67//4047 3527//4047 3528//4047
f 67//4048 3528//4048 68//4048
f 68//4048 3528//4048 3529//4048
f 68//4049 3529//4049 1140//4049
f 1140//4049 3529//4049 3530//4049
f 1140//4050 3530//4050 70//4050
f 70//4051 3530//4051 3531//4051
f 70//4052 3531//4052 71//4052
f 71//4052 3531//4052 3532//4052
f 71//4053 3532//4053 73//4053
f 73//4053 3532//4053 3533//4053
f 73//4054 3533//4054 74//4054
f 74//4054 3533//4054 3534//4054
f 74//4055 3534//4055 1131//4055
f 1131//4055 3534//4055 3535//4055
f 1131//4056 3535//4056 1130//4056
f 1130//4056 3535//4056 3536//4056
f 1130//4057 3536//4057 1120//4057
f 1120//4057 3536//4057 3537//4057
f 1120//4058 3537//4058 76//4058
f 76//4059 3537//4059 3538//4059
f 76//4060 3538//4060 77//4060
f 77//4060 3538//4060 3539//4060
f 77//4061 3539//4061 79//4061
f 79//4061 3539//4061 3540//4061
f 79//4062 3540//4062 80//4062
f 80//4062 3540//4062 3541//4062
f 80//4063 3541//4063 1094//4063
f 1094//4063 3541//4063 3542//4063
f 1094//4064 3542//4064 82//4064
f 82//4065 3542//4065 3543//4065
f 82//4066 3543//4066 83//4066
f 83//4066 3543//4066 3544//4066
f 83//4067 3544//4067 85//4067
f 85//4067 3544//4067 3545//4067
f 85//4068 3545//4068 86//4068
f 86//4068 3545//4068 3546//4068
f 86//4069 3546//4069 1085//4069
f 1085//4069 3546//4069 3547//4069
f 1085//4070 3547//4070 1084//4070
f 1084//4070 3547//4070 3548//4070
f 1084//4071 3548//4071 1074//4071
f 1074//4071 3548//4071 3549//4071
f 1074//4072 3549//4072 88//4072
f 88//4072 3549//4072 3550//4072
f 88//4073 3550//4073 89//4073
f 89//4073 3550//4073 3551//4073
f 89//4074 3551//4074 91//4074
f 91//4074 3551//4074 3552//4074
f 91//4075 3552//4075 92//4075
f 92//4075 3552//4075 3553//4075
f 92//4076 3553//4076 1048//4076
f 1048//4076 3553//4076 3554//4076
f 1048//4077 3554//4077 94//4077
f 94//4078 3554//4078 3555//4078
f 94//4079 3555//4079 95//4079
f 95//4079 3555//4079 3556//4079
f 95//4080 3556//4080 97//4080
f 97//4080 3556//4080 3557//4080
f 97//4081 3557//4081 98//4081
f 98//4081 3557//4081 3558//4081
f 98//4082 3558//4082 1022//4082
f 1022//4082 3558//4082 3559//4082
f 1022//4083 3559//4083 100//4083
f 100//4084 3559//4084 3560//4084
f 100//4085 3560//4085 101//4085
f 101//4085 3560//4085 3561//4085
f 101//4086 3561//4086 103//4086
f 103//4086 3561//4086 3562//4086
f 103//4087 3562//4087 104//4087
f 104//4087 3562//4087 3563//4087
f 104//4088 3563//4088 1013//4088
f 1013//4088 3563//4088 3564//4088
f 1013//4089 3564//4089 1012//4089
f 1012//4089 3564//4089 3565//4089
f 1012//4090 3565//4090 1002//4090
f 1002//4090 3565//4090 3566//4090
f 1002//4091 3566//4091 106//4091
f 106//4091 3566//4091 3567//4091
f 106//4092 3567//4092 107//4092
f 107//4092 3567//4092 3568//4092
f 107//4093 3568//4093 109//4093
f 109//4093 3568//4093 3569//4093
f 109//4094 3569//4094 110//4094
f 110//4094 3569//4094 3570//4094
f 110//4095 3570//4095 976//4095
f 976//4095 3570//4095 3571//4095
f 976//4096 3571//4096 112//4096
f 112//4096 3571//4096 3572//4096
f 112//4097 3572//4097 113//4097
f 113//4097 3572//4097 3573//4097
f 113//4098 3573//4098 115//4098
f 115//4098 3573//4098 3574//4098
f 115//4099 3574//4099 116//4099
f 116//4099 3574//4099 3575//4099
f 116//4100 3575//4100 967//4100
f 967//4100 3575//4100 3576//4100
f 967//4101 3576//4101 966//4101
f 966//4101 3576//4101 3577//4101
f 966//4102 3577//4102 956//4102
f 956//4102 3577//4102 3578//4102
f 956//4103 3578//4103 118//4103
f 118//4103 3578//4103 3579//4103
f 118//4104 3579//4104 119//4104
f 119//4104 3579//4104 3580//4104
f 119//4105 3580//4105 121//4105
f 121//4105 3580//4105 3581//4105
f 121//4106 3581//4106 122//4106
f 122//4106 3581//4106 3582//4106
f 122//4107 3582//4107 930//4107
f 930//4107 3582//4107 3583//4107
f 930//4108 3583//4108 124//4108
f 124//4108 3583//4108 3584//4108
f 124//4109 3584//4109 125//4109
f 125//4109 3584//4109 3585//4109
f 125//4110 3585//4110 127//4110
f 127//4110 3585//4110 3586//4110
f 127//4111 3586//4111 128//4111
f 128//4111 3586//4111 3587//4111
f 128//4112 3587//4112 130//4112
f 130//4112 3587//4112 3588//4112
f 130//4113 3588//4113 131//4113
f 131//4114 3588//4114 3461//4114
f 2913//4115 3589//4115 3590//4115
f 3589//4116 3591//4116 3592//4116
f 3591//4117 3593//4117 3594//4117
f 3593//4118 3595//4118 3596//4118
f 3595//4119 3597//4119 3598//4119
f 3597//4120 3599//4120 3600//4120
f 3599//4121 3601//4121 3602//4121
f 3601//4122 3603//4122 3604//4122
f 3367//4123 3368//4123 3605//4123
f 3367//4124 3605//4124 3366//4124
f 3603//4125 3369//4125 3370//4125
f 3372//4126 3606//4126 3604//4126
f 3603//4127 3370//4127 3604//4127
f 3604//4128 3370//4128 3371//4128
f 3604//4129 3371//4129 3372//4129
f 3372//4130 3373//4130 3606//4130
f 3606//4131 3373//4131 3374//4131
f 3606//4132 3374//4132 3607//4132
f 3607//4133 3374//4133 3375//4133
f 3607//4134 3375//4134 3608//4134
f 3375//4135 3376//4135 3608//4135
f 3608//4136 3376//4136 3377//4136
f 3608//4137 3377//4137 3609//4137
f 3609//4138 3377//4138 3378//4138
f 3609//4139 3378//4139 3610//4139
f 3610//4140 3378//4140 3379//4140
f 3384//4141 3611//4141 3612//4141
f 3379//4142 3380//4142 3610//4142
f 3610//4143 3380//4143 3381//4143
f 3610//4144 3381//4144 3613//4144
f 3613//4145 3381//4145 3382//4145
f 3613//4146 3382//4146 3612//4146
f 3612//4147 3382//4147 3383//4147
f 3612//4148 3383//4148 3384//4148
f 3389//4149 3614//4149 3615//4149
f 3384//4150 3385//4150 3611//4150
f 3611//4151 3385//4151 3386//4151
f 3611//4151 3386//4151 3616//4151
f 3616//4152 3386//4152 3387//4152
f 3616//4153 3387//4153 3615//4153
f 3615//4154 3387//4154 3388//4154
f 3615//4155 3388//4155 3389//4155
f 3389//4156 3390//4156 3614//4156
f 3614//4157 3390//4157 3391//4157
f 3614//4158 3391//4158 3617//4158
f 3391//4159 3392//4159 3617//4159
f 3617//4160 3392//4160 3393//4160
f 3617//4160 3393//4160 3618//4160
f 3618//4161 3393//4161 3394//4161
f 3618//4162 3394//4162 3619//4162
f 3619//4163 3394//4163 3395//4163
f 3619//4164 3395//4164 3620//4164
f 3620//4165 3395//4165 3396//4165
f 3401//4166 3621//4166 3622//4166
f 3396//4167 3397//4167 3620//4167
f 3620//4168 3397//4168 3398//4168
f 3620//4169 3398//4169 3623//4169
f 3623//4170 3398//4170 3399//4170
f 3623//4171 3399//4171 3622//4171
f 3622//4172 3399//4172 3400//4172
f 3622//4173 3400//4173 3401//4173
f 3401//4174 3402//4174 3621//4174
f 3621//4175 3402//4175 3403//4175
f 3621//4176 3403//4176 3624//4176
f 3624//4177 3403//4177 3404//4177
f 3624//4178 3404//4178 3625//4178
f 3404//4179 3405//4179 3625//4179
f 3625//4180 3405//4180 3406//4180
f 3625//4181 3406//4181 3626//4181
f 3626//4182 3406//4182 3407//4182
f 3626//4183 3407//4183 3627//4183
f 3627//4184 3407//4184 3408//4184
f 3413//4185 3628//4185 3629//4185
f 3408//4186 3409//4186 3627//4186
f 3627//4187 3409//4187 3410//4187
f 3627//4188 3410//4188 3630//4188
f 3630//4189 3410//4189 3411//4189
f 3630//4190 3411//4190 3629//4190
f 3629//4191 3411//4191 3412//4191
f 3629//4192 3412//4192 3413//4192
f 3418//4193 3631//4193 3632//4193
f 3413//4194 3414//4194 3628//4194
f 3628//4195 3414//4195 3415//4195
f 3628//4196 3415//4196 3633//4196
f 3633//4197 3415//4197 3416//4197
f 3633//4198 3416//4198 3632//4198
f 3632//4199 3416//4199 3417//4199
f 3632//4200 3417//4200 3418//4200
f 3418//4201 3419//4201 3631//4201
f 3631//4202 3419//4202 3420//4202
f 3631//4203 3420//4203 3634//4203
f 3420//4204 3421//4204 3634//4204
f 3634//4205 3421//4205 3422//4205
f 3634//4205 3422//4205 3635//4205
f 3635//4206 3422//4206 3423//4206
f 3635//4207 3423//4207 3636//4207
f 3636//4208 3423//4208 3424//4208
f 3636//4209 3424//4209 3637//4209
f 3637//4210 3424//4210 3425//4210
f 3430//4211 3638//4211 3639//4211
f 3425//4212 3426//4212 3637//4212
f 3637//4213 3426//4213 3427//4213
f 3637//4214 3427//4214 3640//4214
f 3640//4215 3427//4215 3428//4215
f 3640//4216 3428//4216 3639//4216
f 3639//4217 3428//4217 3429//4217
f 3639//4218 3429//4218 3430//4218
f 3430//4219 3431//4219 3638//4219
f 3638//4220 3431//4220 3432//4220
f 3638//4221 3432//4221 3641//4221
f 3641//4222 3432//4222 3433//4222
f 3641//4223 3433//4223 3642//4223
f 3433//4224 3434//4224 3642//4224
f 3642//4225 3434//4225 3435//4225
f 3642//4226 3435//4226 3643//4226
f 3643//4227 3435//4227 3436//4227
f 3643//4228 3436//4228 3644//4228
f 3644//4229 3436//4229 3437//4229
f 3442//4230 3645//4230 3646//4230
f 3437//4231 3438//4231 3644//4231
f 3644//4232 3438//4232 3439//4232
f 3644//4233 3439//4233 3647//4233
f 3647//4234 3439//4234 3440//4234
f 3647//4235 3440//4235 3646//4235
f 3646//4236 3440//4236 3441//4236
f 3646//4237 3441//4237 3442//4237
f 3442//4238 3443//4238 3645//4238
f 3645//4239 3443//4239 3444//4239
f 3645//4240 3444//4240 3648//4240
f 3648//4241 3444//4241 3445//4241
f 3648//4242 3445//4242 3649//4242
f 3445//4243 3446//4243 3649//4243
f 3649//4244 3446//4244 3447//4244
f 3649//4245 3447//4245 3650//4245
f 3650//4246 3447//4246 3448//4246
f 3650//4247 3448//4247 3651//4247
f 3651//4248 3448//4248 3449//4248
f 3454//4249 3652//4249 3653//4249
f 3449//4250 3450//4250 3651//4250
f 3651//4251 3450//4251 3451//4251
f 3651//4252 3451//4252 3654//4252
f 3654//4253 3451//4253 3452//4253
f 3654//4254 3452//4254 3653//4254
f 3653//4255 3452//4255 3453//4255
f 3653//4256 3453//4256 3454//4256
f 3459//4257 3655//4257 3656//4257
f 3454//4258 3455//4258 3652//4258
f 3652//4259 3455//4259 3456//4259
f 3652//4260 3456//4260 3657//4260
f 3657//4261 3456//4261 3457//4261
f 3657//4262 3457//4262 3656//4262
f 3656//4263 3457//4263 3458//4263
f 3656//4264 3458//4264 3459//4264
f 3459//4265 3460//4265 3655//4265
f 3655//4266 3460//4266 3461//4266
f 3655//4267 3461//4267 3658//4267
f 3658//4268 3461//4268 3588//4268
f 3658//4269 3588//4269 3659//4269
f 3588//4270 3587//4270 3659//4270
f 3659//4271 3587//4271 3586//4271
f 3659//4272 3586//4272 3660//4272
f 3660//4273 3586//4273 3585//4273
f 3660//4274 3585//4274 3661//4274
f 3661//4275 3585//4275 3584//4275
f 3579//4276 3662//4276 3663//4276
f 3584//4277 3583//4277 3661//4277
f 3661//4278 3583//4278 3582//4278
f 3661//4279 3582//4279 3664//4279
f 3664//4280 3582//4280 3581//4280
f 3664//4281 3581//4281 3663//4281
f 3663//4282 3581//4282 3580//4282
f 3663//4283 3580//4283 3579//4283
f 3579//4284 3578//4284 3662//4284
f 3662//4285 3578//4285 3577//4285
f 3662//4285 3577//4285 3665//4285
f 3665//4286 3577//4286 3576//4286
f 3665//4287 3576//4287 3666//4287
f 3576//4288 3575//4288 3666//4288
f 3666//4289 3575//4289 3574//4289
f 3666//4290 3574//4290 3667//4290
f 3667//4291 3574//4291 3573//4291
f 3667//4292 3573//4292 3668//4292
f 3668//4293 3573//4293 3572//4293
f 3567//4294 3669//4294 3670//4294
f 3572//4295 3571//4295 3668//4295
f 3668//4296 3571//4296 3570//4296
f 3668//4296 3570//4296 3671//4296
f 3671//4297 3570//4297 3569//4297
f 3671//4298 3569//4298 3670//4298
f 3670//4299 3569//4299 3568//4299
f 3670//4300 3568//4300 3567//4300
f 3562//4301 3672//4301 3673//4301
f 3567//4302 3566//4302 3669//4302
f 3669//4303 3566//4303 3565//4303
f 3669//4304 3565//4304 3674//4304
f 3674//4305 3565//4305 3564//4305
f 3674//4306 3564//4306 3673//4306
f 3673//4307 3564//4307 3563//4307
f 3673//4308 3563//4308 3562//4308
f 3562//4309 3561//4309 3672//4309
f 3672//4310 3561//4310 3560//4310
f 3672//4311 3560//4311 3675//4311
f 3560//4312 3559//4312 3675//4312
f 3675//4313 3559//4313 3558//4313
f 3675//4313 3558//4313 3676//4313
f 3676//4314 3558//4314 3557//4314
f 3676//4315 3557//4315 3677//4315
f 3677//4316 3557//4316 3556//4316
f 3677//4317 3556//4317 3678//4317
f 3678//4318 3556//4318 3555//4318
f 3550//4319 3679//4319 3680//4319
f 3555//4320 3554//4320 3678//4320
f 3678//4321 3554//4321 3553//4321
f 3678//4321 3553//4321 3681//4321
f 3681//4322 3553//4322 3552//4322
f 3681//4323 3552//4323 3680//4323
f 3680//4324 3552//4324 3551//4324
f 3680//4325 3551//4325 3550//4325
f 3550//4326 3549//4326 3679//4326
f 3679//4327 3549//4327 3548//4327
f 3679//4328 3548//4328 3682//4328
f 3682//4329 3548//4329 3547//4329
f 3682//4330 3547//4330 3683//4330
f 3547//4331 3546//4331 3683//4331
f 3683//4332 3546//4332 3545//4332
f 3683//4333 3545//4333 3684//4333
f 3684//4334 3545//4334 3544//4334
f 3684//4335 3544//4335 3685//4335
f 3685//4336 3544//4336 3543//4336
f 3538//4337 3686//4337 3687//4337
f 3543//4338 3542//4338 3685//4338
f 3685//4339 3542//4339 3541//4339
f 3685//4340 3541//4340 3688//4340
f 3688//4341 3541//4341 3540//4341
f 3688//4342 3540//4342 3687//4342
f 3687//4343 3540//4343 3539//4343
f 3687//4344 3539//4344 3538//4344
f 3533//4345 3689//4345 3690//4345
f 3538//4346 3537//4346 3686//4346
f 3686//4347 3537//4347 3536//4347
f 3686//4348 3536//4348 3691//4348
f 3691//4349 3536//4349 3535//4349
f 3691//4350 3535//4350 3690//4350
f 3690//4351 3535//4351 3534//4351
f 3690//4352 3534//4352 3533//4352
f 3533//4353 3532//4353 3689//4353
f 3689//4354 3532//4354 3531//4354
f 3689//4355 3531//4355 3692//4355
f 3531//4356 3530//4356 3692//4356
f 3692//4357 3530//4357 3529//4357
f 3692//4357 3529//4357 3693//4357
f 3693//4358 3529//4358 3528//4358
f 3693//4359 3528//4359 3694//4359
f 3694//4360 3528//4360 3527//4360
f 3694//4361 3527//4361 3695//4361
f 3695//4362 3527//4362 3526//4362
f 3521//4363 3696//4363 3697//4363
f 3526//4364 3525//4364 3695//4364
f 3695//4365 3525//4365 3524//4365
f 3695//4366 3524//4366 3698//4366
f 3698//4367 3524//4367 3523//4367
f 3698//4368 3523//4368 3697//4368
f 3697//4369 3523//4369 3522//4369
f 3697//4370 3522//4370 3521//4370
f 3521//4371 3520//4371 3696//4371
f 3696//4372 3520//4372 3519//4372
f 3696//4372 3519//4372 3699//4372
f 3699//4373 3519//4373 3518//4373
f 3699//4374 3518//4374 3700//4374
f 3518//4375 3517//4375 3700//4375
f 3700//4376 3517//4376 3516//4376
f 3700//4377 3516//4377 3701//4377
f 3701//4378 3516//4378 3515//4378
f 3701//4379 3515//4379 3702//4379
f 3702//4380 3515//4380 3514//4380
f 3509//4381 3703//4381 3704//4381
f 3514//4382 3513//4382 3702//4382
f 3702//4383 3513//4383 3512//4383
f 3702//4384 3512//4384 3705//4384
f 3705//4385 3512//4385 3511//4385
f 3705//4386 3511//4386 3704//4386
f 3704//4387 3511//4387 3510//4387
f 3704//4388 3510//4388 3509//4388
f 3509//4389 3508//4389 3703//4389
f 3703//4390 3508//4390 3507//4390
f 3703//4391 3507//4391 3706//4391
f 3706//4392 3507//4392 3506//4392
f 3706//4393 3506//4393 3707//4393
f 3506//4394 3505//4394 3707//4394
f 3707//4395 3505//4395 3504//4395
f 3707//4396 3504//4396 3708//4396
f 3708//4397 3504//4397 3503//4397
f 3708//4398 3503//4398 3709//4398
f 3709//4399 3503//4399 3502//4399
f 3502//4400 3501//4400 3709//4400
f 3709//4401 3501//4401 3500//4401
f 3709//4402 3500//4402 3710//4402
f 3710//4403 3500//4403 3499//4403
f 3710//4404 3499//4404 3711//4404
f 3711//4405 3499//4405 3498//4405
f 3711//4406 3498//4406 3712//4406
f 3712//4407 3498//4407 3497//4407
f 3492//4408 3713//4408 3714//4408
f 3497//4409 3496//4409 3712//4409
f 3712//4410 3496//4410 3495//4410
f 3712//4410 3495//4410 3715//4410
f 3715//4411 3495//4411 3494//4411
f 3715//4412 3494//4412 3714//4412
f 3714//4413 3494//4413 3493//4413
f 3714//4414 3493//4414 3492//4414
f 3492//4415 3491//4415 3713//4415
f 3713//4416 3491//4416 3490//4416
f 3713//4417 3490//4417 3716//4417
f 3716//4418 3490//4418 3489//4418
f 3716//4419 3489//4419 3717//4419
f 3489//4420 3488//4420 3717//4420
f 3717//4421 3488//4421 3487//4421
f 3717//4422 3487//4422 3718//4422
f 3718//4423 3487//4423 3486//4423
f 3718//4424 3486//4424 3719//4424
f 3719//4425 3486//4425 3485//4425
f 3480//4426 3720//4426 3721//4426
f 3485//4427 3484//4427 3719//4427
f 3719//4428 3484//4428 3483//4428
f 3719//4428 3483//4428 3722//4428
f 3722//4429 3483//4429 3482//4429
f 3722//4430 3482//4430 3721//4430
f 3721//4431 3482//4431 3481//4431
f 3721//4432 3481//4432 3480//4432
f 3480//4433 3479//4433 3720//4433
f 3720//4434 3479//4434 3478//4434
f 3720//4435 3478//4435 3723//4435
f 3723//4436 3478//4436 3477//4436
f 3723//4437 3477//4437 3724//4437
f 3477//4438 3476//4438 3724//4438
f 3724//4439 3476//4439 3475//4439
f 3724//4440 3475//4440 3725//4440
f 3725//4441 3475//4441 3474//4441
f 3725//4442 3474//4442 3726//4442
f 3726//4443 3474//4443 3473//4443
f 3468//4444 3727//4444 3728//4444
f 3473//4445 3472//4445 3726//4445
f 3726//4446 3472//4446 3471//4446
f 3726//4447 3471//4447 3729//4447
f 3729//4448 3471//4448 3470//4448
f 3729//4449 3470//4449 3728//4449
f 3728//4450 3470//4450 3469//4450
f 3728//4451 3469//4451 3468//4451
f 3463//4452 3730//4452 3731//4452
f 3468//4453 3467//4453 3727//4453
f 3727//4454 3467//4454 3466//4454
f 3727//4454 3466//4454 3732//4454
f 3732//4455 3466//4455 3465//4455
f 3732//4456 3465//4456 3731//4456
f 3731//4457 3465//4457 3464//4457
f 3731//4458 3464//4458 3463//4458
f 3463//4459 3462//4459 3730//4459
f 3730//4460 3462//4460 3733//4460
f 3730//4460 3733//4460 3734//4460
f 3734//4461 3735//4461 3736//4461
f 3601//4122 3604//4122 3602//4122
f 3602//4462 3604//4462 3606//4462
f 3602//4462 3606//4462 3737//4462
f 3737//4463 3606//4463 3607//4463
f 3737//4463 3607//4463 3738//4463
f 3738//4464 3607//4464 3608//4464
f 3738//4464 3608//4464 3739//4464
f 3739//4465 3608//4465 3609//4465
f 3739//4465 3609//4465 3740//4465
f 3740//4466 3609//4466 3610//4466
f 3740//4466 3610//4466 3741//4466
f 3741//4467 3610//4467 3613//4467
f 3741//4467 3613//4467 3742//4467
f 3742//4468 3613//4468 3612//4468
f 3742//4468 3612//4468 3743//4468
f 3743//4469 3612//4469 3611//4469
f 3743//4469 3611//4469 3744//4469
f 3744//4470 3611//4470 3616//4470
f 3744//4470 3616//4470 3745//4470
f 3745//4471 3616//4471 3615//4471
f 3745//4471 3615//4471 3746//4471
f 3746//4472 3615//4472 3614//4472
f 3746//4472 3614//4472 3747//4472
f 3747//4473 3614//4473 3617//4473
f 3747//4473 3617//4473 3748//4473
f 3748//4474 3617//4474 3618//4474
f 3748//4474 3618//4474 3749//4474
f 3749//4475 3618//4475 3619//4475
f 3749//4475 3619//4475 3750//4475
f 3750//4476 3619//4476 3620//4476
f 3750//4476 3620//4476 3751//4476
f 3751//4477 3620//4477 3623//4477
f 3751//4477 3623//4477 3752//4477
f 3752//4478 3623//4478 3622//4478
f 3752//4478 3622//4478 3753//4478
f 3753//4479 3622//4479 3621//4479
f 3753//4479 3621//4479 3754//4479
f 3754//4480 3621//4480 3624//4480
f 3754//4480 3624//4480 3755//4480
f 3755//4481 3624//4481 3625//4481
f 3755//4482 3625//4482 3756//4482
f 3756//4483 3625//4483 3626//4483
f 3756//4483 3626//4483 3757//4483
f 3757//4484 3626//4484 3627//4484
f 3757//4484 3627//4484 3758//4484
f 3758//4485 3627//4485 3630//4485
f 3758//4485 3630//4485 3759//4485
f 3759//4486 3630//4486 3629//4486
f 3759//4487 3629//4487 3760//4487
f 3760//4488 3629//4488 3628//4488
f 3760//4489 3628//4489 3761//4489
f 3761//4490 3628//4490 3633//4490
f 3761//4490 3633//4490 3762//4490
f 3762//4491 3633//4491 3632//4491
f 3762//4492 3632//4492 3763//4492
f 3763//4493 3632//4493 3631//4493
f 3763//4493 3631//4493 3764//4493
f 3764//4494 3631//4494 3634//4494
f 3764//4494 3634//4494 3765//4494
f 3765//4495 3634//4495 3635//4495
f 3765//4496 3635//4496 3766//4496
f 3766//4497 3635//4497 3636//4497
f 3766//4498 3636//4498 3767//4498
f 3767//4499 3636//4499 3637//4499
f 3767//4499 3637//4499 3768//4499
f 3768//4500 3637//4500 3640//4500
f 3768//4500 3640//4500 3769//4500
f 3769//4501 3640//4501 3639//4501
f 3769//4502 3639//4502 3770//4502
f 3770//4503 3639//4503 3638//4503
f 3770//4504 3638//4504 3771//4504
f 3771//4505 3638//4505 3641//4505
f 3771//4506 3641//4506 3772//4506
f 3772//4507 3641//4507 3642//4507
f 3772//4508 3642//4508 3773//4508
f 3773//4509 3642//4509 3643//4509
f 3773//4510 3643//4510 3774//4510
f 3774//4511 3643//4511 3644//4511
f 3774//4512 3644//4512 3775//4512
f 3775//4513 3644//4513 3647//4513
f 3775//4514 3647//4514 3776//4514
f 3776//4515 3647//4515 3646//4515
f 3776//4516 3646//4516 3777//4516
f 3777//4517 3646//4517 3645//4517
f 3777//4518 3645//4518 3778//4518
f 3778//4519 3645//4519 3648//4519
f 3778//4520 3648//4520 3779//4520
f 3779//4521 3648//4521 3649//4521
f 3779//4522 3649//4522 3780//4522
f 3780//4523 3649//4523 3650//4523
f 3780//4524 3650//4524 3781//4524
f 3781//4525 3650//4525 3651//4525
f 3781//4526 3651//4526 3782//4526
f 3782//4527 3651//4527 3654//4527
f 3782//4527 3654//4527 3783//4527
f 3783//4528 3654//4528 3653//4528
f 3783//4528 3653//4528 3784//4528
f 3784//4529 3653//4529 3652//4529
f 3784//4530 3652//4530 3785//4530
f 3785//4531 3652//4531 3657//4531
f 3785//4532 3657//4532 3786//4532
f 3786//4533 3657//4533 3656//4533
f 3786//4534 3656//4534 3787//4534
f 3787//4535 3656//4535 3655//4535
f 3787//4535 3655//4535 3788//4535
f 3788//4536 3655//4536 3658//4536
f 3788//4537 3658//4537 3789//4537
f 3789//4538 3658//4538 3659//4538
f 3789//4539 3659//4539 3790//4539
f 3790//4540 3659//4540 3660//4540
f 3790//4540 3660//4540 3791//4540
f 3791//4541 3660//4541 3661//4541
f 3791//4542 3661//4542 3792//4542
f 3792//4543 3661//4543 3664//4543
f 3792//4544 3664//4544 3793//4544
f 3793//4545 3664//4545 3663//4545
f 3793//4546 3663//4546 3794//4546
f 3794//4547 3663//4547 3662//4547
f 3794//4548 3662//4548 3795//4548
f 3795//4549 3662//4549 3665//4549
f 3795//4550 3665//4550 3796//4550
f 3796//4551 3665//4551 3666//4551
f 3796//4552 3666//4552 3797//4552
f 3797//4553 3666//4553 3667//4553
f 3797//4553 3667//4553 3798//4553
f 3798//4554 3667//4554 3668//4554
f 3798//4555 3668//4555 3799//4555
f 3799//4556 3668//4556 3671//4556
f 3799//4557 3671//4557 3800//4557
f 3800//4558 3671//4558 3670//4558
f 3800//4559 3670//4559 3801//4559
f 3801//4560 3670//4560 3669//4560
f 3801//4561 3669//4561 3802//4561
f 3802//4562 3669//4562 3674//4562
f 3802//4563 3674//4563 3803//4563
f 3803//4564 3674//4564 3673//4564
f 3803//4565 3673//4565 3804//4565
f 3804//4566 3673//4566 3672//4566
f 3804//4566 3672//4566 3805//4566
f 3805//4567 3672//4567 3675//4567
f 3805//4568 3675//4568 3806//4568
f 3806//4569 3675//4569 3676//4569
f 3806//4569 3676//4569 3807//4569
f 3807//4570 3676//4570 3677//4570
f 3807//4571 3677//4571 3808//4571
f 3808//4572 3677//4572 3678//4572
f 3808//4573 3678//4573 3809//4573
f 3809//4574 3678//4574 3681//4574
f 3809//4575 3681//4575 3810//4575
f 3810//4576 3681//4576 3680//4576
f 3810//4576 3680//4576 3811//4576
f 3811//4577 3680//4577 3679//4577
f 3811//4578 3679//4578 3812//4578
f 3812//4579 3679//4579 3682//4579
f 3812//4580 3682//4580 3813//4580
f 3813//4581 3682//4581 3683//4581
f 3813//4582 3683//4582 3814//4582
f 3814//4583 3683//4583 3684//4583
f 3814//4583 3684//4583 3815//4583
f 3815//4584 3684//4584 3685//4584
f 3815//4585 3685//4585 3816//4585
f 3816//4586 3685//4586 3688//4586
f 3816//4587 3688//4587 3817//4587
f 3817//4588 3688//4588 3687//4588
f 3817//4589 3687//4589 3818//4589
f 3818//4590 3687//4590 3686//4590
f 3818//4590 3686//4590 3819//4590
f 3819//4591 3686//4591 3691//4591
f 3819//4592 3691//4592 3820//4592
f 3820//4593 3691//4593 3690//4593
f 3820//4593 3690//4593 3821//4593
f 3821//4594 3690//4594 3689//4594
f 3821//4595 3689//4595 3822//4595
f 3822//4596 3689//4596 3692//4596
f 3822//4597 3692//4597 3823//4597
f 3823//4598 3692//4598 3693//4598
f 3823//4598 3693//4598 3824//4598
f 3824//4599 3693//4599 3694//4599
f 3824//4600 3694//4600 3825//4600
f 3825//4601 3694//4601 3695//4601
f 3825//4602 3695//4602 3826//4602
f 3826//4603 3695//4603 3698//4603
f 3826//4604 3698//4604 3827//4604
f 3827//4605 3698//4605 3697//4605
f 3827//4605 3697//4605 3828//4605
f 3828//4606 3697//4606 3696//4606
f 3828//4607 3696//4607 3829//4607
f 3829//4608 3696//4608 3699//4608
f 3829//4609 3699//4609 3830//4609
f 3830//4610 3699//4610 3700//4610
f 3830//4610 3700//4610 3831//4610
f 3831//4611 3700//4611 3701//4611
f 3831//4611 3701//4611 3832//4611
f 3832//4612 3701//4612 3702//4612
f 3832//4613 3702//4613 3833//4613
f 3833//4614 3702//4614 3705//4614
f 3833//4615 3705//4615 3834//4615
f 3834//4616 3705//4616 3704//4616
f 3834//4617 3704//4617 3835//4617
f 3835//4618 3704//4618 3703//4618
f 3835//4619 3703//4619 3836//4619
f 3836//4620 3703//4620 3706//4620
f 3836//4621 3706//4621 3837//4621
f 3837//4622 3706//4622 3707//4622
f 3837//4622 3707//4622 3838//4622
f 3838//4623 3707//4623 3708//4623
f 3838//4623 3708//4623 3839//4623
f 3839//4624 3708//4624 3709//4624
f 3839//4625 3709//4625 3840//4625
f 3840//4626 3709//4626 3710//4626
f 3840//4626 3710//4626 3841//4626
f 3841//4627 3710//4627 3711//4627
f 3841//4627 3711//4627 3842//4627
f 3842//4628 3711//4628 3712//4628
f 3842//4628 3712//4628 3843//4628
f 3843//4629 3712//4629 3715//4629
f 3843//4629 3715//4629 3844//4629
f 3844//4630 3715//4630 3714//4630
f 3844//4631 3714//4631 3845//4631
f 3845//4632 3714//4632 3713//4632
f 3845//4632 3713//4632 3846//4632
f 3846//4633 3713//4633 3716//4633
f 3846//4633 3716//4633 3847//4633
f 3847//4634 3716//4634 3717//4634
f 3847//4634 3717//4634 3848//4634
f 3848//4635 3717//4635 3718//4635
f 3848//4635 3718//4635 3849//4635
f 3849//4636 3718//4636 3719//4636
f 3849//4636 3719//4636 3850//4636
f 3850//4637 3719//4637 3722//4637
f 3850//4637 3722//4637 3851//4637
f 3851//4638 3722//4638 3721//4638
f 3851//4638 3721//4638 3852//4638
f 3852//4639 3721//4639 3720//4639
f 3852//4639 3720//4639 3853//4639
f 3853//4640 3720//4640 3723//4640
f 3853//4640 3723//4640 3854//4640
f 3854//4641 3723//4641 3724//4641
f 3854//4641 3724//4641 3855//4641
f 3855//4642 3724//4642 3725//4642
f 3855//4642 3725//4642 3856//4642
f 3856//4643 3725//4643 3726//4643
f 3856//4643 3726//4643 3857//4643
f 3857//4644 3726//4644 3729//4644
f 3857//4644 3729//4644 3858//4644
f 3858//4645 3729//4645 3728//4645
f 3858//4645 3728//4645 3859//4645
f 3859//4646 3728//4646 3727//4646
f 3859//4646 3727//4646 3860//4646
f 3860//4647 3727//4647 3732//4647
f 3860//4647 3732//4647 3861//4647
f 3861//4648 3732//4648 3731//4648
f 3861//4649 3731//4649 3862//4649
f 3862//4650 3731//4650 3730//4650
f 3862//4650 3730//4650 3736//4650
f 3736//4461 3730//4461 3734//4461
f 3735//4651 3863//4651 3864//4651
f 3599//4121 3602//4121 3600//4121
f 3600//4652 3602//4652 3737//4652
f 3600//4652 3737//4652 3865//4652
f 3865//4653 3737//4653 3738//4653
f 3865//4654 3738//4654 3866//4654
f 3866//4655 3738//4655 3739//4655
f 3866//4655 3739//4655 3867//4655
f 3867//4656 3739//4656 3740//4656
f 3867//4656 3740//4656 3868//4656
f 3868//4657 3740//4657 3741//4657
f 3868//4657 3741//4657 3869//4657
f 3869//4658 3741//4658 3742//4658
f 3869//4658 3742//4658 3870//4658
f 3870//4659 3742//4659 3743//4659
f 3870//4659 3743//4659 3871//4659
f 3871//4660 3743//4660 3744//4660
f 3871//4660 3744//4660 3872//4660
f 3872//4661 3744//4661 3745//4661
f 3872//4661 3745//4661 3873//4661
f 3873//4662 3745//4662 3746//4662
f 3873//4662 3746//4662 3874//4662
f 3874//4663 3746//4663 3747//4663
f 3874//4663 3747//4663 3875//4663
f 3875//4664 3747//4664 3748//4664
f 3875//4664 3748//4664 3876//4664
f 3876//4665 3748//4665 3749//4665
f 3876//4665 3749//4665 3877//4665
f 3877//4666 3749//4666 3750//4666
f 3877//4667 3750//4667 3878//4667
f 3878//4668 3750//4668 3751//4668
f 3878//4668 3751//4668 3879//4668
f 3879//4669 3751//4669 3752//4669
f 3879//4669 3752//4669 3880//4669
f 3880//4670 3752//4670 3753//4670
f 3880//4670 3753//4670 3881//4670
f 3881//4671 3753//4671 3754//4671
f 3881//4671 3754//4671 3882//4671
f 3882//4672 3754//4672 3755//4672
f 3882//4673 3755//4673 3883//4673
f 3883//4674 3755//4674 3756//4674
f 3883//4675 3756//4675 3884//4675
f 3884//4676 3756//4676 3757//4676
f 3884//4676 3757//4676 3885//4676
f 3885//4677 3757//4677 3758//4677
f 3885//4677 3758//4677 3886//4677
f 3886//4678 3758//4678 3759//4678
f 3886//4678 3759//4678 3887//4678
f 3887//4679 3759//4679 3760//4679
f 3887//4679 3760//4679 3888//4679
f 3888//4680 3760//4680 3761//4680
f 3888//4681 3761//4681 3889//4681
f 3889//4682 3761//4682 3762//4682
f 3889//4682 3762//4682 3890//4682
f 3890//4683 3762//4683 3763//4683
f 3890//4684 3763//4684 3891//4684
f 3891//4685 3763//4685 3764//4685
f 3891//4685 3764//4685 3892//4685
f 3892//4686 3764//4686 3765//4686
f 3892//4687 3765//4687 3893//4687
f 3893//4688 3765//4688 3766//4688
f 3893//4688 3766//4688 3894//4688
f 3894//4689 3766//4689 3767//4689
f 3894//4690 3767//4690 3895//4690
f 3895//4691 3767//4691 3768//4691
f 3895//4692 3768//4692 3896//4692
f 3896//4693 3768//4693 3769//4693
f 3896//4693 3769//4693 3897//4693
f 3897//4694 3769//4694 3770//4694
f 3897//4694 3770//4694 3898//4694
f 3898//4695 3770//4695 3771//4695
f 3898//4696 3771//4696 3899//4696
f 3899//4697 3771//4697 3772//4697
f 3899//4697 3772//4697 3900//4697
f 3900//4698 3772//4698 3773//4698
f 3900//4699 3773//4699 3901//4699
f 3901//4700 3773//4700 3774//4700
f 3901//4701 3774//4701 3902//4701
f 3902//4702 3774//4702 3775//4702
f 3902//4702 3775//4702 3903//4702
f 3903//4703 3775//4703 3776//4703
f 3903//4703 3776//4703 3904//4703
f 3904//4704 3776//4704 3777//4704
f 3904//4705 3777//4705 3905//4705
f 3905//4706 3777//4706 3778//4706
f 3905//4707 3778//4707 3906//4707
f 3906//4708 3778//4708 3779//4708
f 3906//4709 3779//4709 3907//4709
f 3907//4710 3779//4710 3780//4710
f 3907//4711 3780//4711 3908//4711
f 3908//4712 3780//4712 3781//4712
f 3908//4712 3781//4712 3909//4712
f 3909//4713 3781//4713 3782//4713
f 3909//4714 3782//4714 3910//4714
f 3910//4715 3782//4715 3783//4715
f 3910//4716 3783//4716 3911//4716
f 3911//4717 3783//4717 3784//4717
f 3911//4718 3784//4718 3912//4718
f 3912//4719 3784//4719 3785//4719
f 3912//4720 3785//4720 3913//4720
f 3913//4721 3785//4721 3786//4721
f 3913//4722 3786//4722 3914//4722
f 3914//4723 3786//4723 3787//4723
f 3914//4723 3787//4723 3915//4723
f 3915//4724 3787//4724 3788//4724
f 3915//4725 3788//4725 3916//4725
f 3916//4726 3788//4726 3789//4726
f 3916//4726 3789//4726 3917//4726
f 3917//4727 3789//4727 3790//4727
f 3917//4727 3790//4727 3918//4727
f 3918//4728 3790//4728 3791//4728
f 3918//4729 3791//4729 3919//4729
f 3919//4730 3791//4730 3792//4730
f 3919//4731 3792//4731 3920//4731
f 3920//4732 3792//4732 3793//4732
f 3920//4732 3793//4732 3921//4732
f 3921//4733 3793//4733 3794//4733
f 3921//4734 3794//4734 3922//4734
f 3922//4735 3794//4735 3795//4735
f 3922//4736 3795//4736 3923//4736
f 3923//4737 3795//4737 3796//4737
f 3923//4737 3796//4737 3924//4737
f 3924//4738 3796//4738 3797//4738
f 3924//4739 3797//4739 3925//4739
f 3925//4740 3797//4740 3798//4740
f 3925//4741 3798//4741 3926//4741
f 3926//4742 3798//4742 3799//4742
f 3926//4743 3799//4743 3927//4743
f 3927//4744 3799//4744 3800//4744
f 3927//4745 3800//4745 3928//4745
f 3928//4746 3800//4746 3801//4746
f 3928//4747 3801//4747 3929//4747
f 3929//4748 3801//4748 3802//4748
f 3929//4749 3802//4749 3930//4749
f 3930//4750 3802//4750 3803//4750
f 3930//4750 3803//4750 3931//4750
f 3931//4751 3803//4751 3804//4751
f 3931//4752 3804//4752 3932//4752
f 3932//4753 3804//4753 3805//4753
f 3932//4754 3805//4754 3933//4754
f 3933//4755 3805//4755 3806//4755
f 3933//4755 3806//4755 3934//4755
f 3934//4756 3806//4756 3807//4756
f 3934//4756 3807//4756 3935//4756
f 3935//4757 3807//4757 3808//4757
f 3935//4757 3808//4757 3936//4757
f 3936//4758 3808//4758 3809//4758
f 3936//4758 3809//4758 3937//4758
f 3937//4759 3809//4759 3810//4759
f 3937//4760 3810//4760 3938//4760
f 3938//4761 3810//4761 3811//4761
f 3938//4761 3811//4761 3939//4761
f 3939//4762 3811//4762 3812//4762
f 3939//4763 3812//4763 3940//4763
f 3940//4764 3812//4764 3813//4764
f 3940//4764 3813//4764 3941//4764
f 3941//4765 3813//4765 3814//4765
f 3941//4766 3814//4766 3942//4766
f 3942//4767 3814//4767 3815//4767
f 3942//4767 3815//4767 3943//4767
f 3943//4768 3815//4768 3816//4768
f 3943//4769 3816//4769 3944//4769
f 3944//4770 3816//4770 3817//4770
f 3944//4771 3817//4771 3945//4771
f 3945//4772 3817//4772 3818//4772
f 3945//4773 3818//4773 3946//4773
f 3946//4774 3818//4774 3819//4774
f 3946//4775 3819//4775 3947//4775
f 3947//4776 3819//4776 3820//4776
f 3947//4776 3820//4776 3948//4776
f 3948//4777 3820//4777 3821//4777
f 3948//4778 3821//4778 3949//4778
f 3949//4779 3821//4779 3822//4779
f 3949//4780 3822//4780 3950//4780
f 3950//4781 3822//4781 3823//4781
f 3950//4781 3823//4781 3951//4781
f 3951//4782 3823//4782 3824//4782
f 3951//4782 3824//4782 3952//4782
f 3952//4783 3824//4783 3825//4783
f 3952//4784 3825//4784 3953//4784
f 3953//4785 3825//4785 3826//4785
f 3953//4785 3826//4785 3954//4785
f 3954//4786 3826//4786 3827//4786
f 3954//4787 3827//4787 3955//4787
f 3955//4788 3827//4788 3828//4788
f 3955//4789 3828//4789 3956//4789
f 3956//4790 3828//4790 3829//4790
f 3956//4791 3829//4791 3957//4791
f 3957//4792 3829//4792 3830//4792
f 3957//4792 3830//4792 3958//4792
f 3958//4793 3830//4793 3831//4793
f 3958//4794 3831//4794 3959//4794
f 3959//4795 3831//4795 3832//4795
f 3959//4795 3832//4795 3960//4795
f 3960//4796 3832//4796 3833//4796
f 3960//4797 3833//4797 3961//4797
f 3961//4798 3833//4798 3834//4798
f 3961//4798 3834//4798 3962//4798
f 3962//4799 3834//4799 3835//4799
f 3962//4800 3835//4800 3963//4800
f 3963//4801 3835//4801 3836//4801
f 3963//4801 3836//4801 3964//4801
f 3964//4802 3836//4802 3837//4802
f 3964//4802 3837//4802 3965//4802
f 3965//4803 3837//4803 3838//4803
f 3965//4803 3838//4803 3966//4803
f 3966//4804 3838//4804 3839//4804
f 3966//4804 3839//4804 3967//4804
f 3967//4805 3839//4805 3840//4805
f 3967//4805 3840//4805 3968//4805
f 3968//4806 3840//4806 3841//4806
f 3968//4807 3841//4807 3969//4807
f 3969//4808 3841//4808 3842//4808
f 3969//4808 3842//4808 3970//4808
f 3970//4809 3842//4809 3843//4809
f 3970//4809 3843//4809 3971//4809
f 3971//4810 3843//4810 3844//4810
f 3971//4810 3844//4810 3972//4810
f 3972//4811 3844//4811 3845//4811
f 3972//4811 3845//4811 3973//4811
f 3973//4812 3845//4812 3846//4812
f 3973//4813 3846//4813 3974//4813
f 3974//4814 3846//4814 3847//4814
f 3974//4814 3847//4814 3975//4814
f 3975//4815 3847//4815 3848//4815
f 3975//4815 3848//4815 3976//4815
f 3976//4816 3848//4816 3849//4816
f 3976//4816 3849//4816 3977//4816
f 3977//4817 3849//4817 3850//4817
f 3977//4817 3850//4817 3978//4817
f 3978//4818 3850//4818 3851//4818
f 3978//4818 3851//4818 3979//4818
f 3979//4819 3851//4819 3852//4819
f 3979//4819 3852//4819 3980//4819
f 3980//4820 3852//4820 3853//4820
f 3980//4820 3853//4820 3981//4820
f 3981//4821 3853//4821 3854//4821
f 3981//4821 3854//4821 3982//4821
f 3982//4822 3854//4822 3855//4822
f 3982//4822 3855//4822 3983//4822
f 3983//4823 3855//4823 3856//4823
f 3983//4823 3856//4823 3984//4823
f 3984//4824 3856//4824 3857//4824
f 3984//4824 3857//4824 3985//4824
f 3985//4825 3857//4825 3858//4825
f 3985//4826 3858//4826 3986//4826
f 3986//4827 3858//4827 3859//4827
f 3986//4827 3859//4827 3987//4827
f 3987//4828 3859//4828 3860//4828
f 3987//4829 3860//4829 3988//4829
f 3988//4830 3860//4830 3861//4830
f 3988//4831 3861//4831 3989//4831
f 3989//4832 3861//4832 3862//4832
f 3989//4832 3862//4832 3990//4832
f 3990//4833 3862//4833 3736//4833
f 3990//4833 3736//4833 3864//4833
f 3864//4651 3736//4651 3735//4651
f 3863//4834 3991//4834 3992//4834
f 3597//4835 3600//4835 3598//4835
f 3598//4836 3600//4836 3865//4836
f 3598//4837 3865//4837 3993//4837
f 3993//4838 3865//4838 3866//4838
f 3993//4838 3866//4838 3994//4838
f 3994//4839 3866//4839 3867//4839
f 3994//4839 3867//4839 3995//4839
f 3995//4840 3867//4840 3868//4840
f 3995//4840 3868//4840 3996//4840
f 3996//4841 3868//4841 3869//4841
f 3996//4842 3869//4842 3997//4842
f 3997//4843 3869//4843 3870//4843
f 3997//4843 3870//4843 3998//4843
f 3998//4844 3870//4844 3871//4844
f 3998//4845 3871//4845 3999//4845
f 3999//4846 3871//4846 3872//4846
f 3999//4847 3872//4847 4000//4847
f 4000//4848 3872//4848 3873//4848
f 4000//4849 3873//4849 4001//4849
f 4001//4850 3873//4850 3874//4850
f 4001//4851 3874//4851 4002//4851
f 4002//4852 3874//4852 3875//4852
f 4002//4852 3875//4852 4003//4852
f 4003//4853 3875//4853 3876//4853
f 4003//4854 3876//4854 4004//4854
f 4004//4855 3876//4855 3877//4855
f 4004//4856 3877//4856 4005//4856
f 4005//4857 3877//4857 3878//4857
f 4005//4857 3878//4857 4006//4857
f 4006//4858 3878//4858 3879//4858
f 4006//4858 3879//4858 4007//4858
f 4007//4859 3879//4859 3880//4859
f 4007//4860 3880//4860 4008//4860
f 4008//4861 3880//4861 3881//4861
f 4008//4862 3881//4862 4009//4862
f 4009//4863 3881//4863 3882//4863
f 4009//4864 3882//4864 4010//4864
f 4010//4865 3882//4865 3883//4865
f 4010//4866 3883//4866 4011//4866
f 4011//4867 3883//4867 3884//4867
f 4011//4867 3884//4867 4012//4867
f 4012//4868 3884//4868 3885//4868
f 4012//4869 3885//4869 4013//4869
f 4013//4870 3885//4870 3886//4870
f 4013//4870 3886//4870 4014//4870
f 4014//4871 3886//4871 3887//4871
f 4014//4871 3887//4871 4015//4871
f 4015//4872 3887//4872 3888//4872
f 4015//4873 3888//4873 4016//4873
f 4016//4874 3888//4874 3889//4874
f 4016//4875 3889//4875 4017//4875
f 4017//4876 3889//4876 3890//4876
f 4017//4877 3890//4877 4018//4877
f 4018//4878 3890//4878 3891//4878
f 4018//4878 3891//4878 4019//4878
f 4019//4879 3891//4879 3892//4879
f 4019//4880 3892//4880 4020//4880
f 4020//4881 3892//4881 3893//4881
f 4020//4882 3893//4882 4021//4882
f 4021//4883 3893//4883 3894//4883
f 4021//4884 3894//4884 4022//4884
f 4022//4885 3894//4885 3895//4885
f 4022//4886 3895//4886 4023//4886
f 4023//4887 3895//4887 3896//4887
f 4023//4888 3896//4888 4024//4888
f 4024//4889 3896//4889 3897//4889
f 4024//4890 3897//4890 4025//4890
f 4025//4891 3897//4891 3898//4891
f 4025//4892 3898//4892 4026//4892
f 4026//4893 3898//4893 3899//4893
f 4026//4894 3899//4894 4027//4894
f 4027//4895 3899//4895 3900//4895
f 4027//4896 3900//4896 4028//4896
f 4028//4897 3900//4897 3901//4897
f 4028//4898 3901//4898 4029//4898
f 4029//4899 3901//4899 3902//4899
f 4029//4900 3902//4900 4030//4900
f 4030//4901 3902//4901 3903//4901
f 4030//4902 3903//4902 4031//4902
f 4031//4903 3903//4903 3904//4903
f 4031//4904 3904//4904 4032//4904
f 4032//4905 3904//4905 3905//4905
f 4032//4905 3905//4905 4033//4905
f 4033//4906 3905//4906 3906//4906
f 4033//4906 3906//4906 4034//4906
f 4034//4907 3906//4907 3907//4907
f 4034//4908 3907//4908 4035//4908
f 4035//4909 3907//4909 3908//4909
f 4035//4910 3908//4910 4036//4910
f 4036//4911 3908//4911 3909//4911
f 4036//4912 3909//4912 4037//4912
f 4037//4913 3909//4913 3910//4913
f 4037//4914 3910//4914 4038//4914
f 4038//4915 3910//4915 3911//4915
f 4038//4916 3911//4916 4039//4916
f 4039//4917 3911//4917 3912//4917
f 4039//4917 3912//4917 4040//4917
f 4040//4918 3912//4918 3913//4918
f 4040//4919 3913//4919 4041//4919
f 4041//4920 3913//4920 3914//4920
f 4041//4920 3914//4920 4042//4920
f 4042//4921 3914//4921 3915//4921
f 4042//4922 3915//4922 4043//4922
f 4043//4923 3915//4923 3916//4923
f 4043//4924 3916//4924 4044//4924
f 4044//4925 3916//4925 3917//4925
f 4044//4925 3917//4925 4045//4925
f 4045//4926 3917//4926 3918//4926
f 4045//4927 3918//4927 4046//4927
f 4046//4928 3918//4928 3919//4928
f 4046//4929 3919//4929 4047//4929
f 4047//4930 3919//4930 3920//4930
f 4047//4931 3920//4931 4048//4931
f 4048//4932 3920//4932 3921//4932
f 4048//4932 3921//4932 4049//4932
f 4049//4933 3921//4933 3922//4933
f 4049//4933 3922//4933 4050//4933
f 4050//4934 3922//4934 3923//4934
f 4050//4935 3923//4935 4051//4935
f 4051//4936 3923//4936 3924//4936
f 4051//4936 3924//4936 4052//4936
f 4052//4937 3924//4937 3925//4937
f 4052//4938 3925//4938 4053//4938
f 4053//4939 3925//4939 3926//4939
f 4053//4940 3926//4940 4054//4940
f 4054//4941 3926//4941 3927//4941
f 4054//4941 3927//4941 4055//4941
f 4055//4942 3927//4942 3928//4942
f 4055//4942 3928//4942 4056//4942
f 4056//4943 3928//4943 3929//4943
f 4056//4943 3929//4943 4057//4943
f 4057//4944 3929//4944 3930//4944
f 4057//4945 3930//4945 4058//4945
f 4058//4946 3930//4946 3931//4946
f 4058//4947 3931//4947 4059//4947
f 4059//4948 3931//4948 3932//4948
f 4059//4949 3932//4949 4060//4949
f 4060//4950 3932//4950 3933//4950
f 4060//4950 3933//4950 4061//4950
f 4061//4951 3933//4951 3934//4951
f 4061//4952 3934//4952 4062//4952
f 4062//4953 3934//4953 3935//4953
f 4062//4954 3935//4954 4063//4954
f 4063//4955 3935//4955 3936//4955
f 4063//4956 3936//4956 4064//4956
f 4064//4957 3936//4957 3937//4957
f 4064//4958 3937//4958 4065//4958
f 4065//4959 3937//4959 3938//4959
f 4065//4960 3938//4960 4066//4960
f 4066//4961 3938//4961 3939//4961
f 4066//4962 3939//4962 4067//4962
f 4067//4963 3939//4963 3940//4963
f 4067//4963 3940//4963 4068//4963
f 4068//4964 3940//4964 3941//4964
f 4068//4965 3941//4965 4069//4965
f 4069//4966 3941//4966 3942//4966
f 4069//4967 3942//4967 4070//4967
f 4070//4968 3942//4968 3943//4968
f 4070//4969 3943//4969 4071//4969
f 4071//4970 3943//4970 3944//4970
f 4071//4971 3944//4971 4072//4971
f 4072//4972 3944//4972 3945//4972
f 4072//4973 3945//4973 4073//4973
f 4073//4974 3945//4974 3946//4974
f 4073//4974 3946//4974 4074//4974
f 4074//4975 3946//4975 3947//4975
f 4074//4975 3947//4975 4075//4975
f 4075//4976 3947//4976 3948//4976
f 4075//4976 3948//4976 4076//4976
f 4076//4977 3948//4977 3949//4977
f 4076//4978 3949//4978 4077//4978
f 4077//4979 3949//4979 3950//4979
f 4077//4980 3950//4980 4078//4980
f 4078//4981 3950//4981 3951//4981
f 4078//4982 3951//4982 4079//4982
f 4079//4983 3951//4983 3952//4983
f 4079//4984 3952//4984 4080//4984
f 4080//4985 3952//4985 3953//4985
f 4080//4985 3953//4985 4081//4985
f 4081//4986 3953//4986 3954//4986
f 4081//4986 3954//4986 4082//4986
f 4082//4987 3954//4987 3955//4987
f 4082//4988 3955//4988 4083//4988
f 4083//4989 3955//4989 3956//4989
f 4083//4990 3956//4990 4084//4990
f 4084//4991 3956//4991 3957//4991
f 4084//4992 3957//4992 4085//4992
f 4085//4993 3957//4993 3958//4993
f 4085//4993 3958//4993 4086//4993
f 4086//4994 3958//4994 3959//4994
f 4086//4994 3959//4994 4087//4994
f 4087//4995 3959//4995 3960//4995
f 4087//4996 3960//4996 4088//4996
f 4088//4997 3960//4997 3961//4997
f 4088//4998 3961//4998 4089//4998
f 4089//4999 3961//4999 3962//4999
f 4089//4999 3962//4999 4090//4999
f 4090//5000 3962//5000 3963//5000
f 4090//5001 3963//5001 4091//5001
f 4091//5002 3963//5002 3964//5002
f 4091//5003 3964//5003 4092//5003
f 4092//5004 3964//5004 3965//5004
f 4092//5005 3965//5005 4093//5005
f 4093//5006 3965//5006 3966//5006
f 4093//5007 3966//5007 4094//5007
f 4094//5008 3966//5008 3967//5008
f 4094//5009 3967//5009 4095//5009
f 4095//5010 3967//5010 3968//5010
f 4095//5010 3968//5010 4096//5010
f 4096//5011 3968//5011 3969//5011
f 4096//5012 3969//5012 4097//5012
f 4097//5013 3969//5013 3970//5013
f 4097//5014 3970//5014 4098//5014
f 4098//5015 3970//5015 3971//5015
f 4098//5016 3971//5016 4099//5016
f 4099//5017 3971//5017 3972//5017
f 4099//5017 3972//5017 4100//5017
f 4100//5018 3972//5018 3973//5018
f 4100//5018 3973//5018 4101//5018
f 4101//5019 3973//5019 3974//5019
f 4101//5019 3974//5019 4102//5019
f 4102//5020 3974//5020 3975//5020
f 4102//5021 3975//5021 4103//5021
f 4103//5022 3975//5022 3976//5022
f 4103//5023 3976//5023 4104//5023
f 4104//5024 3976//5024 3977//5024
f 4104//5024 3977//5024 4105//5024
f 4105//5025 3977//5025 3978//5025
f 4105//5025 3978//5025 4106//5025
f 4106//5026 3978//5026 3979//5026
f 4106//5027 3979//5027 4107//5027
f 4107//5028 3979//5028 3980//5028
f 4107//5029 3980//5029 4108//5029
f 4108//5030 3980//5030 3981//5030
f 4108//5031 3981//5031 4109//5031
f 4109//5032 3981//5032 3982//5032
f 4109//5032 3982//5032 4110//5032
f 4110//5033 3982//5033 3983//5033
f 4110//5034 3983//5034 4111//5034
f 4111//5035 3983//5035 3984//5035
f 4111//5035 3984//5035 4112//5035
f 4112//5036 3984//5036 3985//5036
f 4112//5036 3985//5036 4113//5036
f 4113//5037 3985//5037 3986//5037
f 4113//5037 3986//5037 4114//5037
f 4114//5038 3986//5038 3987//5038
f 4114//5039 3987//5039 4115//5039
f 4115//5040 3987//5040 3988//5040
f 4115//5041 3988//5041 4116//5041
f 4116//5042 3988//5042 3989//5042
f 4116//5043 3989//5043 4117//5043
f 4117//5044 3989//5044 3990//5044
f 4117//5044 3990//5044 4118//5044
f 4118//5045 3990//5045 3864//5045
f 4118//5045 3864//5045 3992//5045
f 3992//5046 3864//5046 3863//5046
f 3991//5047 4119//5047 4120//5047
f 3595//4119 3598//4119 3596//4119
f 3596//5048 3598//5048 3993//5048
f 3596//5048 3993//5048 4121//5048
f 4121//5049 3993//5049 3994//5049
f 4121//5049 3994//5049 4122//5049
f 4122//5050 3994//5050 3995//5050
f 4122//5050 3995//5050 4123//5050
f 4123//5051 3995//5051 3996//5051
f 4123//5051 3996//5051 4124//5051
f 4124//5052 3996//5052 3997//5052
f 4124//5053 3997//5053 4125//5053
f 4125//5054 3997//5054 3998//5054
f 4125//5054 3998//5054 4126//5054
f 4126//5055 3998//5055 3999//5055
f 4126//5055 3999//5055 4127//5055
f 4127//5056 3999//5056 4000//5056
f 4127//5056 4000//5056 4128//5056
f 4128//5057 4000//5057 4001//5057
f 4128//5057 4001//5057 4129//5057
f 4129//5058 4001//5058 4002//5058
f 4129//5058 4002//5058 4130//5058
f 4130//5059 4002//5059 4003//5059
f 4130//5059 4003//5059 4131//5059
f 4131//5060 4003//5060 4004//5060
f 4131//5060 4004//5060 4132//5060
f 4132//5061 4004//5061 4005//5061
f 4132//5061 4005//5061 4133//5061
f 4133//5062 4005//5062 4006//5062
f 4133//5062 4006//5062 4134//5062
f 4134//5063 4006//5063 4007//5063
f 4134//5063 4007//5063 4135//5063
f 4135//5064 4007//5064 4008//5064
f 4135//5064 4008//5064 4136//5064
f 4136//5065 4008//5065 4009//5065
f 4136//5065 4009//5065 4137//5065
f 4137//5066 4009//5066 4010//5066
f 4137//5066 4010//5066 4138//5066
f 4138//5067 4010//5067 4011//5067
f 4138//5068 4011//5068 4139//5068
f 4139//5069 4011//5069 4012//5069
f 4139//5069 4012//5069 4140//5069
f 4140//5070 4012//5070 4013//5070
f 4140//5070 4013//5070 4141//5070
f 4141//5071 4013//5071 4014//5071
f 4141//5071 4014//5071 4142//5071
f 4142//5072 4014//5072 4015//5072
f 4142//5072 4015//5072 4143//5072
f 4143//5073 4015//5073 4016//5073
f 4143//5073 4016//5073 4144//5073
f 4144//5074 4016//5074 4017//5074
f 4144//5074 4017//5074 4145//5074
f 4145//5075 4017//5075 4018//5075
f 4145//5075 4018//5075 4146//5075
f 4146//5076 4018//5076 4019//5076
f 4146//5077 4019//5077 4147//5077
f 4147//5078 4019//5078 4020//5078
f 4147//5078 4020//5078 4148//5078
f 4148//5079 4020//5079 4021//5079
f 4148//5080 4021//5080 4149//5080
f 4149//5081 4021//5081 4022//5081
f 4149//5081 4022//5081 4150//5081
f 4150//5082 4022//5082 4023//5082
f 4150//5083 4023//5083 4151//5083
f 4151//5084 4023//5084 4024//5084
f 4151//5084 4024//5084 4152//5084
f 4152//5085 4024//5085 4025//5085
f 4152//5085 4025//5085 4153//5085
f 4153//5086 4025//5086 4026//5086
f 4153//5087 4026//5087 4154//5087
f 4154//5088 4026//5088 4027//5088
f 4154//5088 4027//5088 4155//5088
f 4155//5089 4027//5089 4028//5089
f 4155//5089 4028//5089 4156//5089
f 4156//5090 4028//5090 4029//5090
f 4156//5091 4029//5091 4157//5091
f 4157//5092 4029//5092 4030//5092
f 4157//5092 4030//5092 4158//5092
f 4158//5093 4030//5093 4031//5093
f 4158//5094 4031//5094 4159//5094
f 4159//5095 4031//5095 4032//5095
f 4159//5096 4032//5096 4160//5096
f 4160//5097 4032//5097 4033//5097
f 4160//5098 4033//5098 4161//5098
f 4161//5099 4033//5099 4034//5099
f 4161//5099 4034//5099 4162//5099
f 4162//5100 4034//5100 4035//5100
f 4162//5100 4035//5100 4163//5100
f 4163//5101 4035//5101 4036//5101
f 4163//5102 4036//5102 4164//5102
f 4164//5103 4036//5103 4037//5103
f 4164//5103 4037//5103 4165//5103
f 4165//5104 4037//5104 4038//5104
f 4165//5104 4038//5104 4166//5104
f 4166//5105 4038//5105 4039//5105
f 4166//5105 4039//5105 4167//5105
f 4167//5106 4039//5106 4040//5106
f 4167//5106 4040//5106 4168//5106
f 4168//5107 4040//5107 4041//5107
f 4168//5108 4041//5108 4169//5108
f 4169//5109 4041//5109 4042//5109
f 4169//5110 4042//5110 4170//5110
f 4170//5111 4042//5111 4043//5111
f 4170//5112 4043//5112 4171//5112
f 4171//5113 4043//5113 4044//5113
f 4171//5114 4044//5114 4172//5114
f 4172//5115 4044//5115 4045//5115
f 4172//5115 4045//5115 4173//5115
f 4173//5116 4045//5116 4046//5116
f 4173//5116 4046//5116 4174//5116
f 4174//5117 4046//5117 4047//5117
f 4174//5117 4047//5117 4175//5117
f 4175//5118 4047//5118 4048//5118
f 4175//5119 4048//5119 4176//5119
f 4176//5120 4048//5120 4049//5120
f 4176//5120 4049//5120 4177//5120
f 4177//5121 4049//5121 4050//5121
f 4177//5122 4050//5122 4178//5122
f 4178//5123 4050//5123 4051//5123
f 4178//5123 4051//5123 4179//5123
f 4179//5124 4051//5124 4052//5124
f 4179//5125 4052//5125 4180//5125
f 4180//5126 4052//5126 4053//5126
f 4180//5127 4053//5127 4181//5127
f 4181//5128 4053//5128 4054//5128
f 4181//5128 4054//5128 4182//5128
f 4182//5129 4054//5129 4055//5129
f 4182//5129 4055//5129 4183//5129
f 4183//5130 4055//5130 4056//5130
f 4183//5131 4056//5131 4184//5131
f 4184//5132 4056//5132 4057//5132
f 4184//5133 4057//5133 4185//5133
f 4185//5134 4057//5134 4058//5134
f 4185//5135 4058//5135 4186//5135
f 4186//5136 4058//5136 4059//5136
f 4186//5137 4059//5137 4187//5137
f 4187//5138 4059//5138 4060//5138
f 4187//5139 4060//5139 4188//5139
f 4188//5140 4060//5140 4061//5140
f 4188//5141 4061//5141 4189//5141
f 4189//5142 4061//5142 4062//5142
f 4189//5143 4062//5143 4190//5143
f 4190//5144 4062//5144 4063//5144
f 4190//5144 4063//5144 4191//5144
f 4191//5145 4063//5145 4064//5145
f 4191//5145 4064//5145 4192//5145
f 4192//5146 4064//5146 4065//5146
f 4192//5146 4065//5146 4193//5146
f 4193//5147 4065//5147 4066//5147
f 4193//5147 4066//5147 4194//5147
f 4194//5148 4066//5148 4067//5148
f 4194//5148 4067//5148 4195//5148
f 4195//5149 4067//5149 4068//5149
f 4195//5150 4068//5150 4196//5150
f 4196//5151 4068//5151 4069//5151
f 4196//5151 4069//5151 4197//5151
f 4197//5152 4069//5152 4070//5152
f 4197//5152 4070//5152 4198//5152
f 4198//5153 4070//5153 4071//5153
f 4198//5154 4071//5154 4199//5154
f 4199//5155 4071//5155 4072//5155
f 4199//5155 4072//5155 4200//5155
f 4200//5156 4072//5156 4073//5156
f 4200//5156 4073//5156 4201//5156
f 4201//5157 4073//5157 4074//5157
f 4201//5158 4074//5158 4202//5158
f 4202//5159 4074//5159 4075//5159
f 4202//5160 4075//5160 4203//5160
f 4203//5161 4075//5161 4076//5161
f 4203//5162 4076//5162 4204//5162
f 4204//5163 4076//5163 4077//5163
f 4204//5163 4077//5163 4205//5163
f 4205//5164 4077//5164 4078//5164
f 4205//5165 4078//5165 4206//5165
f 4206//5166 4078//5166 4079//5166
f 4206//5166 4079//5166 4207//5166
f 4207//5167 4079//5167 4080//5167
f 4207//5167 4080//5167 4208//5167
f 4208//5168 4080//5168 4081//5168
f 4208//5168 4081//5168 4209//5168
f 4209//5169 4081//5169 4082//5169
f 4209//5170 4082//5170 4210//5170
f 4210//5171 4082//5171 4083//5171
f 4210//5171 4083//5171 4211//5171
f 4211//5172 4083//5172 4084//5172
f 4211//5173 4084//5173 4212//5173
f 4212//5174 4084//5174 4085//5174
f 4212//5175 4085//5175 4213//5175
f 4213//5176 4085//5176 4086//5176
f 4213//5177 4086//5177 4214//5177
f 4214//5178 4086//5178 4087//5178
f 4214//5178 4087//5178 4215//5178
f 4215//5179 4087//5179 4088//5179
f 4215//5179 4088//5179 4216//5179
f 4216//5180 4088//5180 4089//5180
f 4216//5181 4089//5181 4217//5181
f 4217//5182 4089//5182 4090//5182
f 4217//5182 4090//5182 4218//5182
f 4218//5183 4090//5183 4091//5183
f 4218//5183 4091//5183 4219//5183
f 4219//5184 4091//5184 4092//5184
f 4219//5185 4092//5185 4220//5185
f 4220//5186 4092//5186 4093//5186
f 4220//5186 4093//5186 4221//5186
f 4221//5187 4093//5187 4094//5187
f 4221//5187 4094//5187 4222//5187
f 4222//5188 4094//5188 4095//5188
f 4222//5188 4095//5188 4223//5188
f 4223//5189 4095//5189 4096//5189
f 4223//5189 4096//5189 4224//5189
f 4224//5190 4096//5190 4097//5190
f 4224//5191 4097//5191 4225//5191
f 4225//5192 4097//5192 4098//5192
f 4225//5192 4098//5192 4226//5192
f 4226//5193 4098//5193 4099//5193
f 4226//5193 4099//5193 4227//5193
f 4227//5194 4099//5194 4100//5194
f 4227//5194 4100//5194 4228//5194
f 4228//5195 4100//5195 4101//5195
f 4228//5195 4101//5195 4229//5195
f 4229//5196 4101//5196 4102//5196
f 4229//5196 4102//5196 4230//5196
f 4230//5197 4102//5197 4103//5197
f 4230//5197 4103//5197 4231//5197
f 4231//5198 4103//5198 4104//5198
f 4231//5198 4104//5198 4232//5198
f 4232//5199 4104//5199 4105//5199
f 4232//5199 4105//5199 4233//5199
f 4233//5200 4105//5200 4106//5200
f 4233//5200 4106//5200 4234//5200
f 4234//5201 4106//5201 4107//5201
f 4234//5201 4107//5201 4235//5201
f 4235//5202 4107//5202 4108//5202
f 4235//5202 4108//5202 4236//5202
f 4236//5203 4108//5203 4109//5203
f 4236//5203 4109//5203 4237//5203
f 4237//5204 4109//5204 4110//5204
f 4237//5204 4110//5204 4238//5204
f 4238//5205 4110//5205 4111//5205
f 4238//5206 4111//5206 4239//5206
f 4239//5207 4111//5207 4112//5207
f 4239//5207 4112//5207 4240//5207
f 4240//5208 4112//5208 4113//5208
f 4240//5208 4113//5208 4241//5208
f 4241//5209 4113//5209 4114//5209
f 4241//5209 4114//5209 4242//5209
f 4242//5210 4114//5210 4115//5210
f 4242//5210 4115//5210 4243//5210
f 4243//5211 4115//5211 4116//5211
f 4243//5212 4116//5212 4244//5212
f 4244//5213 4116//5213 4117//5213
f 4244//5213 4117//5213 4245//5213
f 4245//5214 4117//5214 4118//5214
f 4245//5214 4118//5214 4246//5214
f 4246//5215 4118//5215 3992//5215
f 4246//5216 3992//5216 4120//5216
f 4120//5047 3992//5047 3991//5047
f 4119//5217 4247//5217 4248//5217
f 3593//5218 3596//5218 3594//5218
f 3594//5219 3596//5219 4121//5219
f 3594//5219 4121//5219 4249//5219
f 4249//5220 4121//5220 4122//5220
f 4249//5220 4122//5220 4250//5220
f 4250//5221 4122//5221 4123//5221
f 4250//5221 4123//5221 4251//5221
f 4251//5222 4123//5222 4124//5222
f 4251//5222 4124//5222 4252//5222
f 4252//5223 4124//5223 4125//5223
f 4252//5223 4125//5223 4253//5223
f 4253//5224 4125//5224 4126//5224
f 4253//5224 4126//5224 4254//5224
f 4254//5225 4126//5225 4127//5225
f 4254//5225 4127//5225 4255//5225
f 4255//5226 4127//5226 4128//5226
f 4255//5226 4128//5226 4256//5226
f 4256//5227 4128//5227 4129//5227
f 4256//5227 4129//5227 4257//5227
f 4257//5228 4129//5228 4130//5228
f 4257//5228 4130//5228 4258//5228
f 4258//5229 4130//5229 4131//5229
f 4258//5230 4131//5230 4259//5230
f 4259//5231 4131//5231 4132//5231
f 4259//5231 4132//5231 4260//5231
f 4260//5232 4132//5232 4133//5232
f 4260//5232 4133//5232 4261//5232
f 4261//5233 4133//5233 4134//5233
f 4261//5234 4134//5234 4262//5234
f 4262//5235 4134//5235 4135//5235
f 4262//5235 4135//5235 4263//5235
f 4263//5236 4135//5236 4136//5236
f 4263//5236 4136//5236 4264//5236
f 4264//5237 4136//5237 4137//5237
f 4264//5237 4137//5237 4265//5237
f 4265//5238 4137//5238 4138//5238
f 4265//5238 4138//5238 4266//5238
f 4266//5239 4138//5239 4139//5239
f 4266//5239 4139//5239 4267//5239
f 4267//5240 4139//5240 4140//5240
f 4267//5240 4140//5240 4268//5240
f 4268//5241 4140//5241 4141//5241
f 4268//5242 4141//5242 4269//5242
f 4269//5243 4141//5243 4142//5243
f 4269//5244 4142//5244 4270//5244
f 4270//5245 4142//5245 4143//5245
f 4270//5245 4143//5245 4271//5245
f 4271//5246 4143//5246 4144//5246
f 4271//5246 4144//5246 4272//5246
f 4272//5247 4144//5247 4145//5247
f 4272//5247 4145//5247 4273//5247
f 4273//5248 4145//5248 4146//5248
f 4273//5248 4146//5248 4274//5248
f 4274//5249 4146//5249 4147//5249
f 4274//5250 4147//5250 4275//5250
f 4275//5251 4147//5251 4148//5251
f 4275//5252 4148//5252 4276//5252
f 4276//5253 4148//5253 4149//5253
f 4276//5253 4149//5253 4277//5253
f 4277//5254 4149//5254 4150//5254
f 4277//5255 4150//5255 4278//5255
f 4278//5256 4150//5256 4151//5256
f 4278//5256 4151//5256 4279//5256
f 4279//5257 4151//5257 4152//5257
f 4279//5258 4152//5258 4280//5258
f 4280//5259 4152//5259 4153//5259
f 4280//5260 4153//5260 4281//5260
f 4281//5261 4153//5261 4154//5261
f 4281//5262 4154//5262 4282//5262
f 4282//5263 4154//5263 4155//5263
f 4282//5263 4155//5263 4283//5263
f 4283//5264 4155//5264 4156//5264
f 4283//5265 4156//5265 4284//5265
f 4284//5266 4156//5266 4157//5266
f 4284//5266 4157//5266 4285//5266
f 4285//5267 4157//5267 4158//5267
f 4285//5267 4158//5267 4286//5267
f 4286//5268 4158//5268 4159//5268
f 4286//5268 4159//5268 4287//5268
f 4287//5269 4159//5269 4160//5269
f 4287//5270 4160//5270 4288//5270
f 4288//5271 4160//5271 4161//5271
f 4288//5271 4161//5271 4289//5271
f 4289//5272 4161//5272 4162//5272
f 4289//5273 4162//5273 4290//5273
f 4290//5274 4162//5274 4163//5274
f 4290//5274 4163//5274 4291//5274
f 4291//5275 4163//5275 4164//5275
f 4291//5276 4164//5276 4292//5276
f 4292//5277 4164//5277 4165//5277
f 4292//5277 4165//5277 4293//5277
f 4293//5278 4165//5278 4166//5278
f 4293//5278 4166//5278 4294//5278
f 4294//5279 4166//5279 4167//5279
f 4294//5279 4167//5279 4295//5279
f 4295//5280 4167//5280 4168//5280
f 4295//5280 4168//5280 4296//5280
f 4296//5281 4168//5281 4169//5281
f 4296//5281 4169//5281 4297//5281
f 4297//5282 4169//5282 4170//5282
f 4297//5282 4170//5282 4298//5282
f 4298//5283 4170//5283 4171//5283
f 4298//5284 4171//5284 4299//5284
f 4299//5285 4171//5285 4172//5285
f 4299//5286 4172//5286 4300//5286
f 4300//5287 4172//5287 4173//5287
f 4300//5287 4173//5287 4301//5287
f 4301//5288 4173//5288 4174//5288
f 4301//5289 4174//5289 4302//5289
f 4302//5290 4174//5290 4175//5290
f 4302//5290 4175//5290 4303//5290
f 4303//5291 4175//5291 4176//5291
f 4303//5291 4176//5291 4304//5291
f 4304//5292 4176//5292 4177//5292
f 4304//5292 4177//5292 4305//5292
f 4305//5293 4177//5293 4178//5293
f 4305//5293 4178//5293 4306//5293
f 4306//5294 4178//5294 4179//5294
f 4306//5295 4179//5295 4307//5295
f 4307//5296 4179//5296 4180//5296
f 4307//5297 4180//5297 4308//5297
f 4308//5298 4180//5298 4181//5298
f 4308//5299 4181//5299 4309//5299
f 4309//5300 4181//5300 4182//5300
f 4309//5300 4182//5300 4310//5300
f 4310//5301 4182//5301 4183//5301
f 4310//5301 4183//5301 4311//5301
f 4311//5302 4183//5302 4184//5302
f 4311//5302 4184//5302 4312//5302
f 4312//5303 4184//5303 4185//5303
f 4312//5304 4185//5304 4313//5304
f 4313//5305 4185//5305 4186//5305
f 4313//5305 4186//5305 4314//5305
f 4314//5306 4186//5306 4187//5306
f 4314//5306 4187//5306 4315//5306
f 4315//5307 4187//5307 4188//5307
f 4315//5307 4188//5307 4316//5307
f 4316//5308 4188//5308 4189//5308
f 4316//5308 4189//5308 4317//5308
f 4317//5309 4189//5309 4190//5309
f 4317//5310 4190//5310 4318//5310
f 4318//5311 4190//5311 4191//5311
f 4318//5311 4191//5311 4319//5311
f 4319//5312 4191//5312 4192//5312
f 4319//5313 4192//5313 4320//5313
f 4320//5314 4192//5314 4193//5314
f 4320//5314 4193//5314 4321//5314
f 4321//5315 4193//5315 4194//5315
f 4321//5316 4194//5316 4322//5316
f 4322//5317 4194//5317 4195//5317
f 4322//5317 4195//5317 4323//5317
f 4323//5318 4195//5318 4196//5318
f 4323//5319 4196//5319 4324//5319
f 4324//5320 4196//5320 4197//5320
f 4324//5320 4197//5320 4325//5320
f 4325//5321 4197//5321 4198//5321
f 4325//5321 4198//5321 4326//5321
f 4326//5322 4198//5322 4199//5322
f 4326//5322 4199//5322 4327//5322
f 4327//5323 4199//5323 4200//5323
f 4327//5324 4200//5324 4328//5324
f 4328//5325 4200//5325 4201//5325
f 4328//5325 4201//5325 4329//5325
f 4329//5326 4201//5326 4202//5326
f 4329//5327 4202//5327 4330//5327
f 4330//5328 4202//5328 4203//5328
f 4330//5328 4203//5328 4331//5328
f 4331//5329 4203//5329 4204//5329
f 4331//5329 4204//5329 4332//5329
f 4332//5330 4204//5330 4205//5330
f 4332//5330 4205//5330 4333//5330
f 4333//5331 4205//5331 4206//5331
f 4333//5331 4206//5331 4334//5331
f 4334//5332 4206//5332 4207//5332
f 4334//5333 4207//5333 4335//5333
f 4335//5334 4207//5334 4208//5334
f 4335//5334 4208//5334 4336//5334
f 4336//5335 4208//5335 4209//5335
f 4336//5336 4209//5336 4337//5336
f 4337//5337 4209//5337 4210//5337
f 4337//5338 4210//5338 4338//5338
f 4338//5339 4210//5339 4211//5339
f 4338//5339 4211//5339 4339//5339
f 4339//5340 4211//5340 4212//5340
f 4339//5340 4212//5340 4340//5340
f 4340//5341 4212//5341 4213//5341
f 4340//5341 4213//5341 4341//5341
f 4341//5342 4213//5342 4214//5342
f 4341//5343 4214//5343 4342//5343
f 4342//5344 4214//5344 4215//5344
f 4342//5344 4215//5344 4343//5344
f 4343//5345 4215//5345 4216//5345
f 4343//5346 4216//5346 4344//5346
f 4344//5347 4216//5347 4217//5347
f 4344//5347 4217//5347 4345//5347
f 4345//5348 4217//5348 4218//5348
f 4345//5348 4218//5348 4346//5348
f 4346//5349 4218//5349 4219//5349
f 4346//5349 4219//5349 4347//5349
f 4347//5350 4219//5350 4220//5350
f 4347//5350 4220//5350 4348//5350
f 4348//5351 4220//5351 4221//5351
f 4348//5352 4221//5352 4349//5352
f 4349//5353 4221//5353 4222//5353
f 4349//5354 4222//5354 4350//5354
f 4350//5355 4222//5355 4223//5355
f 4350//5356 4223//5356 4351//5356
f 4351//5357 4223//5357 4224//5357
f 4351//5357 4224//5357 4352//5357
f 4352//5358 4224//5358 4225//5358
f 4352//5358 4225//5358 4353//5358
f 4353//5359 4225//5359 4226//5359
f 4353//5359 4226//5359 4354//5359
f 4354//5360 4226//5360 4227//5360
f 4354//5360 4227//5360 4355//5360
f 4355//5361 4227//5361 4228//5361
f 4355//5361 4228//5361 4356//5361
f 4356//5362 4228//5362 4229//5362
f 4356//5362 4229//5362 4357//5362
f 4357//5363 4229//5363 4230//5363
f 4357//5364 4230//5364 4358//5364
f 4358//5365 4230//5365 4231//5365
f 4358//5365 4231//5365 4359//5365
f 4359//5366 4231//5366 4232//5366
f 4359//5366 4232//5366 4360//5366
f 4360//5367 4232//5367 4233//5367
f 4360//5368 4233//5368 4361//5368
f 4361//5369 4233//5369 4234//5369
f 4361//5369 4234//5369 4362//5369
f 4362//5370 4234//5370 4235//5370
f 4362//5370 4235//5370 4363//5370
f 4363//5371 4235//5371 4236//5371
f 4363//5371 4236//5371 4364//5371
f 4364//5372 4236//5372 4237//5372
f 4364//5372 4237//5372 4365//5372
f 4365//5373 4237//5373 4238//5373
f 4365//5373 4238//5373 4366//5373
f 4366//5374 4238//5374 4239//5374
f 4366//5374 4239//5374 4367//5374
f 4367//5375 4239//5375 4240//5375
f 4367//5375 4240//5375 4368//5375
f 4368//5376 4240//5376 4241//5376
f 4368//5376 4241//5376 4369//5376
f 4369//5377 4241//5377 4242//5377
f 4369//5377 4242//5377 4370//5377
f 4370//5378 4242//5378 4243//5378
f 4370//5378 4243//5378 4371//5378
f 4371//5379 4243//5379 4244//5379
f 4371//5380 4244//5380 4372//5380
f 4372//5381 4244//5381 4245//5381
f 4372//5381 4245//5381 4373//5381
f 4373//5382 4245//5382 4246//5382
f 4373//5382 4246//5382 4374//5382
f 4374//5383 4246//5383 4120//5383
f 4374//5383 4120//5383 4248//5383
f 4248//5217 4120//5217 4119//5217
f 4247//5384 4375//5384 4376//5384
f 3591//4117 3594//4117 3592//4117
f 3592//5385 3594//5385 4249//5385
f 3592//5385 4249//5385 4377//5385
f 4377//5386 4249//5386 4250//5386
f 4377//5386 4250//5386 4378//5386
f 4378//5387 4250//5387 4251//5387
f 4378//5387 4251//5387 4379//5387
f 4379//5388 4251//5388 4252//5388
f 4379//5389 4252//5389 4380//5389
f 4380//5390 4252//5390 4253//5390
f 4380//5390 4253//5390 4381//5390
f 4381//5391 4253//5391 4254//5391
f 4381//5391 4254//5391 4382//5391
f 4382//5392 4254//5392 4255//5392
f 4382//5392 4255//5392 4383//5392
f 4383//5393 4255//5393 4256//5393
f 4383//5394 4256//5394 4384//5394
f 4384//5395 4256//5395 4257//5395
f 4384//5395 4257//5395 4385//5395
f 4385//5396 4257//5396 4258//5396
f 4385//5396 4258//5396 4386//5396
f 4386//5397 4258//5397 4259//5397
f 4386//5397 4259//5397 4387//5397
f 4387//5398 4259//5398 4260//5398
f 4387//5398 4260//5398 4388//5398
f 4388//5399 4260//5399 4261//5399
f 4388//5400 4261//5400 4389//5400
f 4389//5401 4261//5401 4262//5401
f 4389//5401 4262//5401 4390//5401
f 4390//5402 4262//5402 4263//5402
f 4390//5402 4263//5402 4391//5402
f 4391//5403 4263//5403 4264//5403
f 4391//5404 4264//5404 4392//5404
f 4392//5405 4264//5405 4265//5405
f 4392//5405 4265//5405 4393//5405
f 4393//5406 4265//5406 4266//5406
f 4393//5406 4266//5406 4394//5406
f 4394//5407 4266//5407 4267//5407
f 4394//5407 4267//5407 4395//5407
f 4395//5408 4267//5408 4268//5408
f 4395//5408 4268//5408 4396//5408
f 4396//5409 4268//5409 4269//5409
f 4396//5410 4269//5410 4397//5410
f 4397//5411 4269//5411 4270//5411
f 4397//5411 4270//5411 4398//5411
f 4398//5412 4270//5412 4271//5412
f 4398//5412 4271//5412 4399//5412
f 4399//5413 4271//5413 4272//5413
f 4399//5413 4272//5413 4400//5413
f 4400//5414 4272//5414 4273//5414
f 4400//5415 4273//5415 4401//5415
f 4401//5416 4273//5416 4274//5416
f 4401//5416 4274//5416 4402//5416
f 4402//5417 4274//5417 4275//5417
f 4402//5418 4275//5418 4403//5418
f 4403//5419 4275//5419 4276//5419
f 4403//5419 4276//5419 4404//5419
f 4404//5420 4276//5420 4277//5420
f 4404//5420 4277//5420 4405//5420
f 4405//5421 4277//5421 4278//5421
f 4405//5421 4278//5421 4406//5421
f 4406//5422 4278//5422 4279//5422
f 4406//5422 4279//5422 4407//5422
f 4407//5423 4279//5423 4280//5423
f 4407//5424 4280//5424 4408//5424
f 4408//5425 4280//5425 4281//5425
f 4408//5425 4281//5425 4409//5425
f 4409//5426 4281//5426 4282//5426
f 4409//5427 4282//5427 4410//5427
f 4410//5428 4282//5428 4283//5428
f 4410//5428 4283//5428 4411//5428
f 4411//5429 4283//5429 4284//5429
f 4411//5429 4284//5429 4412//5429
f 4412//5430 4284//5430 4285//5430
f 4412//5430 4285//5430 4413//5430
f 4413//5431 4285//5431 4286//5431
f 4413//5431 4286//5431 4414//5431
f 4414//5432 4286//5432 4287//5432
f 4414//5432 4287//5432 4415//5432
f 4415//5433 4287//5433 4288//5433
f 4415//5433 4288//5433 4416//5433
f 4416//5434 4288//5434 4289//5434
f 4416//5434 4289//5434 4417//5434
f 4417//5435 4289//5435 4290//5435
f 4417//5436 4290//5436 4418//5436
f 4418//5437 4290//5437 4291//5437
f 4418//5437 4291//5437 4419//5437
f 4419//5438 4291//5438 4292//5438
f 4419//5438 4292//5438 4420//5438
f 4420//5439 4292//5439 4293//5439
f 4420//5439 4293//5439 4421//5439
f 4421//5440 4293//5440 4294//5440
f 4421//5441 4294//5441 4422//5441
f 4422//5442 4294//5442 4295//5442
f 4422//5442 4295//5442 4423//5442
f 4423//5443 4295//5443 4296//5443
f 4423//5443 4296//5443 4424//5443
f 4424//5444 4296//5444 4297//5444
f 4424//5445 4297//5445 4425//5445
f 4425//5446 4297//5446 4298//5446
f 4425//5446 4298//5446 4426//5446
f 4426//5447 4298//5447 4299//5447
f 4426//5447 4299//5447 4427//5447
f 4427//5448 4299//5448 4300//5448
f 4427//5448 4300//5448 4428//5448
f 4428//5449 4300//5449 4301//5449
f 4428//5449 4301//5449 4429//5449
f 4429//5450 4301//5450 4302//5450
f 4429//5450 4302//5450 4430//5450
f 4430//5451 4302//5451 4303//5451
f 4430//5451 4303//5451 4431//5451
f 4431//5452 4303//5452 4304//5452
f 4431//5452 4304//5452 4432//5452
f 4432//5453 4304//5453 4305//5453
f 4432//5453 4305//5453 4433//5453
f 4433//5454 4305//5454 4306//5454
f 4433//5455 4306//5455 4434//5455
f 4434//5456 4306//5456 4307//5456
f 4434//5456 4307//5456 4435//5456
f 4435//5457 4307//5457 4308//5457
f 4435//5457 4308//5457 4436//5457
f 4436//5458 4308//5458 4309//5458
f 4436//5458 4309//5458 4437//5458
f 4437//5459 4309//5459 4310//5459
f 4437//5459 4310//5459 4438//5459
f 4438//5460 4310//5460 4311//5460
f 4438//5461 4311//5461 4439//5461
f 4439//5462 4311//5462 4312//5462
f 4439//5463 4312//5463 4440//5463
f 4440//5464 4312//5464 4313//5464
f 4440//5464 4313//5464 4441//5464
f 4441//5465 4313//5465 4314//5465
f 4441//5465 4314//5465 4442//5465
f 4442//5466 4314//5466 4315//5466
f 4442//5466 4315//5466 4443//5466
f 4443//5467 4315//5467 4316//5467
f 4443//5467 4316//5467 4444//5467
f 4444//5468 4316//5468 4317//5468
f 4444//5468 4317//5468 4445//5468
f 4445//5469 4317//5469 4318//5469
f 4445//5469 4318//5469 4446//5469
f 4446//5470 4318//5470 4319//5470
f 4446//5471 4319//5471 4447//5471
f 4447//5472 4319//5472 4320//5472
f 4447//5472 4320//5472 4448//5472
f 4448//5473 4320//5473 4321//5473
f 4448//5473 4321//5473 4449//5473
f 4449//5474 4321//5474 4322//5474
f 4449//5474 4322//5474 4450//5474
f 4450//5475 4322//5475 4323//5475
f 4450//5476 4323//5476 4451//5476
f 4451//5477 4323//5477 4324//5477
f 4451//5478 4324//5478 4452//5478
f 4452//5479 4324//5479 4325//5479
f 4452//5479 4325//5479 4453//5479
f 4453//5480 4325//5480 4326//5480
f 4453//5480 4326//5480 4454//5480
f 4454//5481 4326//5481 4327//5481
f 4454//5481 4327//5481 4455//5481
f 4455//5482 4327//5482 4328//5482
f 4455//5482 4328//5482 4456//5482
f 4456//5483 4328//5483 4329//5483
f 4456//5484 4329//5484 4457//5484
f 4457//5485 4329//5485 4330//5485
f 4457//5486 4330//5486 4458//5486
f 4458//5487 4330//5487 4331//5487
f 4458//5487 4331//5487 4459//5487
f 4459//5488 4331//5488 4332//5488
f 4459//5488 4332//5488 4460//5488
f 4460//5489 4332//5489 4333//5489
f 4460//5489 4333//5489 4461//5489
f 4461//5490 4333//5490 4334//5490
f 4461//5490 4334//5490 4462//5490
f 4462//5491 4334//5491 4335//5491
f 4462//5491 4335//5491 4463//5491
f 4463//5492 4335//5492 4336//5492
f 4463//5492 4336//5492 4464//5492
f 4464//5493 4336//5493 4337//5493
f 4464//5493 4337//5493 4465//5493
f 4465//5494 4337//5494 4338//5494
f 4465//5495 4338//5495 4466//5495
f 4466//5496 4338//5496 4339//5496
f 4466//5496 4339//5496 4467//5496
f 4467//5497 4339//5497 4340//5497
f 4467//5498 4340//5498 4468//5498
f 4468//5499 4340//5499 4341//5499
f 4468//5499 4341//5499 4469//5499
f 4469//5500 4341//5500 4342//5500
f 4469//5500 4342//5500 4470//5500
f 4470//5501 4342//5501 4343//5501
f 4470//5501 4343//5501 4471//5501
f 4471//5502 4343//5502 4344//5502
f 4471//5502 4344//5502 4472//5502
f 4472//5503 4344//5503 4345//5503
f 4472//5504 4345//5504 4473//5504
f 4473//5505 4345//5505 4346//5505
f 4473//5505 4346//5505 4474//5505
f 4474//5506 4346//5506 4347//5506
f 4474//5507 4347//5507 4475//5507
f 4475//5508 4347//5508 4348//5508
f 4475//5508 4348//5508 4476//5508
f 4476//5509 4348//5509 4349//5509
f 4476//5509 4349//5509 4477//5509
f 4477//5510 4349//5510 4350//5510
f 4477//5510 4350//5510 4478//5510
f 4478//5511 4350//5511 4351//5511
f 4478//5511 4351//5511 4479//5511
f 4479//5512 4351//5512 4352//5512
f 4479//5512 4352//5512 4480//5512
f 4480//5513 4352//5513 4353//5513
f 4480//5513 4353//5513 4481//5513
f 4481//5514 4353//5514 4354//5514
f 4481//5514 4354//5514 4482//5514
f 4482//5515 4354//5515 4355//5515
f 4482//5515 4355//5515 4483//5515
f 4483//5516 4355//5516 4356//5516
f 4483//5517 4356//5517 4484//5517
f 4484//5518 4356//5518 4357//5518
f 4484//5518 4357//5518 4485//5518
f 4485//5519 4357//5519 4358//5519
f 4485//5519 4358//5519 4486//5519
f 4486//5520 4358//5520 4359//5520
f 4486//5520 4359//5520 4487//5520
f 4487//5521 4359//5521 4360//5521
f 4487//5522 4360//5522 4488//5522
f 4488//5523 4360//5523 4361//5523
f 4488//5523 4361//5523 4489//5523
f 4489//5524 4361//5524 4362//5524
f 4489//5524 4362//5524 4490//5524
f 4490//5525 4362//5525 4363//5525
f 4490//5525 4363//5525 4491//5525
f 4491//5526 4363//5526 4364//5526
f 4491//5526 4364//5526 4492//5526
f 4492//5527 4364//5527 4365//5527
f 4492//5527 4365//5527 4493//5527
f 4493//5528 4365//5528 4366//5528
f 4493//5528 4366//5528 4494//5528
f 4494//5529 4366//5529 4367//5529
f 4494//5529 4367//5529 4495//5529
f 4495//5530 4367//5530 4368//5530
f 4495//5531 4368//5531 4496//5531
f 4496//5532 4368//5532 4369//5532
f 4496//5532 4369//5532 4497//5532
f 4497//5533 4369//5533 4370//5533
f 4497//5533 4370//5533 4498//5533
f 4498//5534 4370//5534 4371//5534
f 4498//5534 4371//5534 4499//5534
f 4499//5535 4371//5535 4372//5535
f 4499//5535 4372//5535 4500//5535
f 4500//5536 4372//5536 4373//5536
f 4500//5536 4373//5536 4501//5536
f 4501//5537 4373//5537 4374//5537
f 4501//5537 4374//5537 4502//5537
f 4502//5538 4374//5538 4248//5538
f 4502//5538 4248//5538 4376//5538
f 4376//5384 4248//5384 4247//5384
f 4375//5539 4503//5539 4504//5539
f 3589//4116 3592//4116 3590//4116
f 3590//5540 3592//5540 4377//5540
f 3590//5540 4377//5540 4505//5540
f 4505//5541 4377//5541 4378//5541
f 4505//5541 4378//5541 4506//5541
f 4506//5542 4378//5542 4379//5542
f 4506//5542 4379//5542 4507//5542
f 4507//5543 4379//5543 4380//5543
f 4507//5543 4380//5543 4508//5543
f 4508//5544 4380//5544 4381//5544
f 4508//5545 4381//5545 4509//5545
f 4509//5546 4381//5546 4382//5546
f 4509//5546 4382//5546 4510//5546
f 4510//5547 4382//5547 4383//5547
f 4510//5548 4383//5548 4511//5548
f 4511//5549 4383//5549 4384//5549
f 4511//5549 4384//5549 4512//5549
f 4512//5550 4384//5550 4385//5550
f 4512//5550 4385//5550 4513//5550
f 4513//5551 4385//5551 4386//5551
f 4513//5551 4386//5551 4514//5551
f 4514//5552 4386//5552 4387//5552
f 4514//5552 4387//5552 4515//5552
f 4515//5553 4387//5553 4388//5553
f 4515//5553 4388//5553 4516//5553
f 4516//5554 4388//5554 4389//5554
f 4516//5554 4389//5554 4517//5554
f 4517//5555 4389//5555 4390//5555
f 4517//5555 4390//5555 4518//5555
f 4518//5556 4390//5556 4391//5556
f 4518//5557 4391//5557 4519//5557
f 4519//5558 4391//5558 4392//5558
f 4519//5558 4392//5558 4520//5558
f 4520//5559 4392//5559 4393//5559
f 4520//5559 4393//5559 4521//5559
f 4521//5560 4393//5560 4394//5560
f 4521//5560 4394//5560 4522//5560
f 4522//5561 4394//5561 4395//5561
f 4522//5561 4395//5561 4523//5561
f 4523//5562 4395//5562 4396//5562
f 4523//5562 4396//5562 4524//5562
f 4524//5563 4396//5563 4397//5563
f 4524//5564 4397//5564 4525//5564
f 4525//5565 4397//5565 4398//5565
f 4525//5565 4398//5565 4526//5565
f 4526//5566 4398//5566 4399//5566
f 4526//5566 4399//5566 4527//5566
f 4527//5567 4399//5567 4400//5567
f 4527//5567 4400//5567 4528//5567
f 4528//5568 4400//5568 4401//5568
f 4528//5568 4401//5568 4529//5568
f 4529//5569 4401//5569 4402//5569
f 4529//5569 4402//5569 4530//5569
f 4530//5570 4402//5570 4403//5570
f 4530//5570 4403//5570 4531//5570
f 4531//5571 4403//5571 4404//5571
f 4531//5572 4404//5572 4532//5572
f 4532//5573 4404//5573 4405//5573
f 4532//5573 4405//5573 4533//5573
f 4533//5574 4405//5574 4406//5574
f 4533//5575 4406//5575 4534//5575
f 4534//5576 4406//5576 4407//5576
f 4534//5576 4407//5576 4535//5576
f 4535//5577 4407//5577 4408//5577
f 4535//5578 4408//5578 4536//5578
f 4536//5579 4408//5579 4409//5579
f 4536//5580 4409//5580 4537//5580
f 4537//5581 4409//5581 4410//5581
f 4537//5581 4410//5581 4538//5581
f 4538//5582 4410//5582 4411//5582
f 4538//5582 4411//5582 4539//5582
f 4539//5583 4411//5583 4412//5583
f 4539//5584 4412//5584 4540//5584
f 4540//5585 4412//5585 4413//5585
f 4540//5585 4413//5585 4541//5585
f 4541//5586 4413//5586 4414//5586
f 4541//5587 4414//5587 4542//5587
f 4542//5588 4414//5588 4415//5588
f 4542//5588 4415//5588 4543//5588
f 4543//5589 4415//5589 4416//5589
f 4543//5589 4416//5589 4544//5589
f 4544//5590 4416//5590 4417//5590
f 4544//5590 4417//5590 4545//5590
f 4545//5591 4417//5591 4418//5591
f 4545//5591 4418//5591 4546//5591
f 4546//5592 4418//5592 4419//5592
f 4546//5592 4419//5592 4547//5592
f 4547//5593 4419//5593 4420//5593
f 4547//5593 4420//5593 4548//5593
f 4548//5594 4420//5594 4421//5594
f 4548//5594 4421//5594 4549//5594
f 4549//5595 4421//5595 4422//5595
f 4549//5595 4422//5595 4550//5595
f 4550//5596 4422//5596 4423//5596
f 4550//5597 4423//5597 4551//5597
f 4551//5598 4423//5598 4424//5598
f 4551//5599 4424//5599 4552//5599
f 4552//5600 4424//5600 4425//5600
f 4552//5600 4425//5600 4553//5600
f 4553//5601 4425//5601 4426//5601
f 4553//5601 4426//5601 4554//5601
f 4554//5602 4426//5602 4427//5602
f 4554//5603 4427//5603 4555//5603
f 4555//5604 4427//5604 4428//5604
f 4555//5605 4428//5605 4556//5605
f 4556//5606 4428//5606 4429//5606
f 4556//5606 4429//5606 4557//5606
f 4557//5607 4429//5607 4430//5607
f 4557//5607 4430//5607 4558//5607
f 4558//5608 4430//5608 4431//5608
f 4558//5608 4431//5608 4559//5608
f 4559//5609 4431//5609 4432//5609
f 4559//5609 4432//5609 4560//5609
f 4560//5610 4432//5610 4433//5610
f 4560//5610 4433//5610 4561//5610
f 4561//5611 4433//5611 4434//5611
f 4561//5611 4434//5611 4562//5611
f 4562//5612 4434//5612 4435//5612
f 4562//5612 4435//5612 4563//5612
f 4563//5613 4435//5613 4436//5613
f 4563//5613 4436//5613 4564//5613
f 4564//5614 4436//5614 4437//5614
f 4564//5615 4437//5615 4565//5615
f 4565//5616 4437//5616 4438//5616
f 4565//5616 4438//5616 4566//5616
f 4566//5617 4438//5617 4439//5617
f 4566//5618 4439//5618 4567//5618
f 4567//5619 4439//5619 4440//5619
f 4567//5620 4440//5620 4568//5620
f 4568//5621 4440//5621 4441//5621
f 4568//5621 4441//5621 4569//5621
f 4569//5622 4441//5622 4442//5622
f 4569//5622 4442//5622 4570//5622
f 4570//5623 4442//5623 4443//5623
f 4570//5623 4443//5623 4571//5623
f 4571//5624 4443//5624 4444//5624
f 4571//5624 4444//5624 4572//5624
f 4572//5625 4444//5625 4445//5625
f 4572//5625 4445//5625 4573//5625
f 4573//5626 4445//5626 4446//5626
f 4573//5626 4446//5626 4574//5626
f 4574//5627 4446//5627 4447//5627
f 4574//5627 4447//5627 4575//5627
f 4575//5628 4447//5628 4448//5628
f 4575//5629 4448//5629 4576//5629
f 4576//5630 4448//5630 4449//5630
f 4576//5631 4449//5631 4577//5631
f 4577//5632 4449//5632 4450//5632
f 4577//5632 4450//5632 4578//5632
f 4578//5633 4450//5633 4451//5633
f 4578//5633 4451//5633 4579//5633
f 4579//5634 4451//5634 4452//5634
f 4579//5634 4452//5634 4580//5634
f 4580//5635 4452//5635 4453//5635
f 4580//5636 4453//5636 4581//5636
f 4581//5637 4453//5637 4454//5637
f 4581//5637 4454//5637 4582//5637
f 4582//5638 4454//5638 4455//5638
f 4582//5638 4455//5638 4583//5638
f 4583//5639 4455//5639 4456//5639
f 4583//5639 4456//5639 4584//5639
f 4584//5640 4456//5640 4457//5640
f 4584//5640 4457//5640 4585//5640
f 4585//5641 4457//5641 4458//5641
f 4585//5641 4458//5641 4586//5641
f 4586//5642 4458//5642 4459//5642
f 4586//5642 4459//5642 4587//5642
f 4587//5643 4459//5643 4460//5643
f 4587//5643 4460//5643 4588//5643
f 4588//5644 4460//5644 4461//5644
f 4588//5645 4461//5645 4589//5645
f 4589//5646 4461//5646 4462//5646
f 4589//5646 4462//5646 4590//5646
f 4590//5647 4462//5647 4463//5647
f 4590//5647 4463//5647 4591//5647
f 4591//5648 4463//5648 4464//5648
f 4591//5649 4464//5649 4592//5649
f 4592//5650 4464//5650 4465//5650
f 4592//5650 4465//5650 4593//5650
f 4593//5651 4465//5651 4466//5651
f 4593//5651 4466//5651 4594//5651
f 4594//5652 4466//5652 4467//5652
f 4594//5653 4467//5653 4595//5653
f 4595//5654 4467//5654 4468//5654
f 4595//5655 4468//5655 4596//5655
f 4596//5656 4468//5656 4469//5656
f 4596//5656 4469//5656 4597//5656
f 4597//5657 4469//5657 4470//5657
f 4597//5658 4470//5658 4598//5658
f 4598//5659 4470//5659 4471//5659
f 4598//5660 4471//5660 4599//5660
f 4599//5661 4471//5661 4472//5661
f 4599//5662 4472//5662 4600//5662
f 4600//5663 4472//5663 4473//5663
f 4600//5663 4473//5663 4601//5663
f 4601//5664 4473//5664 4474//5664
f 4601//5664 4474//5664 4602//5664
f 4602//5665 4474//5665 4475//5665
f 4602//5665 4475//5665 4603//5665
f 4603//5666 4475//5666 4476//5666
f 4603//5666 4476//5666 4604//5666
f 4604//5667 4476//5667 4477//5667
f 4604//5668 4477//5668 4605//5668
f 4605//5669 4477//5669 4478//5669
f 4605//5669 4478//5669 4606//5669
f 4606//5670 4478//5670 4479//5670
f 4606//5671 4479//5671 4607//5671
f 4607//5672 4479//5672 4480//5672
f 4607//5672 4480//5672 4608//5672
f 4608//5673 4480//5673 4481//5673
f 4608//5673 4481//5673 4609//5673
f 4609//5674 4481//5674 4482//5674
f 4609//5674 4482//5674 4610//5674
f 4610//5675 4482//5675 4483//5675
f 4610//5675 4483//5675 4611//5675
f 4611//5676 4483//5676 4484//5676
f 4611//5676 4484//5676 4612//5676
f 4612//5677 4484//5677 4485//5677
f 4612//5678 4485//5678 4613//5678
f 4613//5679 4485//5679 4486//5679
f 4613//5679 4486//5679 4614//5679
f 4614//5680 4486//5680 4487//5680
f 4614//5680 4487//5680 4615//5680
f 4615//5681 4487//5681 4488//5681
f 4615//5681 4488//5681 4616//5681
f 4616//5682 4488//5682 4489//5682
f 4616//5682 4489//5682 4617//5682
f 4617//5683 4489//5683 4490//5683
f 4617//5683 4490//5683 4618//5683
f 4618//5684 4490//5684 4491//5684
f 4618//5684 4491//5684 4619//5684
f 4619//5685 4491//5685 4492//5685
f 4619//5685 4492//5685 4620//5685
f 4620//5686 4492//5686 4493//5686
f 4620//5687 4493//5687 4621//5687
f 4621//5688 4493//5688 4494//5688
f 4621//5688 4494//5688 4622//5688
f 4622//5689 4494//5689 4495//5689
f 4622//5690 4495//5690 4623//5690
f 4623//5691 4495//5691 4496//5691
f 4623//5691 4496//5691 4624//5691
f 4624//5692 4496//5692 4497//5692
f 4624//5692 4497//5692 4625//5692
f 4625//5693 4497//5693 4498//5693
f 4625//5693 4498//5693 4626//5693
f 4626//5694 4498//5694 4499//5694
f 4626//5694 4499//5694 4627//5694
f 4627//5695 4499//5695 4500//5695
f 4627//5695 4500//5695 4628//5695
f 4628//5696 4500//5696 4501//5696
f 4628//5697 4501//5697 4629//5697
f 4629//5698 4501//5698 4502//5698
f 4629//5698 4502//5698 4630//5698
f 4630//5699 4502//5699 4376//5699
f 4630//5699 4376//5699 4504//5699
f 4504//5539 4376//5539 4375//5539
f 4631//5700 3364//5700 4632//5700
f 4632//5700 3364//5700 4633//5700
f 4632//5701 4633//5701 4634//5701
f 4634//5701 4633//5701 4635//5701
f 4634//5702 4635//5702 4636//5702
f 4636//5702 4635//5702 4637//5702
f 4636//5703 4637//5703 4638//5703
f 4638//5704 4637//5704 4639//5704
f 4638//5705 4639//5705 4640//5705
f 4640//5705 4639//5705 4641//5705
f 4640//5706 4641//5706 4642//5706
f 4642//5706 4641//5706 4643//5706
f 4642//5707 4643//5707 4644//5707
f 4644//5707 4643//5707 4645//5707
f 4644//5708 4645//5708 4646//5708
f 4646//5708 4645//5708 4647//5708
f 4646//5709 4647//5709 4648//5709
f 4648//5709 4647//5709 3067//5709
f 3364//5710 3365//5710 4633//5710
f 4633//5711 3365//5711 4649//5711
f 4633//5712 4649//5712 4635//5712
f 4635//5712 4649//5712 4650//5712
f 4635//5713 4650//5713 4637//5713
f 4637//5713 4650//5713 4651//5713
f 4637//5714 4651//5714 4639//5714
f 4639//5714 4651//5714 4652//5714
f 4639//5715 4652//5715 4641//5715
f 4641//5715 4652//5715 4653//5715
f 4641//5716 4653//5716 4643//5716
f 4643//5716 4653//5716 4654//5716
f 4643//5717 4654//5717 4645//5717
f 4645//5717 4654//5717 4655//5717
f 4645//5718 4655//5718 4647//5718
f 4647//5718 4655//5718 4656//5718
f 4647//5719 4656//5719 3067//5719
f 3067//5719 4656//5719 3068//5719
f 3365//5720 3366//5720 4649//5720
f 4649//5721 3366//5721 3605//5721
f 4649//5722 3605//5722 4650//5722
f 4650//5723 3605//5723 4657//5723
f 4650//5724 4657//5724 4651//5724
f 4651//5724 4657//5724 4658//5724
f 4651//5725 4658//5725 4652//5725
f 4652//5725 4658//5725 4659//5725
f 4652//5726 4659//5726 4653//5726
f 4653//5726 4659//5726 4660//5726
f 4653//5727 4660//5727 4654//5727
f 4654//5728 4660//5728 4661//5728
f 4654//5729 4661//5729 4655//5729
f 4655//5729 4661//5729 4662//5729
f 4655//5730 4662//5730 4656//5730
f 4656//5730 4662//5730 4663//5730
f 4656//5731 4663//5731 3068//5731
f 3068//5731 4663//5731 2912//5731
f 3368//5732 3369//5732 3605//5732
f 3605//5732 3369//5732 3603//5732
f 3605//5733 3603//5733 4657//5733
f 4657//5733 3603//5733 3601//5733
f 4657//5734 3601//5734 4658//5734
f 4658//5734 3601//5734 3599//5734
f 4658//5735 3599//5735 4659//5735
f 4659//5736 3599//5736 3597//5736
f 4659//5737 3597//5737 4660//5737
f 4660//5737 3597//5737 3595//5737
f 4660//5738 3595//5738 4661//5738
f 4661//5738 3595//5738 3593//5738
f 4661//5739 3593//5739 4662//5739
f 4662//5739 3593//5739 3591//5739
f 4662//5740 3591//5740 4663//5740
f 4663//5741 3591//5741 3589//5741
f 4663//5742 3589//5742 2912//5742
f 2912//5742 3589//5742 2913//5742
f 4503//5743 4664//5743 3097//5743
f 2913//4115 3590//4115 2934//4115
f 2934//5744 3590//5744 4505//5744
f 2934//5744 4505//5744 2935//5744
f 2935//5745 4505//5745 4506//5745
f 2935//5745 4506//5745 2880//5745
f 2880//5746 4506//5746 4507//5746
f 2880//5746 4507//5746 2881//5746
f 2881//5747 4507//5747 4508//5747
f 2881//5747 4508//5747 2893//5747
f 2893//5748 4508//5748 4509//5748
f 2893//5748 4509//5748 2869//5748
f 2869//5749 4509//5749 4510//5749
f 2869//5749 4510//5749 2936//5749
f 2936//5750 4510//5750 4511//5750
f 2936//5750 4511//5750 2937//5750
f 2937//5751 4511//5751 4512//5751
f 2937//5751 4512//5751 2938//5751
f 2938//5752 4512//5752 4513//5752
f 2938//5752 4513//5752 2977//5752
f 2977//5753 4513//5753 4514//5753
f 2977//5753 4514//5753 2978//5753
f 2978//5754 4514//5754 4515//5754
f 2978//5754 4515//5754 2979//5754
f 2979//5755 4515//5755 4516//5755
f 2979//5755 4516//5755 2980//5755
f 2980//5756 4516//5756 4517//5756
f 2980//5756 4517//5756 2981//5756
f 2981//5757 4517//5757 4518//5757
f 2981//5757 4518//5757 2894//5757
f 2894//5758 4518//5758 4519//5758
f 2894//5758 4519//5758 2895//5758
f 2895//5759 4519//5759 4520//5759
f 2895//5759 4520//5759 2897//5759
f 2897//5760 4520//5760 4521//5760
f 2897//5760 4521//5760 2939//5760
f 2939//5761 4521//5761 4522//5761
f 2939//5761 4522//5761 2940//5761
f 2940//5762 4522//5762 4523//5762
f 2940//5762 4523//5762 2941//5762
f 2941//5763 4523//5763 4524//5763
f 2941//5763 4524//5763 2982//5763
f 2982//5764 4524//5764 4525//5764
f 2982//5764 4525//5764 2983//5764
f 2983//5765 4525//5765 4526//5765
f 2983//5765 4526//5765 2984//5765
f 2984//5766 4526//5766 4527//5766
f 2984//5766 4527//5766 3014//5766
f 3014//5767 4527//5767 4528//5767
f 3014//5767 4528//5767 3015//5767
f 3015//5768 4528//5768 4529//5768
f 3015//5768 4529//5768 3016//5768
f 3016//5769 4529//5769 4530//5769
f 3016//5769 4530//5769 3037//5769
f 3037//5770 4530//5770 4531//5770
f 3037//5770 4531//5770 3038//5770
f 3038//5771 4531//5771 4532//5771
f 3038//5771 4532//5771 2942//5771
f 2942//5772 4532//5772 4533//5772
f 2942//5772 4533//5772 2943//5772
f 2943//5773 4533//5773 4534//5773
f 2943//5773 4534//5773 2944//5773
f 2944//5774 4534//5774 4535//5774
f 2944//5774 4535//5774 2898//5774
f 2898//5775 4535//5775 4536//5775
f 2898//5775 4536//5775 2899//5775
f 2899//5776 4536//5776 4537//5776
f 2899//5777 4537//5777 2914//5777
f 2914//5778 4537//5778 4538//5778
f 2914//5778 4538//5778 2915//5778
f 2915//5779 4538//5779 4539//5779
f 2915//5779 4539//5779 2916//5779
f 2916//5780 4539//5780 4540//5780
f 2916//5780 4540//5780 2945//5780
f 2945//5781 4540//5781 4541//5781
f 2945//5781 4541//5781 2946//5781
f 2946//5782 4541//5782 4542//5782
f 2946//5782 4542//5782 2947//5782
f 2947//5783 4542//5783 4543//5783
f 2947//5783 4543//5783 2985//5783
f 2985//5784 4543//5784 4544//5784
f 2985//5784 4544//5784 2986//5784
f 2986//5785 4544//5785 4545//5785
f 2986//5786 4545//5786 2948//5786
f 2948//5787 4545//5787 4546//5787
f 2948//5787 4546//5787 2949//5787
f 2949//5788 4546//5788 4547//5788
f 2949//5788 4547//5788 2950//5788
f 2950//5789 4547//5789 4548//5789
f 2950//5789 4548//5789 2951//5789
f 2951//5790 4548//5790 4549//5790
f 2951//5790 4549//5790 2952//5790
f 2952//5791 4549//5791 4550//5791
f 2952//5791 4550//5791 2953//5791
f 2953//5792 4550//5792 4551//5792
f 2953//5792 4551//5792 2954//5792
f 2954//5793 4551//5793 4552//5793
f 2954//5793 4552//5793 2987//5793
f 2987//5794 4552//5794 4553//5794
f 2987//5794 4553//5794 2988//5794
f 2988//5795 4553//5795 4554//5795
f 2988//5795 4554//5795 2902//5795
f 2902//5796 4554//5796 4555//5796
f 2902//5796 4555//5796 2901//5796
f 2901//5797 4555//5797 4556//5797
f 2901//5797 4556//5797 2900//5797
f 2900//5798 4556//5798 4557//5798
f 2900//5798 4557//5798 3039//5798
f 3039//5799 4557//5799 4558//5799
f 3039//5799 4558//5799 2989//5799
f 2989//5800 4558//5800 4559//5800
f 2989//5800 4559//5800 2990//5800
f 2990//5801 4559//5801 4560//5801
f 2990//5801 4560//5801 3040//5801
f 3040//5802 4560//5802 4561//5802
f 3040//5803 4561//5803 3041//5803
f 3041//5804 4561//5804 4562//5804
f 3041//5804 4562//5804 3042//5804
f 3042//5805 4562//5805 4563//5805
f 3042//5805 4563//5805 3094//5805
f 3094//5806 4563//5806 4564//5806
f 3094//5806 4564//5806 3043//5806
f 3043//5807 4564//5807 4565//5807
f 3043//5807 4565//5807 3069//5807
f 3069//5808 4565//5808 4566//5808
f 3069//5808 4566//5808 3070//5808
f 3070//5809 4566//5809 4567//5809
f 3070//5809 4567//5809 3088//5809
f 3088//5810 4567//5810 4568//5810
f 3088//5810 4568//5810 3089//5810
f 3089//5811 4568//5811 4569//5811
f 3089//5811 4569//5811 3128//5811
f 3128//5812 4569//5812 4570//5812
f 3128//5812 4570//5812 3129//5812
f 3129//5813 4570//5813 4571//5813
f 3129//5814 4571//5814 3130//5814
f 3130//5815 4571//5815 4572//5815
f 3130//5815 4572//5815 3090//5815
f 3090//5816 4572//5816 4573//5816
f 3090//5816 4573//5816 3111//5816
f 3111//5817 4573//5817 4574//5817
f 3111//5817 4574//5817 3071//5817
f 3071//5818 4574//5818 4575//5818
f 3071//5818 4575//5818 3044//5818
f 3044//5819 4575//5819 4576//5819
f 3044//5819 4576//5819 3045//5819
f 3045//5820 4576//5820 4577//5820
f 3045//5820 4577//5820 3072//5820
f 3072//5821 4577//5821 4578//5821
f 3072//5821 4578//5821 3073//5821
f 3073//5822 4578//5822 4579//5822
f 3073//5822 4579//5822 3074//5822
f 3074//5823 4579//5823 4580//5823
f 3074//5823 4580//5823 3075//5823
f 3075//5824 4580//5824 4581//5824
f 3075//5824 4581//5824 3076//5824
f 3076//5825 4581//5825 4582//5825
f 3076//5825 4582//5825 3077//5825
f 3077//5826 4582//5826 4583//5826
f 3077//5826 4583//5826 3091//5826
f 3091//5827 4583//5827 4584//5827
f 3091//5827 4584//5827 3092//5827
f 3092//5828 4584//5828 4585//5828
f 3092//5828 4585//5828 3093//5828
f 3093//5829 4585//5829 4586//5829
f 3093//5829 4586//5829 3095//5829
f 3095//5830 4586//5830 4587//5830
f 3095//5830 4587//5830 2991//5830
f 2991//5831 4587//5831 4588//5831
f 2991//5831 4588//5831 2903//5831
f 2903//5832 4588//5832 4589//5832
f 2903//5832 4589//5832 2904//5832
f 2904//5833 4589//5833 4590//5833
f 2904//5833 4590//5833 2955//5833
f 2955//5834 4590//5834 4591//5834
f 2955//5834 4591//5834 2956//5834
f 2956//5835 4591//5835 4592//5835
f 2956//5835 4592//5835 2896//5835
f 2896//5836 4592//5836 4593//5836
f 2896//5836 4593//5836 2917//5836
f 2917//5837 4593//5837 4594//5837
f 2917//5837 4594//5837 2918//5837
f 2918//5838 4594//5838 4595//5838
f 2918//5838 4595//5838 2905//5838
f 2905//5839 4595//5839 4596//5839
f 2905//5839 4596//5839 2906//5839
f 2906//5840 4596//5840 4597//5840
f 2906//5840 4597//5840 2919//5840
f 2919//5841 4597//5841 4598//5841
f 2919//5841 4598//5841 2920//5841
f 2920//5842 4598//5842 4599//5842
f 2920//5842 4599//5842 2921//5842
f 2921//5843 4599//5843 4600//5843
f 2921//5843 4600//5843 2957//5843
f 2957//5844 4600//5844 4601//5844
f 2957//5844 4601//5844 2958//5844
f 2958//5845 4601//5845 4602//5845
f 2958//5845 4602//5845 2959//5845
f 2959//5846 4602//5846 4603//5846
f 2959//5846 4603//5846 2960//5846
f 2960//5847 4603//5847 4604//5847
f 2960//5847 4604//5847 2961//5847
f 2961//5848 4604//5848 4605//5848
f 2961//5848 4605//5848 2884//5848
f 2884//5849 4605//5849 4606//5849
f 2884//5849 4606//5849 2883//5849
f 2883//5850 4606//5850 4607//5850
f 2883//5850 4607//5850 2882//5850
f 2882//5851 4607//5851 4608//5851
f 2882//5851 4608//5851 2962//5851
f 2962//5852 4608//5852 4609//5852
f 2962//5852 4609//5852 2963//5852
f 2963//5853 4609//5853 4610//5853
f 2963//5853 4610//5853 2924//5853
f 2924//5854 4610//5854 4611//5854
f 2924//5854 4611//5854 2923//5854
f 2923//5855 4611//5855 4612//5855
f 2923//5855 4612//5855 2922//5855
f 2922//5856 4612//5856 4613//5856
f 2922//5856 4613//5856 3046//5856
f 3046//5857 4613//5857 4614//5857
f 3046//5857 4614//5857 3047//5857
f 3047//5858 4614//5858 4615//5858
f 3047//5858 4615//5858 3017//5858
f 3017//5859 4615//5859 4616//5859
f 3017//5859 4616//5859 3018//5859
f 3018//5860 4616//5860 4617//5860
f 3018//5860 4617//5860 3019//5860
f 3019//5861 4617//5861 4618//5861
f 3019//5861 4618//5861 3020//5861
f 3020//5862 4618//5862 4619//5862
f 3020//5862 4619//5862 3048//5862
f 3048//5863 4619//5863 4620//5863
f 3048//5863 4620//5863 3049//5863
f 3049//5864 4620//5864 4621//5864
f 3049//5864 4621//5864 2992//5864
f 2992//5865 4621//5865 4622//5865
f 2992//5865 4622//5865 2993//5865
f 2993//5866 4622//5866 4623//5866
f 2993//5866 4623//5866 3021//5866
f 3021//5867 4623//5867 4624//5867
f 3021//5867 4624//5867 3022//5867
f 3022//5868 4624//5868 4625//5868
f 3022//5868 4625//5868 2994//5868
f 2994//5869 4625//5869 4626//5869
f 2994//5869 4626//5869 2995//5869
f 2995//5870 4626//5870 4627//5870
f 2995//5870 4627//5870 3050//5870
f 3050//5871 4627//5871 4628//5871
f 3050//5871 4628//5871 3051//5871
f 3051//5872 4628//5872 4629//5872
f 3051//5872 4629//5872 3052//5872
f 3052//5873 4629//5873 4630//5873
f 3052//5873 4630//5873 3096//5873
f 3096//5874 4630//5874 4504//5874
f 3096//5874 4504//5874 3097//5874
f 3097//5743 4504//5743 4503//5743
f 2868//5875 4665//5875 4666//5875
f 4665//5876 4667//5876 4668//5876
f 4667//5877 4669//5877 4670//5877
f 4669//5878 4671//5878 4672//5878
f 4671//5879 4673//5879 4674//5879
f 4673//5880 4675//5880 4676//5880
f 4675//5881 4677//5881 4678//5881
f 4677//5882 4679//5882 4680//5882
f 3138//5883 3139//5883 4681//5883
f 3138//5884 4681//5884 3137//5884
f 4679//5885 3140//5885 3141//5885
f 3143//5886 4682//5886 4680//5886
f 4679//5887 3141//5887 4680//5887
f 4680//5888 3141//5888 3142//5888
f 4680//5889 3142//5889 3143//5889
f 3143//5890 3144//5890 4682//5890
f 4682//5891 3144//5891 3145//5891
f 4682//5892 3145//5892 4683//5892
f 4683//5893 3145//5893 3146//5893
f 4683//5894 3146//5894 4684//5894
f 3146//5895 3147//5895 4684//5895
f 4684//5896 3147//5896 3148//5896
f 4684//5897 3148//5897 4685//5897
f 4685//5898 3148//5898 3149//5898
f 4685//5899 3149//5899 4686//5899
f 4686//5900 3149//5900 3150//5900
f 3155//5901 4687//5901 4688//5901
f 3150//5902 3151//5902 4686//5902
f 4686//5903 3151//5903 3152//5903
f 4686//5904 3152//5904 4689//5904
f 4689//5905 3152//5905 3153//5905
f 4689//5906 3153//5906 4688//5906
f 4688//5907 3153//5907 3154//5907
f 4688//5908 3154//5908 3155//5908
f 3160//5909 4690//5909 4691//5909
f 3155//5910 3156//5910 4687//5910
f 4687//5911 3156//5911 3157//5911
f 4687//5911 3157//5911 4692//5911
f 4692//5912 3157//5912 3158//5912
f 4692//5913 3158//5913 4691//5913
f 4691//5914 3158//5914 3159//5914
f 4691//5915 3159//5915 3160//5915
f 3160//5916 3161//5916 4690//5916
f 4690//5917 3161//5917 3162//5917
f 4690//5918 3162//5918 4693//5918
f 3162//5919 3163//5919 4693//5919
f 4693//5920 3163//5920 3164//5920
f 4693//5920 3164//5920 4694//5920
f 4694//5921 3164//5921 3165//5921
f 4694//5922 3165//5922 4695//5922
f 4695//5923 3165//5923 3166//5923
f 4695//5924 3166//5924 4696//5924
f 4696//5925 3166//5925 3167//5925
f 3172//5926 4697//5926 4698//5926
f 3167//5927 3168//5927 4696//5927
f 4696//5928 3168//5928 3169//5928
f 4696//5929 3169//5929 4699//5929
f 4699//5930 3169//5930 3170//5930
f 4699//5931 3170//5931 4698//5931
f 4698//5932 3170//5932 3171//5932
f 4698//5933 3171//5933 3172//5933
f 3172//5934 3173//5934 4697//5934
f 4697//5935 3173//5935 3174//5935
f 4697//5936 3174//5936 4700//5936
f 4700//5937 3174//5937 3175//5937
f 4700//5938 3175//5938 4701//5938
f 3175//5939 3176//5939 4701//5939
f 4701//5940 3176//5940 3177//5940
f 4701//5941 3177//5941 4702//5941
f 4702//5942 3177//5942 3178//5942
f 4702//5943 3178//5943 4703//5943
f 4703//5944 3178//5944 3179//5944
f 3184//5945 4704//5945 4705//5945
f 3179//5946 3180//5946 4703//5946
f 4703//5947 3180//5947 3181//5947
f 4703//5948 3181//5948 4706//5948
f 4706//5949 3181//5949 3182//5949
f 4706//5950 3182//5950 4705//5950
f 4705//5951 3182//5951 3183//5951
f 4705//5952 3183//5952 3184//5952
f 3189//5953 4707//5953 4708//5953
f 3184//5954 3185//5954 4704//5954
f 4704//5955 3185//5955 3186//5955
f 4704//5956 3186//5956 4709//5956
f 4709//5957 3186//5957 3187//5957
f 4709//5958 3187//5958 4708//5958
f 4708//5959 3187//5959 3188//5959
f 4708//5960 3188//5960 3189//5960
f 3189//5961 3190//5961 4707//5961
f 4707//5962 3190//5962 3191//5962
f 4707//5963 3191//5963 4710//5963
f 3191//5964 3192//5964 4710//5964
f 4710//5965 3192//5965 3193//5965
f 4710//5965 3193//5965 4711//5965
f 4711//5966 3193//5966 3194//5966
f 4711//5967 3194//5967 4712//5967
f 4712//5968 3194//5968 3195//5968
f 4712//5969 3195//5969 4713//5969
f 4713//5970 3195//5970 3196//5970
f 3201//5971 4714//5971 4715//5971
f 3196//5972 3197//5972 4713//5972
f 4713//5973 3197//5973 3198//5973
f 4713//5974 3198//5974 4716//5974
f 4716//5975 3198//5975 3199//5975
f 4716//5976 3199//5976 4715//5976
f 4715//5977 3199//5977 3200//5977
f 4715//5978 3200//5978 3201//5978
f 3201//5979 3202//5979 4714//5979
f 4714//5980 3202//5980 3203//5980
f 4714//5981 3203//5981 4717//5981
f 4717//5982 3203//5982 3204//5982
f 4717//5983 3204//5983 4718//5983
f 3204//5984 3205//5984 4718//5984
f 4718//5985 3205//5985 3206//5985
f 4718//5986 3206//5986 4719//5986
f 4719//5987 3206//5987 3207//5987
f 4719//5988 3207//5988 4720//5988
f 4720//5989 3207//5989 3208//5989
f 3213//5990 4721//5990 4722//5990
f 3208//5991 3209//5991 4720//5991
f 4720//5992 3209//5992 3210//5992
f 4720//5993 3210//5993 4723//5993
f 4723//5994 3210//5994 3211//5994
f 4723//5995 3211//5995 4722//5995
f 4722//5996 3211//5996 3212//5996
f 4722//5997 3212//5997 3213//5997
f 3213//5998 3214//5998 4721//5998
f 4721//5999 3214//5999 3215//5999
f 4721//6000 3215//6000 4724//6000
f 4724//6001 3215//6001 3216//6001
f 4724//6002 3216//6002 4725//6002
f 3216//6003 3217//6003 4725//6003
f 4725//6004 3217//6004 3218//6004
f 4725//6005 3218//6005 4726//6005
f 4726//6006 3218//6006 3219//6006
f 4726//6007 3219//6007 4727//6007
f 4727//6008 3219//6008 3220//6008
f 3225//6009 4728//6009 4729//6009
f 3220//6010 3221//6010 4727//6010
f 4727//6011 3221//6011 3222//6011
f 4727//6012 3222//6012 4730//6012
f 4730//6013 3222//6013 3223//6013
f 4730//6014 3223//6014 4729//6014
f 4729//6015 3223//6015 3224//6015
f 4729//6016 3224//6016 3225//6016
f 3230//6017 4731//6017 4732//6017
f 3225//6018 3226//6018 4728//6018
f 4728//6019 3226//6019 3227//6019
f 4728//6020 3227//6020 4733//6020
f 4733//6021 3227//6021 3228//6021
f 4733//6022 3228//6022 4732//6022
f 4732//6023 3228//6023 3229//6023
f 4732//6024 3229//6024 3230//6024
f 3230//6025 3231//6025 4731//6025
f 4731//6026 3231//6026 3232//6026
f 4731//6027 3232//6027 4734//6027
f 4734//6028 3232//6028 3361//6028
f 4734//6029 3361//6029 4735//6029
f 3361//6030 3360//6030 4735//6030
f 4735//6031 3360//6031 3359//6031
f 4735//6032 3359//6032 4736//6032
f 4736//6033 3359//6033 3358//6033
f 4736//6034 3358//6034 4737//6034
f 4737//6035 3358//6035 3357//6035
f 3352//6036 4738//6036 4739//6036
f 3357//6037 3356//6037 4737//6037
f 4737//6038 3356//6038 3355//6038
f 4737//6039 3355//6039 4740//6039
f 4740//6040 3355//6040 3354//6040
f 4740//6041 3354//6041 4739//6041
f 4739//6042 3354//6042 3353//6042
f 4739//6043 3353//6043 3352//6043
f 3352//6044 3351//6044 4738//6044
f 4738//6045 3351//6045 3350//6045
f 4738//6045 3350//6045 4741//6045
f 4741//6046 3350//6046 3349//6046
f 4741//6047 3349//6047 4742//6047
f 3349//6048 3348//6048 4742//6048
f 4742//6049 3348//6049 3347//6049
f 4742//6050 3347//6050 4743//6050
f 4743//6051 3347//6051 3346//6051
f 4743//6052 3346//6052 4744//6052
f 4744//6053 3346//6053 3345//6053
f 3340//6054 4745//6054 4746//6054
f 3345//6055 3344//6055 4744//6055
f 4744//6056 3344//6056 3343//6056
f 4744//6056 3343//6056 4747//6056
f 4747//6057 3343//6057 3342//6057
f 4747//6058 3342//6058 4746//6058
f 4746//6059 3342//6059 3341//6059
f 4746//6060 3341//6060 3340//6060
f 3335//6061 4748//6061 4749//6061
f 3340//6062 3339//6062 4745//6062
f 4745//6063 3339//6063 3338//6063
f 4745//6064 3338//6064 4750//6064
f 4750//6065 3338//6065 3337//6065
f 4750//6066 3337//6066 4749//6066
f 4749//6067 3337//6067 3336//6067
f 4749//6068 3336//6068 3335//6068
f 3335//6069 3334//6069 4748//6069
f 4748//6070 3334//6070 3333//6070
f 4748//6071 3333//6071 4751//6071
f 3333//6072 3332//6072 4751//6072
f 4751//6073 3332//6073 3331//6073
f 4751//6073 3331//6073 4752//6073
f 4752//6074 3331//6074 3330//6074
f 4752//6075 3330//6075 4753//6075
f 4753//6076 3330//6076 3329//6076
f 4753//6077 3329//6077 4754//6077
f 4754//6078 3329//6078 3328//6078
f 3323//6079 4755//6079 4756//6079
f 3328//6080 3327//6080 4754//6080
f 4754//6081 3327//6081 3326//6081
f 4754//6081 3326//6081 4757//6081
f 4757//6082 3326//6082 3325//6082
f 4757//6083 3325//6083 4756//6083
f 4756//6084 3325//6084 3324//6084
f 4756//6085 3324//6085 3323//6085
f 3323//6086 3322//6086 4755//6086
f 4755//6087 3322//6087 3321//6087
f 4755//6088 3321//6088 4758//6088
f 4758//6089 3321//6089 3320//6089
f 4758//6090 3320//6090 4759//6090
f 3320//6091 3319//6091 4759//6091
f 4759//6092 3319//6092 3318//6092
f 4759//6093 3318//6093 4760//6093
f 4760//6094 3318//6094 3317//6094
f 4760//6095 3317//6095 4761//6095
f 4761//6096 3317//6096 3316//6096
f 3311//6097 4762//6097 4763//6097
f 3316//6098 3315//6098 4761//6098
f 4761//6099 3315//6099 3314//6099
f 4761//6100 3314//6100 4764//6100
f 4764//6101 3314//6101 3313//6101
f 4764//6102 3313//6102 4763//6102
f 4763//6103 3313//6103 3312//6103
f 4763//6104 3312//6104 3311//6104
f 3306//6105 4765//6105 4766//6105
f 3311//6106 3310//6106 4762//6106
f 4762//6107 3310//6107 3309//6107
f 4762//6108 3309//6108 4767//6108
f 4767//6109 3309//6109 3308//6109
f 4767//6110 3308//6110 4766//6110
f 4766//6111 3308//6111 3307//6111
f 4766//6112 3307//6112 3306//6112
f 3306//6113 3305//6113 4765//6113
f 4765//6114 3305//6114 3304//6114
f 4765//6115 3304//6115 4768//6115
f 3304//6116 3303//6116 4768//6116
f 4768//6117 3303//6117 3302//6117
f 4768//6117 3302//6117 4769//6117
f 4769//6118 3302//6118 3301//6118
f 4769//6119 3301//6119 4770//6119
f 4770//6120 3301//6120 3300//6120
f 4770//6121 3300//6121 4771//6121
f 4771//6122 3300//6122 3299//6122
f 3294//6123 4772//6123 4773//6123
f 3299//6124 3298//6124 4771//6124
f 4771//6125 3298//6125 3297//6125
f 4771//6126 3297//6126 4774//6126
f 4774//6127 3297//6127 3296//6127
f 4774//6128 3296//6128 4773//6128
f 4773//6129 3296//6129 3295//6129
f 4773//6130 3295//6130 3294//6130
f 3294//6131 3293//6131 4772//6131
f 4772//6132 3293//6132 3292//6132
f 4772//6132 3292//6132 4775//6132
f 4775//6133 3292//6133 3291//6133
f 4775//6134 3291//6134 4776//6134
f 3291//6135 3290//6135 4776//6135
f 4776//6136 3290//6136 3289//6136
f 4776//6137 3289//6137 4777//6137
f 4777//6138 3289//6138 3288//6138
f 4777//6139 3288//6139 4778//6139
f 4778//6140 3288//6140 3287//6140
f 3282//6141 4779//6141 4780//6141
f 3287//6142 3286//6142 4778//6142
f 4778//6143 3286//6143 3285//6143
f 4778//6144 3285//6144 4781//6144
f 4781//6145 3285//6145 3284//6145
f 4781//6146 3284//6146 4780//6146
f 4780//6147 3284//6147 3283//6147
f 4780//6148 3283//6148 3282//6148
f 3282//6149 3281//6149 4779//6149
f 4779//6150 3281//6150 3280//6150
f 4779//6151 3280//6151 4782//6151
f 4782//6152 3280//6152 3279//6152
f 4782//6153 3279//6153 4783//6153
f 3279//6154 3278//6154 4783//6154
f 4783//6155 3278//6155 3277//6155
f 4783//6156 3277//6156 4784//6156
f 4784//6157 3277//6157 3276//6157
f 4784//6158 3276//6158 4785//6158
f 4785//6159 3276//6159 3275//6159
f 3275//6160 3274//6160 4785//6160
f 4785//6161 3274//6161 3273//6161
f 4785//6162 3273//6162 4786//6162
f 4786//6163 3273//6163 3272//6163
f 4786//6164 3272//6164 4787//6164
f 4787//6165 3272//6165 3271//6165
f 4787//6166 3271//6166 4788//6166
f 4788//6167 3271//6167 3270//6167
f 3265//6168 4789//6168 4790//6168
f 3270//6169 3269//6169 4788//6169
f 4788//6170 3269//6170 3268//6170
f 4788//6170 3268//6170 4791//6170
f 4791//6171 3268//6171 3267//6171
f 4791//6172 3267//6172 4790//6172
f 4790//6173 3267//6173 3266//6173
f 4790//6174 3266//6174 3265//6174
f 3265//6175 3264//6175 4789//6175
f 4789//6176 3264//6176 3263//6176
f 4789//6177 3263//6177 4792//6177
f 4792//6178 3263//6178 3262//6178
f 4792//6179 3262//6179 4793//6179
f 3262//6180 3261//6180 4793//6180
f 4793//6181 3261//6181 3260//6181
f 4793//6182 3260//6182 4794//6182
f 4794//6183 3260//6183 3259//6183
f 4794//6184 3259//6184 4795//6184
f 4795//6185 3259//6185 3258//6185
f 3253//6186 4796//6186 4797//6186
f 3258//6187 3257//6187 4795//6187
f 4795//6188 3257//6188 3256//6188
f 4795//6188 3256//6188 4798//6188
f 4798//6189 3256//6189 3255//6189
f 4798//6190 3255//6190 4797//6190
f 4797//6191 3255//6191 3254//6191
f 4797//6192 3254//6192 3253//6192
f 3253//6193 3252//6193 4796//6193
f 4796//6194 3252//6194 3251//6194
f 4796//6195 3251//6195 4799//6195
f 4799//6196 3251//6196 3250//6196
f 4799//6197 3250//6197 4800//6197
f 3250//6198 3249//6198 4800//6198
f 4800//6199 3249//6199 3248//6199
f 4800//6200 3248//6200 4801//6200
f 4801//6201 3248//6201 3247//6201
f 4801//6202 3247//6202 4802//6202
f 4802//6203 3247//6203 3246//6203
f 3241//6204 4803//6204 4804//6204
f 3246//6205 3245//6205 4802//6205
f 4802//6206 3245//6206 3244//6206
f 4802//6207 3244//6207 4805//6207
f 4805//6208 3244//6208 3243//6208
f 4805//6209 3243//6209 4804//6209
f 4804//6210 3243//6210 3242//6210
f 4804//6211 3242//6211 3241//6211
f 3236//6212 4806//6212 4807//6212
f 3241//6213 3240//6213 4803//6213
f 4803//6214 3240//6214 3239//6214
f 4803//6214 3239//6214 4808//6214
f 4808//6215 3239//6215 3238//6215
f 4808//6216 3238//6216 4807//6216
f 4807//6217 3238//6217 3237//6217
f 4807//6218 3237//6218 3236//6218
f 3236//6219 3235//6219 4806//6219
f 4806//6220 3235//6220 4809//6220
f 4806//6220 4809//6220 4810//6220
f 4810//6221 4811//6221 4812//6221
f 4677//5882 4680//5882 4678//5882
f 4678//6222 4680//6222 4682//6222
f 4678//6222 4682//6222 4813//6222
f 4813//6223 4682//6223 4683//6223
f 4813//6223 4683//6223 4814//6223
f 4814//6224 4683//6224 4684//6224
f 4814//6224 4684//6224 4815//6224
f 4815//6225 4684//6225 4685//6225
f 4815//6225 4685//6225 4816//6225
f 4816//6226 4685//6226 4686//6226
f 4816//6226 4686//6226 4817//6226
f 4817//6227 4686//6227 4689//6227
f 4817//6227 4689//6227 4818//6227
f 4818//6228 4689//6228 4688//6228
f 4818//6228 4688//6228 4819//6228
f 4819//6229 4688//6229 4687//6229
f 4819//6229 4687//6229 4820//6229
f 4820//6230 4687//6230 4692//6230
f 4820//6230 4692//6230 4821//6230
f 4821//6231 4692//6231 4691//6231
f 4821//6231 4691//6231 4822//6231
f 4822//6232 4691//6232 4690//6232
f 4822//6232 4690//6232 4823//6232
f 4823//6233 4690//6233 4693//6233
f 4823//6233 4693//6233 4824//6233
f 4824//6234 4693//6234 4694//6234
f 4824//6234 4694//6234 4825//6234
f 4825//6235 4694//6235 4695//6235
f 4825//6235 4695//6235 4826//6235
f 4826//6236 4695//6236 4696//6236
f 4826//6236 4696//6236 4827//6236
f 4827//6237 4696//6237 4699//6237
f 4827//6237 4699//6237 4828//6237
f 4828//6238 4699//6238 4698//6238
f 4828//6238 4698//6238 4829//6238
f 4829//6239 4698//6239 4697//6239
f 4829//6239 4697//6239 4830//6239
f 4830//6240 4697//6240 4700//6240
f 4830//6240 4700//6240 4831//6240
f 4831//6241 4700//6241 4701//6241
f 4831//6242 4701//6242 4832//6242
f 4832//6243 4701//6243 4702//6243
f 4832//6243 4702//6243 4833//6243
f 4833//6244 4702//6244 4703//6244
f 4833//6244 4703//6244 4834//6244
f 4834//6245 4703//6245 4706//6245
f 4834//6245 4706//6245 4835//6245
f 4835//6246 4706//6246 4705//6246
f 4835//6247 4705//6247 4836//6247
f 4836//6248 4705//6248 4704//6248
f 4836//6249 4704//6249 4837//6249
f 4837//6250 4704//6250 4709//6250
f 4837//6250 4709//6250 4838//6250
f 4838//6251 4709//6251 4708//6251
f 4838//6252 4708//6252 4839//6252
f 4839//6253 4708//6253 4707//6253
f 4839//6253 4707//6253 4840//6253
f 4840//6254 4707//6254 4710//6254
f 4840//6254 4710//6254 4841//6254
f 4841//6255 4710//6255 4711//6255
f 4841//6256 4711//6256 4842//6256
f 4842//6257 4711//6257 4712//6257
f 4842//6258 4712//6258 4843//6258
f 4843//6259 4712//6259 4713//6259
f 4843//6259 4713//6259 4844//6259
f 4844//6260 4713//6260 4716//6260
f 4844//6260 4716//6260 4845//6260
f 4845//6261 4716//6261 4715//6261
f 4845//6262 4715//6262 4846//6262
f 4846//6263 4715//6263 4714//6263
f 4846//6264 4714//6264 4847//6264
f 4847//6265 4714//6265 4717//6265
f 4847//6266 4717//6266 4848//6266
f 4848//6267 4717//6267 4718//6267
f 4848//6268 4718//6268 4849//6268
f 4849//6269 4718//6269 4719//6269
f 4849//6270 4719//6270 4850//6270
f 4850//6271 4719//6271 4720//6271
f 4850//6272 4720//6272 4851//6272
f 4851//6273 4720//6273 4723//6273
f 4851//6274 4723//6274 4852//6274
f 4852//6275 4723//6275 4722//6275
f 4852//6276 4722//6276 4853//6276
f 4853//6277 4722//6277 4721//6277
f 4853//6278 4721//6278 4854//6278
f 4854//6279 4721//6279 4724//6279
f 4854//6280 4724//6280 4855//6280
f 4855//6281 4724//6281 4725//6281
f 4855//6282 4725//6282 4856//6282
f 4856//6283 4725//6283 4726//6283
f 4856//6284 4726//6284 4857//6284
f 4857//6285 4726//6285 4727//6285
f 4857//6286 4727//6286 4858//6286
f 4858//6287 4727//6287 4730//6287
f 4858//6287 4730//6287 4859//6287
f 4859//6288 4730//6288 4729//6288
f 4859//6288 4729//6288 4860//6288
f 4860//6289 4729//6289 4728//6289
f 4860//6290 4728//6290 4861//6290
f 4861//6291 4728//6291 4733//6291
f 4861//6292 4733//6292 4862//6292
f 4862//6293 4733//6293 4732//6293
f 4862//6294 4732//6294 4863//6294
f 4863//6295 4732//6295 4731//6295
f 4863//6295 4731//6295 4864//6295
f 4864//6296 4731//6296 4734//6296
f 4864//6297 4734//6297 4865//6297
f 4865//6298 4734//6298 4735//6298
f 4865//6299 4735//6299 4866//6299
f 4866//6300 4735//6300 4736//6300
f 4866//6300 4736//6300 4867//6300
f 4867//6301 4736//6301 4737//6301
f 4867//6302 4737//6302 4868//6302
f 4868//6303 4737//6303 4740//6303
f 4868//6304 4740//6304 4869//6304
f 4869//6305 4740//6305 4739//6305
f 4869//6306 4739//6306 4870//6306
f 4870//6307 4739//6307 4738//6307
f 4870//6308 4738//6308 4871//6308
f 4871//6309 4738//6309 4741//6309
f 4871//6310 4741//6310 4872//6310
f 4872//6311 4741//6311 4742//6311
f 4872//6312 4742//6312 4873//6312
f 4873//6313 4742//6313 4743//6313
f 4873//6313 4743//6313 4874//6313
f 4874//6314 4743//6314 4744//6314
f 4874//6315 4744//6315 4875//6315
f 4875//6316 4744//6316 4747//6316
f 4875//6317 4747//6317 4876//6317
f 4876//6318 4747//6318 4746//6318
f 4876//6319 4746//6319 4877//6319
f 4877//6320 4746//6320 4745//6320
f 4877//6321 4745//6321 4878//6321
f 4878//6322 4745//6322 4750//6322
f 4878//6323 4750//6323 4879//6323
f 4879//6324 4750//6324 4749//6324
f 4879//6325 4749//6325 4880//6325
f 4880//6326 4749//6326 4748//6326
f 4880//6326 4748//6326 4881//6326
f 4881//6327 4748//6327 4751//6327
f 4881//6328 4751//6328 4882//6328
f 4882//6329 4751//6329 4752//6329
f 4882//6329 4752//6329 4883//6329
f 4883//6330 4752//6330 4753//6330
f 4883//6331 4753//6331 4884//6331
f 4884//6332 4753//6332 4754//6332
f 4884//6333 4754//6333 4885//6333
f 4885//6334 4754//6334 4757//6334
f 4885//6335 4757//6335 4886//6335
f 4886//6336 4757//6336 4756//6336
f 4886//6336 4756//6336 4887//6336
f 4887//6337 4756//6337 4755//6337
f 4887//6338 4755//6338 4888//6338
f 4888//6339 4755//6339 4758//6339
f 4888//6340 4758//6340 4889//6340
f 4889//6341 4758//6341 4759//6341
f 4889//6342 4759//6342 4890//6342
f 4890//6343 4759//6343 4760//6343
f 4890//6343 4760//6343 4891//6343
f 4891//6344 4760//6344 4761//6344
f 4891//6345 4761//6345 4892//6345
f 4892//6346 4761//6346 4764//6346
f 4892//6347 4764//6347 4893//6347
f 4893//6348 4764//6348 4763//6348
f 4893//6349 4763//6349 4894//6349
f 4894//6350 4763//6350 4762//6350
f 4894//6350 4762//6350 4895//6350
f 4895//6351 4762//6351 4767//6351
f 4895//6352 4767//6352 4896//6352
f 4896//6353 4767//6353 4766//6353
f 4896//6353 4766//6353 4897//6353
f 4897//6354 4766//6354 4765//6354
f 4897//6355 4765//6355 4898//6355
f 4898//6356 4765//6356 4768//6356
f 4898//6357 4768//6357 4899//6357
f 4899//6358 4768//6358 4769//6358
f 4899//6358 4769//6358 4900//6358
f 4900//6359 4769//6359 4770//6359
f 4900//6360 4770//6360 4901//6360
f 4901//6361 4770//6361 4771//6361
f 4901//6362 4771//6362 4902//6362
f 4902//6363 4771//6363 4774//6363
f 4902//6364 4774//6364 4903//6364
f 4903//6365 4774//6365 4773//6365
f 4903//6365 4773//6365 4904//6365
f 4904//6366 4773//6366 4772//6366
f 4904//6367 4772//6367 4905//6367
f 4905//6368 4772//6368 4775//6368
f 4905//6369 4775//6369 4906//6369
f 4906//6370 4775//6370 4776//6370
f 4906//6370 4776//6370 4907//6370
f 4907//6371 4776//6371 4777//6371
f 4907//6371 4777//6371 4908//6371
f 4908//6372 4777//6372 4778//6372
f 4908//6373 4778//6373 4909//6373
f 4909//6374 4778//6374 4781//6374
f 4909//6375 4781//6375 4910//6375
f 4910//6376 4781//6376 4780//6376
f 4910//6377 4780//6377 4911//6377
f 4911//6378 4780//6378 4779//6378
f 4911//6379 4779//6379 4912//6379
f 4912//6380 4779//6380 4782//6380
f 4912//6381 4782//6381 4913//6381
f 4913//6382 4782//6382 4783//6382
f 4913//6382 4783//6382 4914//6382
f 4914//6383 4783//6383 4784//6383
f 4914//6383 4784//6383 4915//6383
f 4915//6384 4784//6384 4785//6384
f 4915//6385 4785//6385 4916//6385
f 4916//6386 4785//6386 4786//6386
f 4916//6386 4786//6386 4917//6386
f 4917//6387 4786//6387 4787//6387
f 4917//6387 4787//6387 4918//6387
f 4918//6388 4787//6388 4788//6388
f 4918//6388 4788//6388 4919//6388
f 4919//6389 4788//6389 4791//6389
f 4919//6389 4791//6389 4920//6389
f 4920//6390 4791//6390 4790//6390
f 4920//6391 4790//6391 4921//6391
f 4921//6392 4790//6392 4789//6392
f 4921//6392 4789//6392 4922//6392
f 4922//6393 4789//6393 4792//6393
f 4922//6393 4792//6393 4923//6393
f 4923//6394 4792//6394 4793//6394
f 4923//6394 4793//6394 4924//6394
f 4924//6395 4793//6395 4794//6395
f 4924//6395 4794//6395 4925//6395
f 4925//6396 4794//6396 4795//6396
f 4925//6396 4795//6396 4926//6396
f 4926//6397 4795//6397 4798//6397
f 4926//6397 4798//6397 4927//6397
f 4927//6398 4798//6398 4797//6398
f 4927//6398 4797//6398 4928//6398
f 4928//6399 4797//6399 4796//6399
f 4928//6399 4796//6399 4929//6399
f 4929//6400 4796//6400 4799//6400
f 4929//6400 4799//6400 4930//6400
f 4930//6401 4799//6401 4800//6401
f 4930//6401 4800//6401 4931//6401
f 4931//6402 4800//6402 4801//6402
f 4931//6402 4801//6402 4932//6402
f 4932//6403 4801//6403 4802//6403
f 4932//6403 4802//6403 4933//6403
f 4933//6404 4802//6404 4805//6404
f 4933//6404 4805//6404 4934//6404
f 4934//6405 4805//6405 4804//6405
f 4934//6405 4804//6405 4935//6405
f 4935//6406 4804//6406 4803//6406
f 4935//6406 4803//6406 4936//6406
f 4936//6407 4803//6407 4808//6407
f 4936//6407 4808//6407 4937//6407
f 4937//6408 4808//6408 4807//6408
f 4937//6409 4807//6409 4938//6409
f 4938//6410 4807//6410 4806//6410
f 4938//6410 4806//6410 4812//6410
f 4812//6221 4806//6221 4810//6221
f 4811//6411 4939//6411 4940//6411
f 4675//5881 4678//5881 4676//5881
f 4676//6412 4678//6412 4813//6412
f 4676//6412 4813//6412 4941//6412
f 4941//6413 4813//6413 4814//6413
f 4941//6414 4814//6414 4942//6414
f 4942//6415 4814//6415 4815//6415
f 4942//6415 4815//6415 4943//6415
f 4943//6416 4815//6416 4816//6416
f 4943//6416 4816//6416 4944//6416
f 4944//6417 4816//6417 4817//6417
f 4944//6417 4817//6417 4945//6417
f 4945//6418 4817//6418 4818//6418
f 4945//6418 4818//6418 4946//6418
f 4946//6419 4818//6419 4819//6419
f 4946//6419 4819//6419 4947//6419
f 4947//6420 4819//6420 4820//6420
f 4947//6420 4820//6420 4948//6420
f 4948//6421 4820//6421 4821//6421
f 4948//6421 4821//6421 4949//6421
f 4949//6422 4821//6422 4822//6422
f 4949//6422 4822//6422 4950//6422
f 4950//6423 4822//6423 4823//6423
f 4950//6423 4823//6423 4951//6423
f 4951//6424 4823//6424 4824//6424
f 4951//6424 4824//6424 4952//6424
f 4952//6425 4824//6425 4825//6425
f 4952//6425 4825//6425 4953//6425
f 4953//6426 4825//6426 4826//6426
f 4953//6427 4826//6427 4954//6427
f 4954//6428 4826//6428 4827//6428
f 4954//6428 4827//6428 4955//6428
f 4955//6429 4827//6429 4828//6429
f 4955//6429 4828//6429 4956//6429
f 4956//6430 4828//6430 4829//6430
f 4956//6430 4829//6430 4957//6430
f 4957//6431 4829//6431 4830//6431
f 4957//6431 4830//6431 4958//6431
f 4958//6432 4830//6432 4831//6432
f 4958//6433 4831//6433 4959//6433
f 4959//6434 4831//6434 4832//6434
f 4959//6435 4832//6435 4960//6435
f 4960//6436 4832//6436 4833//6436
f 4960//6436 4833//6436 4961//6436
f 4961//6437 4833//6437 4834//6437
f 4961//6437 4834//6437 4962//6437
f 4962//6438 4834//6438 4835//6438
f 4962//6438 4835//6438 4963//6438
f 4963//6439 4835//6439 4836//6439
f 4963//6439 4836//6439 4964//6439
f 4964//6440 4836//6440 4837//6440
f 4964//6441 4837//6441 4965//6441
f 4965//6442 4837//6442 4838//6442
f 4965//6442 4838//6442 4966//6442
f 4966//6443 4838//6443 4839//6443
f 4966//6444 4839//6444 4967//6444
f 4967//6445 4839//6445 4840//6445
f 4967//6445 4840//6445 4968//6445
f 4968//6446 4840//6446 4841//6446
f 4968//6447 4841//6447 4969//6447
f 4969//6448 4841//6448 4842//6448
f 4969//6448 4842//6448 4970//6448
f 4970//6449 4842//6449 4843//6449
f 4970//6450 4843//6450 4971//6450
f 4971//6451 4843//6451 4844//6451
f 4971//6452 4844//6452 4972//6452
f 4972//6453 4844//6453 4845//6453
f 4972//6453 4845//6453 4973//6453
f 4973//6454 4845//6454 4846//6454
f 4973//6454 4846//6454 4974//6454
f 4974//6455 4846//6455 4847//6455
f 4974//6456 4847//6456 4975//6456
f 4975//6457 4847//6457 4848//6457
f 4975//6457 4848//6457 4976//6457
f 4976//6458 4848//6458 4849//6458
f 4976//6459 4849//6459 4977//6459
f 4977//6460 4849//6460 4850//6460
f 4977//6461 4850//6461 4978//6461
f 4978//6462 4850//6462 4851//6462
f 4978//6462 4851//6462 4979//6462
f 4979//6463 4851//6463 4852//6463
f 4979//6463 4852//6463 4980//6463
f 4980//6464 4852//6464 4853//6464
f 4980//6465 4853//6465 4981//6465
f 4981//6466 4853//6466 4854//6466
f 4981//6467 4854//6467 4982//6467
f 4982//6468 4854//6468 4855//6468
f 4982//6469 4855//6469 4983//6469
f 4983//6470 4855//6470 4856//6470
f 4983//6471 4856//6471 4984//6471
f 4984//6472 4856//6472 4857//6472
f 4984//6472 4857//6472 4985//6472
f 4985//6473 4857//6473 4858//6473
f 4985//6474 4858//6474 4986//6474
f 4986//6475 4858//6475 4859//6475
f 4986//6476 4859//6476 4987//6476
f 4987//6477 4859//6477 4860//6477
f 4987//6478 4860//6478 4988//6478
f 4988//6479 4860//6479 4861//6479
f 4988//6480 4861//6480 4989//6480
f 4989//6481 4861//6481 4862//6481
f 4989//6482 4862//6482 4990//6482
f 4990//6483 4862//6483 4863//6483
f 4990//6483 4863//6483 4991//6483
f 4991//6484 4863//6484 4864//6484
f 4991//6485 4864//6485 4992//6485
f 4992//6486 4864//6486 4865//6486
f 4992//6486 4865//6486 4993//6486
f 4993//6487 4865//6487 4866//6487
f 4993//6487 4866//6487 4994//6487
f 4994//6488 4866//6488 4867//6488
f 4994//6489 4867//6489 4995//6489
f 4995//6490 4867//6490 4868//6490
f 4995//6491 4868//6491 4996//6491
f 4996//6492 4868//6492 4869//6492
f 4996//6492 4869//6492 4997//6492
f 4997//6493 4869//6493 4870//6493
f 4997//6494 4870//6494 4998//6494
f 4998//6495 4870//6495 4871//6495
f 4998//6496 4871//6496 4999//6496
f 4999//6497 4871//6497 4872//6497
f 4999//6497 4872//6497 5000//6497
f 5000//6498 4872//6498 4873//6498
f 5000//6499 4873//6499 5001//6499
f 5001//6500 4873//6500 4874//6500
f 5001//6501 4874//6501 5002//6501
f 5002//6502 4874//6502 4875//6502
f 5002//6503 4875//6503 5003//6503
f 5003//6504 4875//6504 4876//6504
f 5003//6505 4876//6505 5004//6505
f 5004//6506 4876//6506 4877//6506
f 5004//6507 4877//6507 5005//6507
f 5005//6508 4877//6508 4878//6508
f 5005//6509 4878//6509 5006//6509
f 5006//6510 4878//6510 4879//6510
f 5006//6510 4879//6510 5007//6510
f 5007//6511 4879//6511 4880//6511
f 5007//6512 4880//6512 5008//6512
f 5008//6513 4880//6513 4881//6513
f 5008//6514 4881//6514 5009//6514
f 5009//6515 4881//6515 4882//6515
f 5009//6515 4882//6515 5010//6515
f 5010//6516 4882//6516 4883//6516
f 5010//6516 4883//6516 5011//6516
f 5011//6517 4883//6517 4884//6517
f 5011//6517 4884//6517 5012//6517
f 5012//6518 4884//6518 4885//6518
f 5012//6518 4885//6518 5013//6518
f 5013//6519 4885//6519 4886//6519
f 5013//6520 4886//6520 5014//6520
f 5014//6521 4886//6521 4887//6521
f 5014//6521 4887//6521 5015//6521
f 5015//6522 4887//6522 4888//6522
f 5015//6523 4888//6523 5016//6523
f 5016//6524 4888//6524 4889//6524
f 5016//6524 4889//6524 5017//6524
f 5017//6525 4889//6525 4890//6525
f 5017//6526 4890//6526 5018//6526
f 5018//6527 4890//6527 4891//6527
f 5018//6527 4891//6527 5019//6527
f 5019//6528 4891//6528 4892//6528
f 5019//6529 4892//6529 5020//6529
f 5020//6530 4892//6530 4893//6530
f 5020//6531 4893//6531 5021//6531
f 5021//6532 4893//6532 4894//6532
f 5021//6532 4894//6532 5022//6532
f 5022//6533 4894//6533 4895//6533
f 5022//6534 4895//6534 5023//6534
f 5023//6535 4895//6535 4896//6535
f 5023//6535 4896//6535 5024//6535
f 5024//6536 4896//6536 4897//6536
f 5024//6537 4897//6537 5025//6537
f 5025//6538 4897//6538 4898//6538
f 5025//6539 4898//6539 5026//6539
f 5026//6540 4898//6540 4899//6540
f 5026//6540 4899//6540 5027//6540
f 5027//6541 4899//6541 4900//6541
f 5027//6541 4900//6541 5028//6541
f 5028//6542 4900//6542 4901//6542
f 5028//6543 4901//6543 5029//6543
f 5029//6544 4901//6544 4902//6544
f 5029//6544 4902//6544 5030//6544
f 5030//6545 4902//6545 4903//6545
f 5030//6546 4903//6546 5031//6546
f 5031//6547 4903//6547 4904//6547
f 5031//6548 4904//6548 5032//6548
f 5032//6549 4904//6549 4905//6549
f 5032//6550 4905//6550 5033//6550
f 5033//6551 4905//6551 4906//6551
f 5033//6551 4906//6551 5034//6551
f 5034//6552 4906//6552 4907//6552
f 5034//6553 4907//6553 5035//6553
f 5035//6554 4907//6554 4908//6554
f 5035//6554 4908//6554 5036//6554
f 5036//6555 4908//6555 4909//6555
f 5036//6556 4909//6556 5037//6556
f 5037//6557 4909//6557 4910//6557
f 5037//6557 4910//6557 5038//6557
f 5038//6558 4910//6558 4911//6558
f 5038//6559 4911//6559 5039//6559
f 5039//6560 4911//6560 4912//6560
f 5039//6560 4912//6560 5040//6560
f 5040//6561 4912//6561 4913//6561
f 5040//6561 4913//6561 5041//6561
f 5041//6562 4913//6562 4914//6562
f 5041//6562 4914//6562 5042//6562
f 5042//6563 4914//6563 4915//6563
f 5042//6563 4915//6563 5043//6563
f 5043//6564 4915//6564 4916//6564
f 5043//6564 4916//6564 5044//6564
f 5044//6565 4916//6565 4917//6565
f 5044//6566 4917//6566 5045//6566
f 5045//6567 4917//6567 4918//6567
f 5045//6567 4918//6567 5046//6567
f 5046//6568 4918//6568 4919//6568
f 5046//6568 4919//6568 5047//6568
f 5047//6569 4919//6569 4920//6569
f 5047//6569 4920//6569 5048//6569
f 5048//6570 4920//6570 4921//6570
f 5048//6570 4921//6570 5049//6570
f 5049//6571 4921//6571 4922//6571
f 5049//6572 4922//6572 5050//6572
f 5050//6573 4922//6573 4923//6573
f 5050//6573 4923//6573 5051//6573
f 5051//6574 4923//6574 4924//6574
f 5051//6574 4924//6574 5052//6574
f 5052//6575 4924//6575 4925//6575
f 5052//6575 4925//6575 5053//6575
f 5053//6576 4925//6576 4926//6576
f 5053//6576 4926//6576 5054//6576
f 5054//6577 4926//6577 4927//6577
f 5054//6577 4927//6577 5055//6577
f 5055//6578 4927//6578 4928//6578
f 5055//6578 4928//6578 5056//6578
f 5056//6579 4928//6579 4929//6579
f 5056//6579 4929//6579 5057//6579
f 5057//6580 4929//6580 4930//6580
f 5057//6580 4930//6580 5058//6580
f 5058//6581 4930//6581 4931//6581
f 5058//6581 4931//6581 5059//6581
f 5059//6582 4931//6582 4932//6582
f 5059//6582 4932//6582 5060//6582
f 5060//6583 4932//6583 4933//6583
f 5060//6583 4933//6583 5061//6583
f 5061//6584 4933//6584 4934//6584
f 5061//6585 4934//6585 5062//6585
f 5062//6586 4934//6586 4935//6586
f 5062//6586 4935//6586 5063//6586
f 5063//6587 4935//6587 4936//6587
f 5063//6588 4936//6588 5064//6588
f 5064//6589 4936//6589 4937//6589
f 5064//6590 4937//6590 5065//6590
f 5065//6591 4937//6591 4938//6591
f 5065//6591 4938//6591 5066//6591
f 5066//6592 4938//6592 4812//6592
f 5066//6592 4812//6592 4940//6592
f 4940//6411 4812//6411 4811//6411
f 4939//6593 5067//6593 5068//6593
f 4673//6594 4676//6594 4674//6594
f 4674//6595 4676//6595 4941//6595
f 4674//6596 4941//6596 5069//6596
f 5069//6597 4941//6597 4942//6597
f 5069//6597 4942//6597 5070//6597
f 5070//6598 4942//6598 4943//6598
f 5070//6598 4943//6598 5071//6598
f 5071//6599 4943//6599 4944//6599
f 5071//6599 4944//6599 5072//6599
f 5072//6600 4944//6600 4945//6600
f 5072//6601 4945//6601 5073//6601
f 5073//6602 4945//6602 4946//6602
f 5073//6602 4946//6602 5074//6602
f 5074//6603 4946//6603 4947//6603
f 5074//6604 4947//6604 5075//6604
f 5075//6605 4947//6605 4948//6605
f 5075//6606 4948//6606 5076//6606
f 5076//6607 4948//6607 4949//6607
f 5076//6608 4949//6608 5077//6608
f 5077//6609 4949//6609 4950//6609
f 5077//6610 4950//6610 5078//6610
f 5078//6611 4950//6611 4951//6611
f 5078//6611 4951//6611 5079//6611
f 5079//6612 4951//6612 4952//6612
f 5079//6613 4952//6613 5080//6613
f 5080//6614 4952//6614 4953//6614
f 5080//6615 4953//6615 5081//6615
f 5081//6616 4953//6616 4954//6616
f 5081//6616 4954//6616 5082//6616
f 5082//6617 4954//6617 4955//6617
f 5082//6617 4955//6617 5083//6617
f 5083//6618 4955//6618 4956//6618
f 5083//6619 4956//6619 5084//6619
f 5084//6620 4956//6620 4957//6620
f 5084//6621 4957//6621 5085//6621
f 5085//6622 4957//6622 4958//6622
f 5085//6623 4958//6623 5086//6623
f 5086//6624 4958//6624 4959//6624
f 5086//6625 4959//6625 5087//6625
f 5087//6626 4959//6626 4960//6626
f 5087//6626 4960//6626 5088//6626
f 5088//6627 4960//6627 4961//6627
f 5088//6628 4961//6628 5089//6628
f 5089//6629 4961//6629 4962//6629
f 5089//6629 4962//6629 5090//6629
f 5090//6630 4962//6630 4963//6630
f 5090//6630 4963//6630 5091//6630
f 5091//6631 4963//6631 4964//6631
f 5091//6632 4964//6632 5092//6632
f 5092//6633 4964//6633 4965//6633
f 5092//6634 4965//6634 5093//6634
f 5093//6635 4965//6635 4966//6635
f 5093//6636 4966//6636 5094//6636
f 5094//6637 4966//6637 4967//6637
f 5094//6637 4967//6637 5095//6637
f 5095//6638 4967//6638 4968//6638
f 5095//6639 4968//6639 5096//6639
f 5096//6640 4968//6640 4969//6640
f 5096//6641 4969//6641 5097//6641
f 5097//6642 4969//6642 4970//6642
f 5097//6643 4970//6643 5098//6643
f 5098//6644 4970//6644 4971//6644
f 5098//6645 4971//6645 5099//6645
f 5099//6646 4971//6646 4972//6646
f 5099//6647 4972//6647 5100//6647
f 5100//6648 4972//6648 4973//6648
f 5100//6649 4973//6649 5101//6649
f 5101//6650 4973//6650 4974//6650
f 5101//6651 4974//6651 5102//6651
f 5102//6652 4974//6652 4975//6652
f 5102//6653 4975//6653 5103//6653
f 5103//6654 4975//6654 4976//6654
f 5103//6655 4976//6655 5104//6655
f 5104//6656 4976//6656 4977//6656
f 5104//6657 4977//6657 5105//6657
f 5105//6658 4977//6658 4978//6658
f 5105//6659 4978//6659 5106//6659
f 5106//6660 4978//6660 4979//6660
f 5106//6661 4979//6661 5107//6661
f 5107//6662 4979//6662 4980//6662
f 5107//6663 4980//6663 5108//6663
f 5108//6664 4980//6664 4981//6664
f 5108//6664 4981//6664 5109//6664
f 5109//6665 4981//6665 4982//6665
f 5109//6665 4982//6665 5110//6665
f 5110//6666 4982//6666 4983//6666
f 5110//6667 4983//6667 5111//6667
f 5111//6668 4983//6668 4984//6668
f 5111//6669 4984//6669 5112//6669
f 5112//6670 4984//6670 4985//6670
f 5112//6671 4985//6671 5113//6671
f 5113//6672 4985//6672 4986//6672
f 5113//6673 4986//6673 5114//6673
f 5114//6674 4986//6674 4987//6674
f 5114//6675 4987//6675 5115//6675
f 5115//6676 4987//6676 4988//6676
f 5115//6676 4988//6676 5116//6676
f 5116//6677 4988//6677 4989//6677
f 5116//6678 4989//6678 5117//6678
f 5117//6679 4989//6679 4990//6679
f 5117//6679 4990//6679 5118//6679
f 5118//6680 4990//6680 4991//6680
f 5118//6681 4991//6681 5119//6681
f 5119//6682 4991//6682 4992//6682
f 5119//6683 4992//6683 5120//6683
f 5120//6684 4992//6684 4993//6684
f 5120//6684 4993//6684 5121//6684
f 5121//6685 4993//6685 4994//6685
f 5121//6686 4994//6686 5122//6686
f 5122//6687 4994//6687 4995//6687
f 5122//6688 4995//6688 5123//6688
f 5123//6689 4995//6689 4996//6689
f 5123//6690 4996//6690 5124//6690
f 5124//6691 4996//6691 4997//6691
f 5124//6691 4997//6691 5125//6691
f 5125//6692 4997//6692 4998//6692
f 5125//6692 4998//6692 5126//6692
f 5126//6693 4998//6693 4999//6693
f 5126//6694 4999//6694 5127//6694
f 5127//6695 4999//6695 5000//6695
f 5127//6695 5000//6695 5128//6695
f 5128//6696 5000//6696 5001//6696
f 5128//6697 5001//6697 5129//6697
f 5129//6698 5001//6698 5002//6698
f 5129//6699 5002//6699 5130//6699
f 5130//6700 5002//6700 5003//6700
f 5130//6700 5003//6700 5131//6700
f 5131//6701 5003//6701 5004//6701
f 5131//6701 5004//6701 5132//6701
f 5132//6702 5004//6702 5005//6702
f 5132//6702 5005//6702 5133//6702
f 5133//6703 5005//6703 5006//6703
f 5133//6704 5006//6704 5134//6704
f 5134//6705 5006//6705 5007//6705
f 5134//6706 5007//6706 5135//6706
f 5135//6707 5007//6707 5008//6707
f 5135//6708 5008//6708 5136//6708
f 5136//6709 5008//6709 5009//6709
f 5136//6709 5009//6709 5137//6709
f 5137//6710 5009//6710 5010//6710
f 5137//6711 5010//6711 5138//6711
f 5138//6712 5010//6712 5011//6712
f 5138//6713 5011//6713 5139//6713
f 5139//6714 5011//6714 5012//6714
f 5139//6715 5012//6715 5140//6715
f 5140//6716 5012//6716 5013//6716
f 5140//6717 5013//6717 5141//6717
f 5141//6718 5013//6718 5014//6718
f 5141//6719 5014//6719 5142//6719
f 5142//6720 5014//6720 5015//6720
f 5142//6721 5015//6721 5143//6721
f 5143//6722 5015//6722 5016//6722
f 5143//6722 5016//6722 5144//6722
f 5144//6723 5016//6723 5017//6723
f 5144//6724 5017//6724 5145//6724
f 5145//6725 5017//6725 5018//6725
f 5145//6726 5018//6726 5146//6726
f 5146//6727 5018//6727 5019//6727
f 5146//6728 5019//6728 5147//6728
f 5147//6729 5019//6729 5020//6729
f 5147//6730 5020//6730 5148//6730
f 5148//6731 5020//6731 5021//6731
f 5148//6732 5021//6732 5149//6732
f 5149//6733 5021//6733 5022//6733
f 5149//6733 5022//6733 5150//6733
f 5150//6734 5022//6734 5023//6734
f 5150//6734 5023//6734 5151//6734
f 5151//6735 5023//6735 5024//6735
f 5151//6735 5024//6735 5152//6735
f 5152//6736 5024//6736 5025//6736
f 5152//6737 5025//6737 5153//6737
f 5153//6738 5025//6738 5026//6738
f 5153//6739 5026//6739 5154//6739
f 5154//6740 5026//6740 5027//6740
f 5154//6741 5027//6741 5155//6741
f 5155//6742 5027//6742 5028//6742
f 5155//6743 5028//6743 5156//6743
f 5156//6744 5028//6744 5029//6744
f 5156//6744 5029//6744 5157//6744
f 5157//6745 5029//6745 5030//6745
f 5157//6745 5030//6745 5158//6745
f 5158//6746 5030//6746 5031//6746
f 5158//6747 5031//6747 5159//6747
f 5159//6748 5031//6748 5032//6748
f 5159//6749 5032//6749 5160//6749
f 5160//6750 5032//6750 5033//6750
f 5160//6751 5033//6751 5161//6751
f 5161//6752 5033//6752 5034//6752
f 5161//6752 5034//6752 5162//6752
f 5162//6753 5034//6753 5035//6753
f 5162//6753 5035//6753 5163//6753
f 5163//6754 5035//6754 5036//6754
f 5163//6755 5036//6755 5164//6755
f 5164//6756 5036//6756 5037//6756
f 5164//6757 5037//6757 5165//6757
f 5165//6758 5037//6758 5038//6758
f 5165//6758 5038//6758 5166//6758
f 5166//6759 5038//6759 5039//6759
f 5166//6760 5039//6760 5167//6760
f 5167//6761 5039//6761 5040//6761
f 5167//6762 5040//6762 5168//6762
f 5168//6763 5040//6763 5041//6763
f 5168//6764 5041//6764 5169//6764
f 5169//6765 5041//6765 5042//6765
f 5169//6766 5042//6766 5170//6766
f 5170//6767 5042//6767 5043//6767
f 5170//6768 5043//6768 5171//6768
f 5171//6769 5043//6769 5044//6769
f 5171//6769 5044//6769 5172//6769
f 5172//6770 5044//6770 5045//6770
f 5172//6771 5045//6771 5173//6771
f 5173//6772 5045//6772 5046//6772
f 5173//6773 5046//6773 5174//6773
f 5174//6774 5046//6774 5047//6774
f 5174//6775 5047//6775 5175//6775
f 5175//6776 5047//6776 5048//6776
f 5175//6776 5048//6776 5176//6776
f 5176//6777 5048//6777 5049//6777
f 5176//6777 5049//6777 5177//6777
f 5177//6778 5049//6778 5050//6778
f 5177//6778 5050//6778 5178//6778
f 5178//6779 5050//6779 5051//6779
f 5178//6780 5051//6780 5179//6780
f 5179//6781 5051//6781 5052//6781
f 5179//6782 5052//6782 5180//6782
f 5180//6783 5052//6783 5053//6783
f 5180//6783 5053//6783 5181//6783
f 5181//6784 5053//6784 5054//6784
f 5181//6784 5054//6784 5182//6784
f 5182//6785 5054//6785 5055//6785
f 5182//6786 5055//6786 5183//6786
f 5183//6787 5055//6787 5056//6787
f 5183//6788 5056//6788 5184//6788
f 5184//6789 5056//6789 5057//6789
f 5184//6790 5057//6790 5185//6790
f 5185//6791 5057//6791 5058//6791
f 5185//6791 5058//6791 5186//6791
f 5186//6792 5058//6792 5059//6792
f 5186//6793 5059//6793 5187//6793
f 5187//6794 5059//6794 5060//6794
f 5187//6794 5060//6794 5188//6794
f 5188//6795 5060//6795 5061//6795
f 5188//6795 5061//6795 5189//6795
f 5189//6796 5061//6796 5062//6796
f 5189//6796 5062//6796 5190//6796
f 5190//6797 5062//6797 5063//6797
f 5190//6798 5063//6798 5191//6798
f 5191//6799 5063//6799 5064//6799
f 5191//6800 5064//6800 5192//6800
f 5192//6801 5064//6801 5065//6801
f 5192//6802 5065//6802 5193//6802
f 5193//6803 5065//6803 5066//6803
f 5193//6803 5066//6803 5194//6803
f 5194//6804 5066//6804 4940//6804
f 5194//6804 4940//6804 5068//6804
f 5068//6805 4940//6805 4939//6805
f 5067//6806 5195//6806 5196//6806
f 4671//5879 4674//5879 4672//5879
f 4672//6807 4674//6807 5069//6807
f 4672//6807 5069//6807 5197//6807
f 5197//6808 5069//6808 5070//6808
f 5197//6808 5070//6808 5198//6808
f 5198//6809 5070//6809 5071//6809
f 5198//6809 5071//6809 5199//6809
f 5199//6810 5071//6810 5072//6810
f 5199//6810 5072//6810 5200//6810
f 5200//6811 5072//6811 5073//6811
f 5200//6812 5073//6812 5201//6812
f 5201//6813 5073//6813 5074//6813
f 5201//6813 5074//6813 5202//6813
f 5202//6814 5074//6814 5075//6814
f 5202//6814 5075//6814 5203//6814
f 5203//6815 5075//6815 5076//6815
f 5203//6815 5076//6815 5204//6815
f 5204//6816 5076//6816 5077//6816
f 5204//6816 5077//6816 5205//6816
f 5205//6817 5077//6817 5078//6817
f 5205//6817 5078//6817 5206//6817
f 5206//6818 5078//6818 5079//6818
f 5206//6818 5079//6818 5207//6818
f 5207//6819 5079//6819 5080//6819
f 5207//6819 5080//6819 5208//6819
f 5208//6820 5080//6820 5081//6820
f 5208//6820 5081//6820 5209//6820
f 5209//6821 5081//6821 5082//6821
f 5209//6821 5082//6821 5210//6821
f 5210//6822 5082//6822 5083//6822
f 5210//6822 5083//6822 5211//6822
f 5211//6823 5083//6823 5084//6823
f 5211//6823 5084//6823 5212//6823
f 5212//6824 5084//6824 5085//6824
f 5212//6824 5085//6824 5213//6824
f 5213//6825 5085//6825 5086//6825
f 5213//6825 5086//6825 5214//6825
f 5214//6826 5086//6826 5087//6826
f 5214//6827 5087//6827 5215//6827
f 5215//6828 5087//6828 5088//6828
f 5215//6828 5088//6828 5216//6828
f 5216//6829 5088//6829 5089//6829
f 5216//6829 5089//6829 5217//6829
f 5217//6830 5089//6830 5090//6830
f 5217//6830 5090//6830 5218//6830
f 5218//6831 5090//6831 5091//6831
f 5218//6831 5091//6831 5219//6831
f 5219//6832 5091//6832 5092//6832
f 5219//6832 5092//6832 5220//6832
f 5220//6833 5092//6833 5093//6833
f 5220//6833 5093//6833 5221//6833
f 5221//6834 5093//6834 5094//6834
f 5221//6834 5094//6834 5222//6834
f 5222//6835 5094//6835 5095//6835
f 5222//6836 5095//6836 5223//6836
f 5223//6837 5095//6837 5096//6837
f 5223//6837 5096//6837 5224//6837
f 5224//6838 5096//6838 5097//6838
f 5224//6839 5097//6839 5225//6839
f 5225//6840 5097//6840 5098//6840
f 5225//6840 5098//6840 5226//6840
f 5226//6841 5098//6841 5099//6841
f 5226//6842 5099//6842 5227//6842
f 5227//6843 5099//6843 5100//6843
f 5227//6843 5100//6843 5228//6843
f 5228//6844 5100//6844 5101//6844
f 5228//6844 5101//6844 5229//6844
f 5229//6845 5101//6845 5102//6845
f 5229//6846 5102//6846 5230//6846
f 5230//6847 5102//6847 5103//6847
f 5230//6847 5103//6847 5231//6847
f 5231//6848 5103//6848 5104//6848
f 5231//6848 5104//6848 5232//6848
f 5232//6849 5104//6849 5105//6849
f 5232//6850 5105//6850 5233//6850
f 5233//6851 5105//6851 5106//6851
f 5233//6851 5106//6851 5234//6851
f 5234//6852 5106//6852 5107//6852
f 5234//6853 5107//6853 5235//6853
f 5235//6854 5107//6854 5108//6854
f 5235//6855 5108//6855 5236//6855
f 5236//6856 5108//6856 5109//6856
f 5236//6857 5109//6857 5237//6857
f 5237//6858 5109//6858 5110//6858
f 5237//6858 5110//6858 5238//6858
f 5238//6859 5110//6859 5111//6859
f 5238//6859 5111//6859 5239//6859
f 5239//6860 5111//6860 5112//6860
f 5239//6861 5112//6861 5240//6861
f 5240//6862 5112//6862 5113//6862
f 5240//6862 5113//6862 5241//6862
f 5241//6863 5113//6863 5114//6863
f 5241//6863 5114//6863 5242//6863
f 5242//6864 5114//6864 5115//6864
f 5242//6864 5115//6864 5243//6864
f 5243//6865 5115//6865 5116//6865
f 5243//6865 5116//6865 5244//6865
f 5244//6866 5116//6866 5117//6866
f 5244//6867 5117//6867 5245//6867
f 5245//6868 5117//6868 5118//6868
f 5245//6869 5118//6869 5246//6869
f 5246//6870 5118//6870 5119//6870
f 5246//6871 5119//6871 5247//6871
f 5247//6872 5119//6872 5120//6872
f 5247//6873 5120//6873 5248//6873
f 5248//6874 5120//6874 5121//6874
f 5248//6874 5121//6874 5249//6874
f 5249//6875 5121//6875 5122//6875
f 5249//6875 5122//6875 5250//6875
f 5250//6876 5122//6876 5123//6876
f 5250//6876 5123//6876 5251//6876
f 5251//6877 5123//6877 5124//6877
f 5251//6878 5124//6878 5252//6878
f 5252//6879 5124//6879 5125//6879
f 5252//6879 5125//6879 5253//6879
f 5253//6880 5125//6880 5126//6880
f 5253//6881 5126//6881 5254//6881
f 5254//6882 5126//6882 5127//6882
f 5254//6882 5127//6882 5255//6882
f 5255//6883 5127//6883 5128//6883
f 5255//6884 5128//6884 5256//6884
f 5256//6885 5128//6885 5129//6885
f 5256//6886 5129//6886 5257//6886
f 5257//6887 5129//6887 5130//6887
f 5257//6887 5130//6887 5258//6887
f 5258//6888 5130//6888 5131//6888
f 5258//6888 5131//6888 5259//6888
f 5259//6889 5131//6889 5132//6889
f 5259//6890 5132//6890 5260//6890
f 5260//6891 5132//6891 5133//6891
f 5260//6892 5133//6892 5261//6892
f 5261//6893 5133//6893 5134//6893
f 5261//6894 5134//6894 5262//6894
f 5262//6895 5134//6895 5135//6895
f 5262//6896 5135//6896 5263//6896
f 5263//6897 5135//6897 5136//6897
f 5263//6898 5136//6898 5264//6898
f 5264//6899 5136//6899 5137//6899
f 5264//6900 5137//6900 5265//6900
f 5265//6901 5137//6901 5138//6901
f 5265//6902 5138//6902 5266//6902
f 5266//6903 5138//6903 5139//6903
f 5266//6903 5139//6903 5267//6903
f 5267//6904 5139//6904 5140//6904
f 5267//6904 5140//6904 5268//6904
f 5268//6905 5140//6905 5141//6905
f 5268//6905 5141//6905 5269//6905
f 5269//6906 5141//6906 5142//6906
f 5269//6906 5142//6906 5270//6906
f 5270//6907 5142//6907 5143//6907
f 5270//6907 5143//6907 5271//6907
f 5271//6908 5143//6908 5144//6908
f 5271//6909 5144//6909 5272//6909
f 5272//6910 5144//6910 5145//6910
f 5272//6910 5145//6910 5273//6910
f 5273//6911 5145//6911 5146//6911
f 5273//6911 5146//6911 5274//6911
f 5274//6912 5146//6912 5147//6912
f 5274//6913 5147//6913 5275//6913
f 5275//6914 5147//6914 5148//6914
f 5275//6914 5148//6914 5276//6914
f 5276//6915 5148//6915 5149//6915
f 5276//6915 5149//6915 5277//6915
f 5277//6916 5149//6916 5150//6916
f 5277//6917 5150//6917 5278//6917
f 5278//6918 5150//6918 5151//6918
f 5278//6919 5151//6919 5279//6919
f 5279//6920 5151//6920 5152//6920
f 5279//6921 5152//6921 5280//6921
f 5280//6922 5152//6922 5153//6922
f 5280//6922 5153//6922 5281//6922
f 5281//6923 5153//6923 5154//6923
f 5281//6924 5154//6924 5282//6924
f 5282//6925 5154//6925 5155//6925
f 5282//6925 5155//6925 5283//6925
f 5283//6926 5155//6926 5156//6926
f 5283//6926 5156//6926 5284//6926
f 5284//6927 5156//6927 5157//6927
f 5284//6927 5157//6927 5285//6927
f 5285//6928 5157//6928 5158//6928
f 5285//6929 5158//6929 5286//6929
f 5286//6930 5158//6930 5159//6930
f 5286//6930 5159//6930 5287//6930
f 5287//6931 5159//6931 5160//6931
f 5287//6932 5160//6932 5288//6932
f 5288//6933 5160//6933 5161//6933
f 5288//6934 5161//6934 5289//6934
f 5289//6935 5161//6935 5162//6935
f 5289//6936 5162//6936 5290//6936
f 5290//6937 5162//6937 5163//6937
f 5290//6937 5163//6937 5291//6937
f 5291//6938 5163//6938 5164//6938
f 5291//6938 5164//6938 5292//6938
f 5292//6939 5164//6939 5165//6939
f 5292//6940 5165//6940 5293//6940
f 5293//6941 5165//6941 5166//6941
f 5293//6941 5166//6941 5294//6941
f 5294//6942 5166//6942 5167//6942
f 5294//6942 5167//6942 5295//6942
f 5295//6943 5167//6943 5168//6943
f 5295//6944 5168//6944 5296//6944
f 5296//6945 5168//6945 5169//6945
f 5296//6945 5169//6945 5297//6945
f 5297//6946 5169//6946 5170//6946
f 5297//6946 5170//6946 5298//6946
f 5298//6947 5170//6947 5171//6947
f 5298//6947 5171//6947 5299//6947
f 5299//6948 5171//6948 5172//6948
f 5299//6948 5172//6948 5300//6948
f 5300//6949 5172//6949 5173//6949
f 5300//6950 5173//6950 5301//6950
f 5301//6951 5173//6951 5174//6951
f 5301//6951 5174//6951 5302//6951
f 5302//6952 5174//6952 5175//6952
f 5302//6952 5175//6952 5303//6952
f 5303//6953 5175//6953 5176//6953
f 5303//6953 5176//6953 5304//6953
f 5304//6954 5176//6954 5177//6954
f 5304//6954 5177//6954 5305//6954
f 5305//6955 5177//6955 5178//6955
f 5305//6955 5178//6955 5306//6955
f 5306//6956 5178//6956 5179//6956
f 5306//6956 5179//6956 5307//6956
f 5307//6957 5179//6957 5180//6957
f 5307//6957 5180//6957 5308//6957
f 5308//6958 5180//6958 5181//6958
f 5308//6958 5181//6958 5309//6958
f 5309//6959 5181//6959 5182//6959
f 5309//6959 5182//6959 5310//6959
f 5310//6960 5182//6960 5183//6960
f 5310//6960 5183//6960 5311//6960
f 5311//6961 5183//6961 5184//6961
f 5311//6961 5184//6961 5312//6961
f 5312//6962 5184//6962 5185//6962
f 5312//6962 5185//6962 5313//6962
f 5313//6963 5185//6963 5186//6963
f 5313//6963 5186//6963 5314//6963
f 5314//6964 5186//6964 5187//6964
f 5314//6965 5187//6965 5315//6965
f 5315//6966 5187//6966 5188//6966
f 5315//6966 5188//6966 5316//6966
f 5316//6967 5188//6967 5189//6967
f 5316//6967 5189//6967 5317//6967
f 5317//6968 5189//6968 5190//6968
f 5317//6968 5190//6968 5318//6968
f 5318//6969 5190//6969 5191//6969
f 5318//6969 5191//6969 5319//6969
f 5319//6970 5191//6970 5192//6970
f 5319//6971 5192//6971 5320//6971
f 5320//6972 5192//6972 5193//6972
f 5320//6972 5193//6972 5321//6972
f 5321//6973 5193//6973 5194//6973
f 5321//6973 5194//6973 5322//6973
f 5322//6974 5194//6974 5068//6974
f 5322//6975 5068//6975 5196//6975
f 5196//6806 5068//6806 5067//6806
f 5195//6976 5323//6976 5324//6976
f 4669//6977 4672//6977 4670//6977
f 4670//6978 4672//6978 5197//6978
f 4670//6978 5197//6978 5325//6978
f 5325//6979 5197//6979 5198//6979
f 5325//6979 5198//6979 5326//6979
f 5326//6980 5198//6980 5199//6980
f 5326//6980 5199//6980 5327//6980
f 5327//6981 5199//6981 5200//6981
f 5327//6981 5200//6981 5328//6981
f 5328//6982 5200//6982 5201//6982
f 5328//6982 5201//6982 5329//6982
f 5329//6983 5201//6983 5202//6983
f 5329//6983 5202//6983 5330//6983
f 5330//6984 5202//6984 5203//6984
f 5330//6984 5203//6984 5331//6984
f 5331//6985 5203//6985 5204//6985
f 5331//6985 5204//6985 5332//6985
f 5332//6986 5204//6986 5205//6986
f 5332//6986 5205//6986 5333//6986
f 5333//6987 5205//6987 5206//6987
f 5333//6987 5206//6987 5334//6987
f 5334//6988 5206//6988 5207//6988
f 5334//6989 5207//6989 5335//6989
f 5335//6990 5207//6990 5208//6990
f 5335//6990 5208//6990 5336//6990
f 5336//6991 5208//6991 5209//6991
f 5336//6991 5209//6991 5337//6991
f 5337//6992 5209//6992 5210//6992
f 5337//6993 5210//6993 5338//6993
f 5338//6994 5210//6994 5211//6994
f 5338//6994 5211//6994 5339//6994
f 5339//6995 5211//6995 5212//6995
f 5339//6995 5212//6995 5340//6995
f 5340//6996 5212//6996 5213//6996
f 5340//6996 5213//6996 5341//6996
f 5341//6997 5213//6997 5214//6997
f 5341//6997 5214//6997 5342//6997
f 5342//6998 5214//6998 5215//6998
f 5342//6998 5215//6998 5343//6998
f 5343//6999 5215//6999 5216//6999
f 5343//6999 5216//6999 5344//6999
f 5344//7000 5216//7000 5217//7000
f 5344//7001 5217//7001 5345//7001
f 5345//7002 5217//7002 5218//7002
f 5345//7003 5218//7003 5346//7003
f 5346//7004 5218//7004 5219//7004
f 5346//7004 5219//7004 5347//7004
f 5347//7005 5219//7005 5220//7005
f 5347//7005 5220//7005 5348//7005
f 5348//7006 5220//7006 5221//7006
f 5348//7006 5221//7006 5349//7006
f 5349//7007 5221//7007 5222//7007
f 5349//7007 5222//7007 5350//7007
f 5350//7008 5222//7008 5223//7008
f 5350//7009 5223//7009 5351//7009
f 5351//7010 5223//7010 5224//7010
f 5351//7011 5224//7011 5352//7011
f 5352//7012 5224//7012 5225//7012
f 5352//7012 5225//7012 5353//7012
f 5353//7013 5225//7013 5226//7013
f 5353//7014 5226//7014 5354//7014
f 5354//7015 5226//7015 5227//7015
f 5354//7015 5227//7015 5355//7015
f 5355//7016 5227//7016 5228//7016
f 5355//7017 5228//7017 5356//7017
f 5356//7018 5228//7018 5229//7018
f 5356//7019 5229//7019 5357//7019
f 5357//7020 5229//7020 5230//7020
f 5357//7021 5230//7021 5358//7021
f 5358//7022 5230//7022 5231//7022
f 5358//7022 5231//7022 5359//7022
f 5359//7023 5231//7023 5232//7023
f 5359//7024 5232//7024 5360//7024
f 5360//7025 5232//7025 5233//7025
f 5360//7025 5233//7025 5361//7025
f 5361//7026 5233//7026 5234//7026
f 5361//7026 5234//7026 5362//7026
f 5362//7027 5234//7027 5235//7027
f 5362//7027 5235//7027 5363//7027
f 5363//7028 5235//7028 5236//7028
f 5363//7029 5236//7029 5364//7029
f 5364//7030 5236//7030 5237//7030
f 5364//7030 5237//7030 5365//7030
f 5365//7031 5237//7031 5238//7031
f 5365//7032 5238//7032 5366//7032
f 5366//7033 5238//7033 5239//7033
f 5366//7033 5239//7033 5367//7033
f 5367//7034 5239//7034 5240//7034
f 5367//7035 5240//7035 5368//7035
f 5368//7036 5240//7036 5241//7036
f 5368//7036 5241//7036 5369//7036
f 5369//7037 5241//7037 5242//7037
f 5369//7037 5242//7037 5370//7037
f 5370//7038 5242//7038 5243//7038
f 5370//7038 5243//7038 5371//7038
f 5371//7039 5243//7039 5244//7039
f 5371//7039 5244//7039 5372//7039
f 5372//7040 5244//7040 5245//7040
f 5372//7040 5245//7040 5373//7040
f 5373//7041 5245//7041 5246//7041
f 5373//7041 5246//7041 5374//7041
f 5374//7042 5246//7042 5247//7042
f 5374//7043 5247//7043 5375//7043
f 5375//7044 5247//7044 5248//7044
f 5375//7045 5248//7045 5376//7045
f 5376//7046 5248//7046 5249//7046
f 5376//7046 5249//7046 5377//7046
f 5377//7047 5249//7047 5250//7047
f 5377//7048 5250//7048 5378//7048
f 5378//7049 5250//7049 5251//7049
f 5378//7049 5251//7049 5379//7049
f 5379//7050 5251//7050 5252//7050
f 5379//7050 5252//7050 5380//7050
f 5380//7051 5252//7051 5253//7051
f 5380//7051 5253//7051 5381//7051
f 5381//7052 5253//7052 5254//7052
f 5381//7052 5254//7052 5382//7052
f 5382//7053 5254//7053 5255//7053
f 5382//7054 5255//7054 5383//7054
f 5383//7055 5255//7055 5256//7055
f 5383//7056 5256//7056 5384//7056
f 5384//7057 5256//7057 5257//7057
f 5384//7058 5257//7058 5385//7058
f 5385//7059 5257//7059 5258//7059
f 5385//7059 5258//7059 5386//7059
f 5386//7060 5258//7060 5259//7060
f 5386//7060 5259//7060 5387//7060
f 5387//7061 5259//7061 5260//7061
f 5387//7061 5260//7061 5388//7061
f 5388//7062 5260//7062 5261//7062
f 5388//7063 5261//7063 5389//7063
f 5389//7064 5261//7064 5262//7064
f 5389//7064 5262//7064 5390//7064
f 5390//7065 5262//7065 5263//7065
f 5390//7065 5263//7065 5391//7065
f 5391//7066 5263//7066 5264//7066
f 5391//7066 5264//7066 5392//7066
f 5392//7067 5264//7067 5265//7067
f 5392//7067 5265//7067 5393//7067
f 5393//7068 5265//7068 5266//7068
f 5393//7069 5266//7069 5394//7069
f 5394//7070 5266//7070 5267//7070
f 5394//7070 5267//7070 5395//7070
f 5395//7071 5267//7071 5268//7071
f 5395//7072 5268//7072 5396//7072
f 5396//7073 5268//7073 5269//7073
f 5396//7073 5269//7073 5397//7073
f 5397//7074 5269//7074 5270//7074
f 5397//7075 5270//7075 5398//7075
f 5398//7076 5270//7076 5271//7076
f 5398//7076 5271//7076 5399//7076
f 5399//7077 5271//7077 5272//7077
f 5399//7078 5272//7078 5400//7078
f 5400//7079 5272//7079 5273//7079
f 5400//7079 5273//7079 5401//7079
f 5401//7080 5273//7080 5274//7080
f 5401//7080 5274//7080 5402//7080
f 5402//7081 5274//7081 5275//7081
f 5402//7081 5275//7081 5403//7081
f 5403//7082 5275//7082 5276//7082
f 5403//7083 5276//7083 5404//7083
f 5404//7084 5276//7084 5277//7084
f 5404//7084 5277//7084 5405//7084
f 5405//7085 5277//7085 5278//7085
f 5405//7086 5278//7086 5406//7086
f 5406//7087 5278//7087 5279//7087
f 5406//7087 5279//7087 5407//7087
f 5407//7088 5279//7088 5280//7088
f 5407//7088 5280//7088 5408//7088
f 5408//7089 5280//7089 5281//7089
f 5408//7089 5281//7089 5409//7089
f 5409//7090 5281//7090 5282//7090
f 5409//7090 5282//7090 5410//7090
f 5410//7091 5282//7091 5283//7091
f 5410//7092 5283//7092 5411//7092
f 5411//7093 5283//7093 5284//7093
f 5411//7093 5284//7093 5412//7093
f 5412//7094 5284//7094 5285//7094
f 5412//7095 5285//7095 5413//7095
f 5413//7096 5285//7096 5286//7096
f 5413//7097 5286//7097 5414//7097
f 5414//7098 5286//7098 5287//7098
f 5414//7098 5287//7098 5415//7098
f 5415//7099 5287//7099 5288//7099
f 5415//7099 5288//7099 5416//7099
f 5416//7100 5288//7100 5289//7100
f 5416//7100 5289//7100 5417//7100
f 5417//7101 5289//7101 5290//7101
f 5417//7102 5290//7102 5418//7102
f 5418//7103 5290//7103 5291//7103
f 5418//7103 5291//7103 5419//7103
f 5419//7104 5291//7104 5292//7104
f 5419//7105 5292//7105 5420//7105
f 5420//7106 5292//7106 5293//7106
f 5420//7106 5293//7106 5421//7106
f 5421//7107 5293//7107 5294//7107
f 5421//7107 5294//7107 5422//7107
f 5422//7108 5294//7108 5295//7108
f 5422//7108 5295//7108 5423//7108
f 5423//7109 5295//7109 5296//7109
f 5423//7109 5296//7109 5424//7109
f 5424//7110 5296//7110 5297//7110
f 5424//7111 5297//7111 5425//7111
f 5425//7112 5297//7112 5298//7112
f 5425//7113 5298//7113 5426//7113
f 5426//7114 5298//7114 5299//7114
f 5426//7115 5299//7115 5427//7115
f 5427//7116 5299//7116 5300//7116
f 5427//7116 5300//7116 5428//7116
f 5428//7117 5300//7117 5301//7117
f 5428//7117 5301//7117 5429//7117
f 5429//7118 5301//7118 5302//7118
f 5429//7118 5302//7118 5430//7118
f 5430//7119 5302//7119 5303//7119
f 5430//7119 5303//7119 5431//7119
f 5431//7120 5303//7120 5304//7120
f 5431//7120 5304//7120 5432//7120
f 5432//7121 5304//7121 5305//7121
f 5432//7121 5305//7121 5433//7121
f 5433//7122 5305//7122 5306//7122
f 5433//7123 5306//7123 5434//7123
f 5434//7124 5306//7124 5307//7124
f 5434//7124 5307//7124 5435//7124
f 5435//7125 5307//7125 5308//7125
f 5435//7125 5308//7125 5436//7125
f 5436//7126 5308//7126 5309//7126
f 5436//7127 5309//7127 5437//7127
f 5437//7128 5309//7128 5310//7128
f 5437//7128 5310//7128 5438//7128
f 5438//7129 5310//7129 5311//7129
f 5438//7129 5311//7129 5439//7129
f 5439//7130 5311//7130 5312//7130
f 5439//7130 5312//7130 5440//7130
f 5440//7131 5312//7131 5313//7131
f 5440//7131 5313//7131 5441//7131
f 5441//7132 5313//7132 5314//7132
f 5441//7132 5314//7132 5442//7132
f 5442//7133 5314//7133 5315//7133
f 5442//7133 5315//7133 5443//7133
f 5443//7134 5315//7134 5316//7134
f 5443//7134 5316//7134 5444//7134
f 5444//7135 5316//7135 5317//7135
f 5444//7135 5317//7135 5445//7135
f 5445//7136 5317//7136 5318//7136
f 5445//7136 5318//7136 5446//7136
f 5446//7137 5318//7137 5319//7137
f 5446//7137 5319//7137 5447//7137
f 5447//7138 5319//7138 5320//7138
f 5447//7139 5320//7139 5448//7139
f 5448//7140 5320//7140 5321//7140
f 5448//7140 5321//7140 5449//7140
f 5449//7141 5321//7141 5322//7141
f 5449//7141 5322//7141 5450//7141
f 5450//7142 5322//7142 5196//7142
f 5450//7142 5196//7142 5324//7142
f 5324//6976 5196//6976 5195//6976
f 5323//7143 5451//7143 5452//7143
f 4667//5877 4670//5877 4668//5877
f 4668//7144 4670//7144 5325//7144
f 4668//7144 5325//7144 5453//7144
f 5453//7145 5325//7145 5326//7145
f 5453//7145 5326//7145 5454//7145
f 5454//7146 5326//7146 5327//7146
f 5454//7146 5327//7146 5455//7146
f 5455//7147 5327//7147 5328//7147
f 5455//7148 5328//7148 5456//7148
f 5456//7149 5328//7149 5329//7149
f 5456//7149 5329//7149 5457//7149
f 5457//7150 5329//7150 5330//7150
f 5457//7150 5330//7150 5458//7150
f 5458//7151 5330//7151 5331//7151
f 5458//7151 5331//7151 5459//7151
f 5459//7152 5331//7152 5332//7152
f 5459//7153 5332//7153 5460//7153
f 5460//7154 5332//7154 5333//7154
f 5460//7154 5333//7154 5461//7154
f 5461//7155 5333//7155 5334//7155
f 5461//7155 5334//7155 5462//7155
f 5462//7156 5334//7156 5335//7156
f 5462//7156 5335//7156 5463//7156
f 5463//7157 5335//7157 5336//7157
f 5463//7157 5336//7157 5464//7157
f 5464//7158 5336//7158 5337//7158
f 5464//7159 5337//7159 5465//7159
f 5465//7160 5337//7160 5338//7160
f 5465//7160 5338//7160 5466//7160
f 5466//7161 5338//7161 5339//7161
f 5466//7161 5339//7161 5467//7161
f 5467//7162 5339//7162 5340//7162
f 5467//7163 5340//7163 5468//7163
f 5468//7164 5340//7164 5341//7164
f 5468//7164 5341//7164 5469//7164
f 5469//7165 5341//7165 5342//7165
f 5469//7165 5342//7165 5470//7165
f 5470//7166 5342//7166 5343//7166
f 5470//7166 5343//7166 5471//7166
f 5471//7167 5343//7167 5344//7167
f 5471//7167 5344//7167 5472//7167
f 5472//7168 5344//7168 5345//7168
f 5472//7169 5345//7169 5473//7169
f 5473//7170 5345//7170 5346//7170
f 5473//7170 5346//7170 5474//7170
f 5474//7171 5346//7171 5347//7171
f 5474//7171 5347//7171 5475//7171
f 5475//7172 5347//7172 5348//7172
f 5475//7172 5348//7172 5476//7172
f 5476//7173 5348//7173 5349//7173
f 5476//7174 5349//7174 5477//7174
f 5477//7175 5349//7175 5350//7175
f 5477//7175 5350//7175 5478//7175
f 5478//7176 5350//7176 5351//7176
f 5478//7177 5351//7177 5479//7177
f 5479//7178 5351//7178 5352//7178
f 5479//7178 5352//7178 5480//7178
f 5480//7179 5352//7179 5353//7179
f 5480//7179 5353//7179 5481//7179
f 5481//7180 5353//7180 5354//7180
f 5481//7180 5354//7180 5482//7180
f 5482//7181 5354//7181 5355//7181
f 5482//7181 5355//7181 5483//7181
f 5483//7182 5355//7182 5356//7182
f 5483//7183 5356//7183 5484//7183
f 5484//7184 5356//7184 5357//7184
f 5484//7184 5357//7184 5485//7184
f 5485//7185 5357//7185 5358//7185
f 5485//7186 5358//7186 5486//7186
f 5486//7187 5358//7187 5359//7187
f 5486//7187 5359//7187 5487//7187
f 5487//7188 5359//7188 5360//7188
f 5487//7188 5360//7188 5488//7188
f 5488//7189 5360//7189 5361//7189
f 5488//7189 5361//7189 5489//7189
f 5489//7190 5361//7190 5362//7190
f 5489//7190 5362//7190 5490//7190
f 5490//7191 5362//7191 5363//7191
f 5490//7191 5363//7191 5491//7191
f 5491//7192 5363//7192 5364//7192
f 5491//7192 5364//7192 5492//7192
f 5492//7193 5364//7193 5365//7193
f 5492//7193 5365//7193 5493//7193
f 5493//7194 5365//7194 5366//7194
f 5493//7195 5366//7195 5494//7195
f 5494//7196 5366//7196 5367//7196
f 5494//7196 5367//7196 5495//7196
f 5495//7197 5367//7197 5368//7197
f 5495//7197 5368//7197 5496//7197
f 5496//7198 5368//7198 5369//7198
f 5496//7198 5369//7198 5497//7198
f 5497//7199 5369//7199 5370//7199
f 5497//7200 5370//7200 5498//7200
f 5498//7201 5370//7201 5371//7201
f 5498//7201 5371//7201 5499//7201
f 5499//7202 5371//7202 5372//7202
f 5499//7202 5372//7202 5500//7202
f 5500//7203 5372//7203 5373//7203
f 5500//7204 5373//7204 5501//7204
f 5501//7205 5373//7205 5374//7205
f 5501//7205 5374//7205 5502//7205
f 5502//7206 5374//7206 5375//7206
f 5502//7206 5375//7206 5503//7206
f 5503//7207 5375//7207 5376//7207
f 5503//7207 5376//7207 5504//7207
f 5504//7208 5376//7208 5377//7208
f 5504//7208 5377//7208 5505//7208
f 5505//7209 5377//7209 5378//7209
f 5505//7209 5378//7209 5506//7209
f 5506//7210 5378//7210 5379//7210
f 5506//7210 5379//7210 5507//7210
f 5507//7211 5379//7211 5380//7211
f 5507//7211 5380//7211 5508//7211
f 5508//7212 5380//7212 5381//7212
f 5508//7212 5381//7212 5509//7212
f 5509//7213 5381//7213 5382//7213
f 5509//7214 5382//7214 5510//7214
f 5510//7215 5382//7215 5383//7215
f 5510//7215 5383//7215 5511//7215
f 5511//7216 5383//7216 5384//7216
f 5511//7216 5384//7216 5512//7216
f 5512//7217 5384//7217 5385//7217
f 5512//7217 5385//7217 5513//7217
f 5513//7218 5385//7218 5386//7218
f 5513//7218 5386//7218 5514//7218
f 5514//7219 5386//7219 5387//7219
f 5514//7220 5387//7220 5515//7220
f 5515//7221 5387//7221 5388//7221
f 5515//7222 5388//7222 5516//7222
f 5516//7223 5388//7223 5389//7223
f 5516//7223 5389//7223 5517//7223
f 5517//7224 5389//7224 5390//7224
f 5517//7224 5390//7224 5518//7224
f 5518//7225 5390//7225 5391//7225
f 5518//7225 5391//7225 5519//7225
f 5519//7226 5391//7226 5392//7226
f 5519//7226 5392//7226 5520//7226
f 5520//7227 5392//7227 5393//7227
f 5520//7227 5393//7227 5521//7227
f 5521//7228 5393//7228 5394//7228
f 5521//7228 5394//7228 5522//7228
f 5522//7229 5394//7229 5395//7229
f 5522//7230 5395//7230 5523//7230
f 5523//7231 5395//7231 5396//7231
f 5523//7231 5396//7231 5524//7231
f 5524//7232 5396//7232 5397//7232
f 5524//7232 5397//7232 5525//7232
f 5525//7233 5397//7233 5398//7233
f 5525//7233 5398//7233 5526//7233
f 5526//7234 5398//7234 5399//7234
f 5526//7235 5399//7235 5527//7235
f 5527//7236 5399//7236 5400//7236
f 5527//7237 5400//7237 5528//7237
f 5528//7238 5400//7238 5401//7238
f 5528//7238 5401//7238 5529//7238
f 5529//7239 5401//7239 5402//7239
f 5529//7239 5402//7239 5530//7239
f 5530//7240 5402//7240 5403//7240
f 5530//7240 5403//7240 5531//7240
f 5531//7241 5403//7241 5404//7241
f 5531//7241 5404//7241 5532//7241
f 5532//7242 5404//7242 5405//7242
f 5532//7243 5405//7243 5533//7243
f 5533//7244 5405//7244 5406//7244
f 5533//7245 5406//7245 5534//7245
f 5534//7246 5406//7246 5407//7246
f 5534//7246 5407//7246 5535//7246
f 5535//7247 5407//7247 5408//7247
f 5535//7247 5408//7247 5536//7247
f 5536//7248 5408//7248 5409//7248
f 5536//7248 5409//7248 5537//7248
f 5537//7249 5409//7249 5410//7249
f 5537//7249 5410//7249 5538//7249
f 5538//7250 5410//7250 5411//7250
f 5538//7250 5411//7250 5539//7250
f 5539//7251 5411//7251 5412//7251
f 5539//7251 5412//7251 5540//7251
f 5540//7252 5412//7252 5413//7252
f 5540//7252 5413//7252 5541//7252
f 5541//7253 5413//7253 5414//7253
f 5541//7254 5414//7254 5542//7254
f 5542//7255 5414//7255 5415//7255
f 5542//7255 5415//7255 5543//7255
f 5543//7256 5415//7256 5416//7256
f 5543//7257 5416//7257 5544//7257
f 5544//7258 5416//7258 5417//7258
f 5544//7258 5417//7258 5545//7258
f 5545//7259 5417//7259 5418//7259
f 5545//7259 5418//7259 5546//7259
f 5546//7260 5418//7260 5419//7260
f 5546//7260 5419//7260 5547//7260
f 5547//7261 5419//7261 5420//7261
f 5547//7261 5420//7261 5548//7261
f 5548//7262 5420//7262 5421//7262
f 5548//7263 5421//7263 5549//7263
f 5549//7264 5421//7264 5422//7264
f 5549//7264 5422//7264 5550//7264
f 5550//7265 5422//7265 5423//7265
f 5550//7266 5423//7266 5551//7266
f 5551//7267 5423//7267 5424//7267
f 5551//7267 5424//7267 5552//7267
f 5552//7268 5424//7268 5425//7268
f 5552//7268 5425//7268 5553//7268
f 5553//7269 5425//7269 5426//7269
f 5553//7269 5426//7269 5554//7269
f 5554//7270 5426//7270 5427//7270
f 5554//7270 5427//7270 5555//7270
f 5555//7271 5427//7271 5428//7271
f 5555//7271 5428//7271 5556//7271
f 5556//7272 5428//7272 5429//7272
f 5556//7272 5429//7272 5557//7272
f 5557//7273 5429//7273 5430//7273
f 5557//7273 5430//7273 5558//7273
f 5558//7274 5430//7274 5431//7274
f 5558//7274 5431//7274 5559//7274
f 5559//7275 5431//7275 5432//7275
f 5559//7276 5432//7276 5560//7276
f 5560//7277 5432//7277 5433//7277
f 5560//7277 5433//7277 5561//7277
f 5561//7278 5433//7278 5434//7278
f 5561//7278 5434//7278 5562//7278
f 5562//7279 5434//7279 5435//7279
f 5562//7279 5435//7279 5563//7279
f 5563//7280 5435//7280 5436//7280
f 5563//7281 5436//7281 5564//7281
f 5564//7282 5436//7282 5437//7282
f 5564//7282 5437//7282 5565//7282
f 5565//7283 5437//7283 5438//7283
f 5565//7283 5438//7283 5566//7283
f 5566//7284 5438//7284 5439//7284
f 5566//7284 5439//7284 5567//7284
f 5567//7285 5439//7285 5440//7285
f 5567//7285 5440//7285 5568//7285
f 5568//7286 5440//7286 5441//7286
f 5568//7286 5441//7286 5569//7286
f 5569//7287 5441//7287 5442//7287
f 5569//7287 5442//7287 5570//7287
f 5570//7288 5442//7288 5443//7288
f 5570//7288 5443//7288 5571//7288
f 5571//7289 5443//7289 5444//7289
f 5571//7290 5444//7290 5572//7290
f 5572//7291 5444//7291 5445//7291
f 5572//7291 5445//7291 5573//7291
f 5573//7292 5445//7292 5446//7292
f 5573//7292 5446//7292 5574//7292
f 5574//7293 5446//7293 5447//7293
f 5574//7293 5447//7293 5575//7293
f 5575//7294 5447//7294 5448//7294
f 5575//7294 5448//7294 5576//7294
f 5576//7295 5448//7295 5449//7295
f 5576//7295 5449//7295 5577//7295
f 5577//7296 5449//7296 5450//7296
f 5577//7296 5450//7296 5578//7296
f 5578//7297 5450//7297 5324//7297
f 5578//7297 5324//7297 5452//7297
f 5452//7143 5324//7143 5323//7143
f 5451//7298 5579//7298 5580//7298
f 4665//5876 4668//5876 4666//5876
f 4666//7299 4668//7299 5453//7299
f 4666//7299 5453//7299 5581//7299
f 5581//7300 5453//7300 5454//7300
f 5581//7300 5454//7300 5582//7300
f 5582//7301 5454//7301 5455//7301
f 5582//7301 5455//7301 5583//7301
f 5583//7302 5455//7302 5456//7302
f 5583//7302 5456//7302 5584//7302
f 5584//7303 5456//7303 5457//7303
f 5584//7304 5457//7304 5585//7304
f 5585//7305 5457//7305 5458//7305
f 5585//7305 5458//7305 5586//7305
f 5586//7306 5458//7306 5459//7306
f 5586//7307 5459//7307 5587//7307
f 5587//7308 5459//7308 5460//7308
f 5587//7308 5460//7308 5588//7308
f 5588//7309 5460//7309 5461//7309
f 5588//7309 5461//7309 5589//7309
f 5589//7310 5461//7310 5462//7310
f 5589//7310 5462//7310 5590//7310
f 5590//7311 5462//7311 5463//7311
f 5590//7311 5463//7311 5591//7311
f 5591//7312 5463//7312 5464//7312
f 5591//7312 5464//7312 5592//7312
f 5592//7313 5464//7313 5465//7313
f 5592//7313 5465//7313 5593//7313
f 5593//7314 5465//7314 5466//7314
f 5593//7314 5466//7314 5594//7314
f 5594//7315 5466//7315 5467//7315
f 5594//7316 5467//7316 5595//7316
f 5595//7317 5467//7317 5468//7317
f 5595//7317 5468//7317 5596//7317
f 5596//7318 5468//7318 5469//7318
f 5596//7318 5469//7318 5597//7318
f 5597//7319 5469//7319 5470//7319
f 5597//7319 5470//7319 5598//7319
f 5598//7320 5470//7320 5471//7320
f 5598//7320 5471//7320 5599//7320
f 5599//7321 5471//7321 5472//7321
f 5599//7321 5472//7321 5600//7321
f 5600//7322 5472//7322 5473//7322
f 5600//7323 5473//7323 5601//7323
f 5601//7324 5473//7324 5474//7324
f 5601//7324 5474//7324 5602//7324
f 5602//7325 5474//7325 5475//7325
f 5602//7325 5475//7325 5603//7325
f 5603//7326 5475//7326 5476//7326
f 5603//7326 5476//7326 5604//7326
f 5604//7327 5476//7327 5477//7327
f 5604//7327 5477//7327 5605//7327
f 5605//7328 5477//7328 5478//7328
f 5605//7328 5478//7328 5606//7328
f 5606//7329 5478//7329 5479//7329
f 5606//7329 5479//7329 5607//7329
f 5607//7330 5479//7330 5480//7330
f 5607//7331 5480//7331 5608//7331
f 5608//7332 5480//7332 5481//7332
f 5608//7332 5481//7332 5609//7332
f 5609//7333 5481//7333 5482//7333
f 5609//7334 5482//7334 5610//7334
f 5610//7335 5482//7335 5483//7335
f 5610//7335 5483//7335 5611//7335
f 5611//7336 5483//7336 5484//7336
f 5611//7337 5484//7337 5612//7337
f 5612//7338 5484//7338 5485//7338
f 5612//7339 5485//7339 5613//7339
f 5613//7340 5485//7340 5486//7340
f 5613//7340 5486//7340 5614//7340
f 5614//7341 5486//7341 5487//7341
f 5614//7341 5487//7341 5615//7341
f 5615//7342 5487//7342 5488//7342
f 5615//7343 5488//7343 5616//7343
f 5616//7344 5488//7344 5489//7344
f 5616//7344 5489//7344 5617//7344
f 5617//7345 5489//7345 5490//7345
f 5617//7346 5490//7346 5618//7346
f 5618//7347 5490//7347 5491//7347
f 5618//7347 5491//7347 5619//7347
f 5619//7348 5491//7348 5492//7348
f 5619//7348 5492//7348 5620//7348
f 5620//7349 5492//7349 5493//7349
f 5620//7349 5493//7349 5621//7349
f 5621//7350 5493//7350 5494//7350
f 5621//7350 5494//7350 5622//7350
f 5622//7351 5494//7351 5495//7351
f 5622//7351 5495//7351 5623//7351
f 5623//7352 5495//7352 5496//7352
f 5623//7352 5496//7352 5624//7352
f 5624//7353 5496//7353 5497//7353
f 5624//7353 5497//7353 5625//7353
f 5625//7354 5497//7354 5498//7354
f 5625//7354 5498//7354 5626//7354
f 5626//7355 5498//7355 5499//7355
f 5626//7356 5499//7356 5627//7356
f 5627//7357 5499//7357 5500//7357
f 5627//7358 5500//7358 5628//7358
f 5628//7359 5500//7359 5501//7359
f 5628//7359 5501//7359 5629//7359
f 5629//7360 5501//7360 5502//7360
f 5629//7360 5502//7360 5630//7360
f 5630//7361 5502//7361 5503//7361
f 5630//7362 5503//7362 5631//7362
f 5631//7363 5503//7363 5504//7363
f 5631//7364 5504//7364 5632//7364
f 5632//7365 5504//7365 5505//7365
f 5632//7365 5505//7365 5633//7365
f 5633//7366 5505//7366 5506//7366
f 5633//7366 5506//7366 5634//7366
f 5634//7367 5506//7367 5507//7367
f 5634//7367 5507//7367 5635//7367
f 5635//7368 5507//7368 5508//7368
f 5635//7368 5508//7368 5636//7368
f 5636//7369 5508//7369 5509//7369
f 5636//7369 5509//7369 5637//7369
f 5637//7370 5509//7370 5510//7370
f 5637//7370 5510//7370 5638//7370
f 5638//7371 5510//7371 5511//7371
f 5638//7371 5511//7371 5639//7371
f 5639//7372 5511//7372 5512//7372
f 5639//7372 5512//7372 5640//7372
f 5640//7373 5512//7373 5513//7373
f 5640//7374 5513//7374 5641//7374
f 5641//7375 5513//7375 5514//7375
f 5641//7375 5514//7375 5642//7375
f 5642//7376 5514//7376 5515//7376
f 5642//7377 5515//7377 5643//7377
f 5643//7378 5515//7378 5516//7378
f 5643//7379 5516//7379 5644//7379
f 5644//7380 5516//7380 5517//7380
f 5644//7380 5517//7380 5645//7380
f 5645//7381 5517//7381 5518//7381
f 5645//7381 5518//7381 5646//7381
f 5646//7382 5518//7382 5519//7382
f 5646//7382 5519//7382 5647//7382
f 5647//7383 5519//7383 5520//7383
f 5647//7383 5520//7383 5648//7383
f 5648//7384 5520//7384 5521//7384
f 5648//7384 5521//7384 5649//7384
f 5649//7385 5521//7385 5522//7385
f 5649//7385 5522//7385 5650//7385
f 5650//7386 5522//7386 5523//7386
f 5650//7386 5523//7386 5651//7386
f 5651//7387 5523//7387 5524//7387
f 5651//7388 5524//7388 5652//7388
f 5652//7389 5524//7389 5525//7389
f 5652//7390 5525//7390 5653//7390
f 5653//7391 5525//7391 5526//7391
f 5653//7391 5526//7391 5654//7391
f 5654//7392 5526//7392 5527//7392
f 5654//7392 5527//7392 5655//7392
f 5655//7393 5527//7393 5528//7393
f 5655//7393 5528//7393 5656//7393
f 5656//7394 5528//7394 5529//7394
f 5656//7395 5529//7395 5657//7395
f 5657//7396 5529//7396 5530//7396
f 5657//7396 5530//7396 5658//7396
f 5658//7397 5530//7397 5531//7397
f 5658//7397 5531//7397 5659//7397
f 5659//7398 5531//7398 5532//7398
f 5659//7398 5532//7398 5660//7398
f 5660//7399 5532//7399 5533//7399
f 5660//7399 5533//7399 5661//7399
f 5661//7400 5533//7400 5534//7400
f 5661//7400 5534//7400 5662//7400
f 5662//7401 5534//7401 5535//7401
f 5662//7401 5535//7401 5663//7401
f 5663//7402 5535//7402 5536//7402
f 5663//7402 5536//7402 5664//7402
f 5664//7403 5536//7403 5537//7403
f 5664//7404 5537//7404 5665//7404
f 5665//7405 5537//7405 5538//7405
f 5665//7405 5538//7405 5666//7405
f 5666//7406 5538//7406 5539//7406
f 5666//7406 5539//7406 5667//7406
f 5667//7407 5539//7407 5540//7407
f 5667//7408 5540//7408 5668//7408
f 5668//7409 5540//7409 5541//7409
f 5668//7409 5541//7409 5669//7409
f 5669//7410 5541//7410 5542//7410
f 5669//7410 5542//7410 5670//7410
f 5670//7411 5542//7411 5543//7411
f 5670//7412 5543//7412 5671//7412
f 5671//7413 5543//7413 5544//7413
f 5671//7414 5544//7414 5672//7414
f 5672//7415 5544//7415 5545//7415
f 5672//7415 5545//7415 5673//7415
f 5673//7416 5545//7416 5546//7416
f 5673//7417 5546//7417 5674//7417
f 5674//7418 5546//7418 5547//7418
f 5674//7419 5547//7419 5675//7419
f 5675//7420 5547//7420 5548//7420
f 5675//7421 5548//7421 5676//7421
f 5676//7422 5548//7422 5549//7422
f 5676//7422 5549//7422 5677//7422
f 5677//7423 5549//7423 5550//7423
f 5677//7423 5550//7423 5678//7423
f 5678//7424 5550//7424 5551//7424
f 5678//7424 5551//7424 5679//7424
f 5679//7425 5551//7425 5552//7425
f 5679//7425 5552//7425 5680//7425
f 5680//7426 5552//7426 5553//7426
f 5680//7427 5553//7427 5681//7427
f 5681//7428 5553//7428 5554//7428
f 5681//7428 5554//7428 5682//7428
f 5682//7429 5554//7429 5555//7429
f 5682//7430 5555//7430 5683//7430
f 5683//7431 5555//7431 5556//7431
f 5683//7431 5556//7431 5684//7431
f 5684//7432 5556//7432 5557//7432
f 5684//7432 5557//7432 5685//7432
f 5685//7433 5557//7433 5558//7433
f 5685//7433 5558//7433 5686//7433
f 5686//7434 5558//7434 5559//7434
f 5686//7434 5559//7434 5687//7434
f 5687//7435 5559//7435 5560//7435
f 5687//7435 5560//7435 5688//7435
f 5688//7436 5560//7436 5561//7436
f 5688//7437 5561//7437 5689//7437
f 5689//7438 5561//7438 5562//7438
f 5689//7438 5562//7438 5690//7438
f 5690//7439 5562//7439 5563//7439
f 5690//7439 5563//7439 5691//7439
f 5691//7440 5563//7440 5564//7440
f 5691//7440 5564//7440 5692//7440
f 5692//7441 5564//7441 5565//7441
f 5692//7441 5565//7441 5693//7441
f 5693//7442 5565//7442 5566//7442
f 5693//7442 5566//7442 5694//7442
f 5694//7443 5566//7443 5567//7443
f 5694//7443 5567//7443 5695//7443
f 5695//7444 5567//7444 5568//7444
f 5695//7444 5568//7444 5696//7444
f 5696//7445 5568//7445 5569//7445
f 5696//7446 5569//7446 5697//7446
f 5697//7447 5569//7447 5570//7447
f 5697//7447 5570//7447 5698//7447
f 5698//7448 5570//7448 5571//7448
f 5698//7449 5571//7449 5699//7449
f 5699//7450 5571//7450 5572//7450
f 5699//7450 5572//7450 5700//7450
f 5700//7451 5572//7451 5573//7451
f 5700//7451 5573//7451 5701//7451
f 5701//7452 5573//7452 5574//7452
f 5701//7452 5574//7452 5702//7452
f 5702//7453 5574//7453 5575//7453
f 5702//7453 5575//7453 5703//7453
f 5703//7454 5575//7454 5576//7454
f 5703//7454 5576//7454 5704//7454
f 5704//7455 5576//7455 5577//7455
f 5704//7456 5577//7456 5705//7456
f 5705//7457 5577//7457 5578//7457
f 5705//7457 5578//7457 5706//7457
f 5706//7458 5578//7458 5452//7458
f 5706//7458 5452//7458 5580//7458
f 5580//7298 5452//7298 5451//7298
f 5707//7459 3135//7459 5708//7459
f 5708//7459 3135//7459 5709//7459
f 5708//7460 5709//7460 5710//7460
f 5710//7460 5709//7460 5711//7460
f 5710//7461 5711//7461 5712//7461
f 5712//7461 5711//7461 5713//7461
f 5712//7462 5713//7462 5714//7462
f 5714//7463 5713//7463 5715//7463
f 5714//7464 5715//7464 5716//7464
f 5716//7464 5715//7464 5717//7464
f 5716//7465 5717//7465 5718//7465
f 5718//7465 5717//7465 5719//7465
f 5718//7466 5719//7466 5720//7466
f 5720//7466 5719//7466 5721//7466
f 5720//7467 5721//7467 5722//7467
f 5722//7467 5721//7467 5723//7467
f 5722//7468 5723//7468 5724//7468
f 5724//7468 5723//7468 3112//7468
f 3135//7469 3136//7469 5709//7469
f 5709//7470 3136//7470 5725//7470
f 5709//7471 5725//7471 5711//7471
f 5711//7471 5725//7471 5726//7471
f 5711//7472 5726//7472 5713//7472
f 5713//7472 5726//7472 5727//7472
f 5713//7473 5727//7473 5715//7473
f 5715//7473 5727//7473 5728//7473
f 5715//7474 5728//7474 5717//7474
f 5717//7474 5728//7474 5729//7474
f 5717//7475 5729//7475 5719//7475
f 5719//7475 5729//7475 5730//7475
f 5719//7476 5730//7476 5721//7476
f 5721//7476 5730//7476 5731//7476
f 5721//7477 5731//7477 5723//7477
f 5723//7477 5731//7477 5732//7477
f 5723//7478 5732//7478 3112//7478
f 3112//7478 5732//7478 3113//7478
f 3136//7479 3137//7479 5725//7479
f 5725//7480 3137//7480 4681//7480
f 5725//7481 4681//7481 5726//7481
f 5726//7482 4681//7482 5733//7482
f 5726//7483 5733//7483 5727//7483
f 5727//7483 5733//7483 5734//7483
f 5727//7484 5734//7484 5728//7484
f 5728//7484 5734//7484 5735//7484
f 5728//7485 5735//7485 5729//7485
f 5729//7485 5735//7485 5736//7485
f 5729//7486 5736//7486 5730//7486
f 5730//7487 5736//7487 5737//7487
f 5730//7488 5737//7488 5731//7488
f 5731//7488 5737//7488 5738//7488
f 5731//7489 5738//7489 5732//7489
f 5732//7489 5738//7489 5739//7489
f 5732//7490 5739//7490 3113//7490
f 3113//7490 5739//7490 2867//7490
f 3139//7491 3140//7491 4681//7491
f 4681//7491 3140//7491 4679//7491
f 4681//7492 4679//7492 5733//7492
f 5733//7492 4679//7492 4677//7492
f 5733//7493 4677//7493 5734//7493
f 5734//7493 4677//7493 4675//7493
f 5734//7494 4675//7494 5735//7494
f 5735//7495 4675//7495 4673//7495
f 5735//7496 4673//7496 5736//7496
f 5736//7496 4673//7496 4671//7496
f 5736//7497 4671//7497 5737//7497
f 5737//7497 4671//7497 4669//7497
f 5737//7498 4669//7498 5738//7498
f 5738//7498 4669//7498 4667//7498
f 5738//7499 4667//7499 5739//7499
f 5739//7500 4667//7500 4665//7500
f 5739//7501 4665//7501 2867//7501
f 2867//7501 4665//7501 2868//7501
f 5579//7502 5740//7502 3035//7502
f 2868//5875 4666//5875 2870//5875
f 2870//7503 4666//7503 5581//7503
f 2870//7503 5581//7503 2877//7503
f 2877//7504 5581//7504 5582//7504
f 2877//7504 5582//7504 2878//7504
f 2878//7505 5582//7505 5583//7505
f 2878//7505 5583//7505 2879//7505
f 2879//7506 5583//7506 5584//7506
f 2879//7506 5584//7506 2892//7506
f 2892//7507 5584//7507 5585//7507
f 2892//7507 5585//7507 2876//7507
f 2876//7508 5585//7508 5586//7508
f 2876//7508 5586//7508 2871//7508
f 2871//7509 5586//7509 5587//7509
f 2871//7509 5587//7509 2872//7509
f 2872//7510 5587//7510 5588//7510
f 2872//7510 5588//7510 2885//7510
f 2885//7511 5588//7511 5589//7511
f 2885//7511 5589//7511 2886//7511
f 2886//7512 5589//7512 5590//7512
f 2886//7512 5590//7512 2887//7512
f 2887//7513 5590//7513 5591//7513
f 2887//7513 5591//7513 3010//7513
f 3010//7514 5591//7514 5592//7514
f 3010//7514 5592//7514 2909//7514
f 2909//7515 5592//7515 5593//7515
f 2909//7515 5593//7515 2925//7515
f 2925//7516 5593//7516 5594//7516
f 2925//7516 5594//7516 2964//7516
f 2964//7517 5594//7517 5595//7517
f 2964//7517 5595//7517 2965//7517
f 2965//7518 5595//7518 5596//7518
f 2965//7518 5596//7518 2966//7518
f 2966//7519 5596//7519 5597//7519
f 2966//7519 5597//7519 3023//7519
f 3023//7520 5597//7520 5598//7520
f 3023//7520 5598//7520 3024//7520
f 3024//7521 5598//7521 5599//7521
f 3024//7521 5599//7521 3025//7521
f 3025//7522 5599//7522 5600//7522
f 3025//7522 5600//7522 3026//7522
f 3026//7523 5600//7523 5601//7523
f 3026//7523 5601//7523 3027//7523
f 3027//7524 5601//7524 5602//7524
f 3027//7524 5602//7524 3028//7524
f 3028//7525 5602//7525 5603//7525
f 3028//7525 5603//7525 3029//7525
f 3029//7526 5603//7526 5604//7526
f 3029//7526 5604//7526 3030//7526
f 3030//7527 5604//7527 5605//7527
f 3030//7527 5605//7527 2996//7527
f 2996//7528 5605//7528 5606//7528
f 2996//7528 5606//7528 2997//7528
f 2997//7529 5606//7529 5607//7529
f 2997//7529 5607//7529 2998//7529
f 2998//7530 5607//7530 5608//7530
f 2998//7530 5608//7530 2999//7530
f 2999//7531 5608//7531 5609//7531
f 2999//7531 5609//7531 3031//7531
f 3031//7532 5609//7532 5610//7532
f 3031//7532 5610//7532 3032//7532
f 3032//7533 5610//7533 5611//7533
f 3032//7533 5611//7533 3033//7533
f 3033//7534 5611//7534 5612//7534
f 3033//7534 5612//7534 3078//7534
f 3078//7535 5612//7535 5613//7535
f 3078//7536 5613//7536 3079//7536
f 3079//7537 5613//7537 5614//7537
f 3079//7537 5614//7537 3000//7537
f 3000//7538 5614//7538 5615//7538
f 3000//7538 5615//7538 3001//7538
f 3001//7539 5615//7539 5616//7539
f 3001//7539 5616//7539 3002//7539
f 3002//7540 5616//7540 5617//7540
f 3002//7540 5617//7540 3003//7540
f 3003//7541 5617//7541 5618//7541
f 3003//7541 5618//7541 3004//7541
f 3004//7542 5618//7542 5619//7542
f 3004//7542 5619//7542 3005//7542
f 3005//7543 5619//7543 5620//7543
f 3005//7543 5620//7543 3006//7543
f 3006//7544 5620//7544 5621//7544
f 3006//7545 5621//7545 3053//7545
f 3053//7546 5621//7546 5622//7546
f 3053//7546 5622//7546 3054//7546
f 3054//7547 5622//7547 5623//7547
f 3054//7547 5623//7547 3055//7547
f 3055//7548 5623//7548 5624//7548
f 3055//7548 5624//7548 3080//7548
f 3080//7549 5624//7549 5625//7549
f 3080//7549 5625//7549 3081//7549
f 3081//7550 5625//7550 5626//7550
f 3081//7550 5626//7550 3082//7550
f 3082//7551 5626//7551 5627//7551
f 3082//7551 5627//7551 3099//7551
f 3099//7552 5627//7552 5628//7552
f 3099//7552 5628//7552 3100//7552
f 3100//7553 5628//7553 5629//7553
f 3100//7553 5629//7553 3007//7553
f 3007//7554 5629//7554 5630//7554
f 3007//7554 5630//7554 3008//7554
f 3008//7555 5630//7555 5631//7555
f 3008//7555 5631//7555 3056//7555
f 3056//7556 5631//7556 5632//7556
f 3056//7556 5632//7556 3057//7556
f 3057//7557 5632//7557 5633//7557
f 3057//7557 5633//7557 2967//7557
f 2967//7558 5633//7558 5634//7558
f 2967//7558 5634//7558 2968//7558
f 2968//7559 5634//7559 5635//7559
f 2968//7559 5635//7559 2933//7559
f 2933//7560 5635//7560 5636//7560
f 2933//7560 5636//7560 2928//7560
f 2928//7561 5636//7561 5637//7561
f 2928//7562 5637//7562 2929//7562
f 2929//7563 5637//7563 5638//7563
f 2929//7563 5638//7563 3058//7563
f 3058//7564 5638//7564 5639//7564
f 3058//7564 5639//7564 3059//7564
f 3059//7565 5639//7565 5640//7565
f 3059//7565 5640//7565 3060//7565
f 3060//7566 5640//7566 5641//7566
f 3060//7566 5641//7566 3083//7566
f 3083//7567 5641//7567 5642//7567
f 3083//7567 5642//7567 3084//7567
f 3084//7568 5642//7568 5643//7568
f 3084//7568 5643//7568 3063//7568
f 3063//7569 5643//7569 5644//7569
f 3063//7569 5644//7569 3062//7569
f 3062//7570 5644//7570 5645//7570
f 3062//7570 5645//7570 3061//7570
f 3061//7571 5645//7571 5646//7571
f 3061//7571 5646//7571 3114//7571
f 3114//7572 5646//7572 5647//7572
f 3114//7573 5647//7573 3115//7573
f 3115//7574 5647//7574 5648//7574
f 3115//7574 5648//7574 3116//7574
f 3116//7575 5648//7575 5649//7575
f 3116//7575 5649//7575 3117//7575
f 3117//7576 5649//7576 5650//7576
f 3117//7576 5650//7576 3118//7576
f 3118//7577 5650//7577 5651//7577
f 3118//7577 5651//7577 3087//7577
f 3087//7578 5651//7578 5652//7578
f 3087//7578 5652//7578 3086//7578
f 3086//7579 5652//7579 5653//7579
f 3086//7579 5653//7579 3085//7579
f 3085//7580 5653//7580 5654//7580
f 3085//7580 5654//7580 3101//7580
f 3101//7581 5654//7581 5655//7581
f 3101//7581 5655//7581 3102//7581
f 3102//7582 5655//7582 5656//7582
f 3102//7582 5656//7582 3103//7582
f 3103//7583 5656//7583 5657//7583
f 3103//7583 5657//7583 3119//7583
f 3119//7584 5657//7584 5658//7584
f 3119//7584 5658//7584 3120//7584
f 3120//7585 5658//7585 5659//7585
f 3120//7585 5659//7585 3121//7585
f 3121//7586 5659//7586 5660//7586
f 3121//7586 5660//7586 3123//7586
f 3123//7587 5660//7587 5661//7587
f 3123//7587 5661//7587 3108//7587
f 3108//7588 5661//7588 5662//7588
f 3108//7588 5662//7588 3104//7588
f 3104//7589 5662//7589 5663//7589
f 3104//7589 5663//7589 3105//7589
f 3105//7590 5663//7590 5664//7590
f 3105//7590 5664//7590 3124//7590
f 3124//7591 5664//7591 5665//7591
f 3124//7591 5665//7591 3125//7591
f 3125//7592 5665//7592 5666//7592
f 3125//7592 5666//7592 3126//7592
f 3126//7593 5666//7593 5667//7593
f 3126//7593 5667//7593 3131//7593
f 3131//7594 5667//7594 5668//7594
f 3131//7594 5668//7594 3132//7594
f 3132//7595 5668//7595 5669//7595
f 3132//7595 5669//7595 3064//7595
f 3064//7596 5669//7596 5670//7596
f 3064//7596 5670//7596 3065//7596
f 3065//7597 5670//7597 5671//7597
f 3065//7597 5671//7597 3066//7597
f 3066//7598 5671//7598 5672//7598
f 3066//7598 5672//7598 3127//7598
f 3127//7599 5672//7599 5673//7599
f 3127//7599 5673//7599 3106//7599
f 3106//7600 5673//7600 5674//7600
f 3106//7600 5674//7600 3107//7600
f 3107//7601 5674//7601 5675//7601
f 3107//7601 5675//7601 3109//7601
f 3109//7602 5675//7602 5676//7602
f 3109//7602 5676//7602 3110//7602
f 3110//7603 5676//7603 5677//7603
f 3110//7603 5677//7603 3122//7603
f 3122//7604 5677//7604 5678//7604
f 3122//7604 5678//7604 2930//7604
f 2930//7605 5678//7605 5679//7605
f 2930//7605 5679//7605 3009//7605
f 3009//7606 5679//7606 5680//7606
f 3009//7606 5680//7606 2931//7606
f 2931//7607 5680//7607 5681//7607
f 2931//7607 5681//7607 2932//7607
f 2932//7608 5681//7608 5682//7608
f 2932//7608 5682//7608 2969//7608
f 2969//7609 5682//7609 5683//7609
f 2969//7609 5683//7609 2926//7609
f 2926//7610 5683//7610 5684//7610
f 2926//7610 5684//7610 2927//7610
f 2927//7611 5684//7611 5685//7611
f 2927//7611 5685//7611 2907//7611
f 2907//7612 5685//7612 5686//7612
f 2907//7612 5686//7612 2908//7612
f 2908//7613 5686//7613 5687//7613
f 2908//7613 5687//7613 2910//7613
f 2910//7614 5687//7614 5688//7614
f 2910//7614 5688//7614 2911//7614
f 2911//7615 5688//7615 5689//7615
f 2911//7615 5689//7615 2970//7615
f 2970//7616 5689//7616 5690//7616
f 2970//7616 5690//7616 2971//7616
f 2971//7617 5690//7617 5691//7617
f 2971//7617 5691//7617 2972//7617
f 2972//7618 5691//7618 5692//7618
f 2972//7618 5692//7618 3011//7618
f 3011//7619 5692//7619 5693//7619
f 3011//7619 5693//7619 2873//7619
f 2873//7620 5693//7620 5694//7620
f 2873//7620 5694//7620 2888//7620
f 2888//7621 5694//7621 5695//7621
f 2888//7621 5695//7621 2874//7621
f 2874//7622 5695//7622 5696//7622
f 2874//7622 5696//7622 2875//7622
f 2875//7623 5696//7623 5697//7623
f 2875//7623 5697//7623 2889//7623
f 2889//7624 5697//7624 5698//7624
f 2889//7624 5698//7624 2890//7624
f 2890//7625 5698//7625 5699//7625
f 2890//7625 5699//7625 2891//7625
f 2891//7626 5699//7626 5700//7626
f 2891//7626 5700//7626 3012//7626
f 3012//7627 5700//7627 5701//7627
f 3012//7627 5701//7627 3013//7627
f 3013//7628 5701//7628 5702//7628
f 3013//7628 5702//7628 2973//7628
f 2973//7629 5702//7629 5703//7629
f 2973//7629 5703//7629 2974//7629
f 2974//7630 5703//7630 5704//7630
f 2974//7630 5704//7630 2975//7630
f 2975//7631 5704//7631 5705//7631
f 2975//7631 5705//7631 2976//7631
f 2976//7632 5705//7632 5706//7632
f 2976//7632 5706//7632 3034//7632
f 3034//7633 5706//7633 5580//7633
f 3034//7633 5580//7633 3035//7633
f 3035//7502 5580//7502 5579//7502
f 1917//7634 2798//7634 5741//7634
f 749//7634 739//7634 5742//7634
f 5742//7634 739//7634 5743//7634
f 5743//7634 739//7634 298//7634
f 5743//7634 298//7634 5744//7634
f 5744//7634 298//7634 297//7634
f 5744//7634 297//7634 5745//7634
f 5745//7634 297//7634 729//7634
f 5745//7634 729//7634 5746//7634
f 5746//7634 729//7634 712//7634
f 5746//7634 712//7634 5747//7634
f 5747//7634 712//7634 704//7634
f 5747//7634 704//7634 5748//7634
f 5748//7634 704//7634 703//7634
f 5748//7634 703//7634 5749//7634
f 5749//7634 703//7634 686//7634
f 5749//7634 686//7634 5750//7634
f 5750//7634 686//7634 281//7634
f 5750//7634 281//7634 5741//7634
f 5741//7634 281//7634 280//7634
f 5741//7634 280//7634 683//7634
f 2739//7634 2738//7634 5741//7634
f 683//7634 264//7634 5741//7634
f 5741//7634 264//7634 263//7634
f 5741//7634 263//7634 671//7634
f 671//7634 654//7634 5741//7634
f 5741//7634 654//7634 646//7634
f 5741//7634 646//7634 645//7634
f 246//7634 625//7634 5741//7634
f 5741//7634 625//7634 608//7634
f 5741//7634 608//7634 600//7634
f 5741//7634 230//7634 229//7634
f 536//7634 5741//7634 553//7634
f 553//7634 5741//7634 554//7634
f 2856//7634 1935//7634 5741//7634
f 2827//7634 2819//7634 5741//7634
f 5741//7634 2819//7634 2818//7634
f 2798//7634 2781//7634 5741//7634
f 5741//7634 2781//7634 2773//7634
f 5741//7634 2773//7634 2772//7634
f 2772//7634 2755//7634 5741//7634
f 5741//7634 2755//7634 2754//7634
f 5741//7634 2754//7634 2739//7634
f 1187//7634 434//7634 5742//7634
f 645//7634 635//7634 5741//7634
f 5741//7634 635//7634 247//7634
f 5741//7634 247//7634 246//7634
f 1935//7634 1934//7634 5741//7634
f 5741//7634 1934//7634 2844//7634
f 5741//7634 2844//7634 2827//7634
f 2818//7634 2808//7634 5741//7634
f 5741//7634 2808//7634 1918//7634
f 5741//7634 1918//7634 1917//7634
f 2738//7634 1901//7634 5741//7634
f 5741//7634 1901//7634 1900//7634
f 5741//7634 1900//7634 5751//7634
f 5751//7634 1900//7634 2726//7634
f 5751//7634 2726//7634 2709//7634
f 434//7634 433//7634 5742//7634
f 5742//7634 433//7634 1175//7634
f 5742//7634 1175//7634 1158//7634
f 1011//7634 994//7634 5742//7634
f 5742//7634 994//7634 986//7634
f 788//7634 787//7634 5742//7634
f 600//7634 599//7634 5741//7634
f 5741//7634 599//7634 582//7634
f 5741//7634 582//7634 230//7634
f 229//7634 579//7634 5741//7634
f 5741//7634 579//7634 562//7634
f 5741//7634 562//7634 554//7634
f 536//7634 519//7634 5741//7634
f 5741//7634 519//7634 5752//7634
f 5741//7634 5752//7634 2856//7634
f 1158//7634 1150//7634 5742//7634
f 5742//7634 1150//7634 1149//7634
f 5742//7634 1149//7634 1139//7634
f 1139//7634 417//7634 5742//7634
f 5742//7634 417//7634 416//7634
f 5742//7634 416//7634 1129//7634
f 986//7634 985//7634 5742//7634
f 5742//7634 985//7634 968//7634
f 5742//7634 968//7634 366//7634
f 1365//7634 1348//7634 5753//7634
f 1276//7634 1268//7634 5754//7634
f 5754//7634 1268//7634 1267//7634
f 5754//7634 1267//7634 5755//7634
f 5755//7634 1267//7634 1257//7634
f 5755//7634 1257//7634 5756//7634
f 5756//7634 1257//7634 451//7634
f 5756//7634 451//7634 5757//7634
f 5757//7634 451//7634 450//7634
f 5757//7634 450//7634 5758//7634
f 5758//7634 450//7634 1247//7634
f 5758//7634 1247//7634 5759//7634
f 5759//7634 1247//7634 1230//7634
f 5759//7634 1230//7634 5760//7634
f 5760//7634 1230//7634 1222//7634
f 5760//7634 1222//7634 5761//7634
f 5761//7634 1222//7634 1221//7634
f 5761//7634 1221//7634 5762//7634
f 5762//7634 1221//7634 1204//7634
f 5762//7634 1204//7634 5763//7634
f 5763//7634 1204//7634 1203//7634
f 5763//7634 1203//7634 5742//7634
f 5742//7634 1203//7634 1188//7634
f 5742//7634 1188//7634 1187//7634
f 2444//7634 2427//7634 5764//7634
f 5764//7634 2427//7634 2419//7634
f 399//7634 1083//7634 5742//7634
f 5742//7634 1083//7634 1066//7634
f 1066//7634 1058//7634 5742//7634
f 5742//7634 1058//7634 1057//7634
f 5742//7634 1057//7634 1040//7634
f 1021//7634 383//7634 5742//7634
f 5742//7634 383//7634 382//7634
f 5742//7634 382//7634 1011//7634
f 867//7634 857//7634 5742//7634
f 775//7634 758//7634 5742//7634
f 5742//7634 758//7634 750//7634
f 5742//7634 750//7634 749//7634
f 5753//7634 1662//7634 2012//7634
f 1365//7634 5753//7634 484//7634
f 1348//7634 1340//7634 5753//7634
f 5753//7634 1340//7634 1339//7634
f 5753//7634 1339//7634 1322//7634
f 2709//7634 2701//7634 5751//7634
f 5751//7634 2701//7634 2700//7634
f 5751//7634 2700//7634 5765//7634
f 5765//7634 2700//7634 2690//7634
f 5765//7634 2690//7634 5766//7634
f 5766//7634 2690//7634 1884//7634
f 5766//7634 1884//7634 5767//7634
f 5767//7634 1884//7634 1883//7634
f 5767//7634 1883//7634 5768//7634
f 5768//7634 1883//7634 2680//7634
f 5768//7634 2680//7634 5769//7634
f 5769//7634 2680//7634 2663//7634
f 5769//7634 2663//7634 5770//7634
f 5770//7634 2663//7634 2655//7634
f 5770//7634 2655//7634 5771//7634
f 5771//7634 2655//7634 2654//7634
f 5771//7634 2654//7634 5772//7634
f 5772//7634 2654//7634 2637//7634
f 5772//7634 2637//7634 5764//7634
f 5764//7634 2637//7634 2636//7634
f 5764//7634 2636//7634 2621//7634
f 2338//7634 1782//7634 5764//7634
f 5764//7634 1782//7634 1781//7634
f 1781//7634 2326//7634 5764//7634
f 5764//7634 2326//7634 2309//7634
f 5764//7634 2309//7634 2301//7634
f 2220//7634 1748//7634 5764//7634
f 5764//7634 1748//7634 1747//7634
f 5764//7634 1747//7634 2208//7634
f 1040//7634 1032//7634 5742//7634
f 5742//7634 1032//7634 1031//7634
f 5742//7634 1031//7634 1021//7634
f 366//7634 365//7634 5742//7634
f 5742//7634 365//7634 965//7634
f 5742//7634 965//7634 948//7634
f 948//7634 940//7634 5742//7634
f 5742//7634 940//7634 939//7634
f 5742//7634 939//7634 922//7634
f 922//7634 921//7634 5742//7634
f 5742//7634 921//7634 906//7634
f 5742//7634 906//7634 905//7634
f 821//7634 804//7634 5742//7634
f 5742//7634 804//7634 803//7634
f 5742//7634 803//7634 788//7634
f 787//7634 315//7634 5742//7634
f 5742//7634 315//7634 314//7634
f 5742//7634 314//7634 775//7634
f 2116//7634 1697//7634 5753//7634
f 1697//7634 1696//7634 5753//7634
f 5753//7634 1696//7634 2104//7634
f 5753//7634 2104//7634 2087//7634
f 2068//7634 1680//7634 5753//7634
f 5753//7634 1680//7634 1679//7634
f 5753//7634 1679//7634 2058//7634
f 2058//7634 2041//7634 5753//7634
f 5753//7634 2041//7634 2033//7634
f 5753//7634 2033//7634 2032//7634
f 1322//7634 1321//7634 5753//7634
f 5753//7634 1321//7634 1306//7634
f 5753//7634 1306//7634 1305//7634
f 2419//7634 2418//7634 5764//7634
f 5764//7634 2418//7634 2401//7634
f 5764//7634 2401//7634 1799//7634
f 1799//7634 1798//7634 5764//7634
f 5764//7634 1798//7634 2398//7634
f 5764//7634 2398//7634 2381//7634
f 2355//7634 2354//7634 5764//7634
f 5764//7634 2354//7634 2339//7634
f 5764//7634 2339//7634 2338//7634
f 2301//7634 2300//7634 5764//7634
f 5764//7634 2300//7634 2290//7634
f 5764//7634 2290//7634 1765//7634
f 1129//7634 1112//7634 5742//7634
f 5742//7634 1112//7634 1104//7634
f 5742//7634 1104//7634 1103//7634
f 905//7634 349//7634 5742//7634
f 5742//7634 349//7634 348//7634
f 5742//7634 348//7634 893//7634
f 893//7634 876//7634 5742//7634
f 5742//7634 876//7634 868//7634
f 5742//7634 868//7634 867//7634
f 5764//7634 2182//7634 5773//7634
f 5773//7634 2182//7634 2172//7634
f 5773//7634 2172//7634 5774//7634
f 5774//7634 2172//7634 1731//7634
f 5774//7634 1731//7634 5775//7634
f 5775//7634 1731//7634 1730//7634
f 5775//7634 1730//7634 5776//7634
f 5776//7634 1730//7634 2162//7634
f 5776//7634 2162//7634 5777//7634
f 5777//7634 2162//7634 2145//7634
f 5777//7634 2145//7634 5778//7634
f 5778//7634 2145//7634 2137//7634
f 5778//7634 2137//7634 5779//7634
f 5779//7634 2137//7634 2136//7634
f 5779//7634 2136//7634 5780//7634
f 5780//7634 2136//7634 2119//7634
f 5780//7634 2119//7634 5781//7634
f 5781//7634 2119//7634 1714//7634
f 5781//7634 1714//7634 5753//7634
f 5753//7634 1714//7634 1713//7634
f 5753//7634 1713//7634 2116//7634
f 2087//7634 2079//7634 5753//7634
f 5753//7634 2079//7634 2078//7634
f 5753//7634 2078//7634 2068//7634
f 2032//7634 2015//7634 5753//7634
f 5753//7634 2015//7634 1663//7634
f 5753//7634 1663//7634 1662//7634
f 1386//7634 1385//7634 5753//7634
f 1305//7634 468//7634 5753//7634
f 5753//7634 468//7634 467//7634
f 5753//7634 467//7634 5754//7634
f 5754//7634 467//7634 1293//7634
f 5754//7634 1293//7634 1276//7634
f 2490//7634 2473//7634 5764//7634
f 2381//7634 2373//7634 5764//7634
f 5764//7634 2373//7634 2372//7634
f 5764//7634 2372//7634 2355//7634
f 2208//7634 2191//7634 5764//7634
f 5764//7634 2191//7634 2183//7634
f 5764//7634 2183//7634 2182//7634
f 1103//7634 1086//7634 5742//7634
f 5742//7634 1086//7634 400//7634
f 5742//7634 400//7634 399//7634
f 857//7634 332//7634 5742//7634
f 5742//7634 332//7634 331//7634
f 5742//7634 331//7634 847//7634
f 847//7634 830//7634 5742//7634
f 5742//7634 830//7634 822//7634
f 5742//7634 822//7634 821//7634
f 2012//7634 1995//7634 5753//7634
f 5753//7634 1995//7634 1987//7634
f 5753//7634 1987//7634 1986//7634
f 1385//7634 1375//7634 5753//7634
f 5753//7634 1375//7634 485//7634
f 5753//7634 485//7634 484//7634
f 1765//7634 1764//7634 5764//7634
f 5764//7634 1764//7634 2280//7634
f 5764//7634 2280//7634 2263//7634
f 2263//7634 2255//7634 5764//7634
f 5764//7634 2255//7634 2254//7634
f 5764//7634 2254//7634 2237//7634
f 2621//7634 2620//7634 5764//7634
f 5764//7634 2620//7634 1867//7634
f 5764//7634 1867//7634 1866//7634
f 1866//7634 2608//7634 5764//7634
f 5764//7634 2608//7634 2591//7634
f 5764//7634 2591//7634 2583//7634
f 2583//7634 2582//7634 5764//7634
f 5764//7634 2582//7634 2572//7634
f 5764//7634 2572//7634 1850//7634
f 2516//7634 2499//7634 5764//7634
f 5764//7634 2499//7634 2491//7634
f 5764//7634 2491//7634 2490//7634
f 2473//7634 2465//7634 5764//7634
f 5764//7634 2465//7634 2464//7634
f 5764//7634 2464//7634 2454//7634
f 2237//7634 2236//7634 5764//7634
f 5764//7634 2236//7634 2221//7634
f 5764//7634 2221//7634 2220//7634
f 1986//7634 1969//7634 5753//7634
f 5753//7634 1969//7634 1952//7634
f 5753//7634 1952//7634 5782//7634
f 5782//7634 1423//7634 5753//7634
f 5753//7634 1423//7634 502//7634
f 5753//7634 502//7634 501//7634
f 501//7634 1411//7634 5753//7634
f 5753//7634 1411//7634 1394//7634
f 5753//7634 1394//7634 1386//7634
f 1850//7634 1849//7634 5764//7634
f 5764//7634 1849//7634 2562//7634
f 5764//7634 2562//7634 2545//7634
f 2545//7634 2537//7634 5764//7634
f 5764//7634 2537//7634 2536//7634
f 5764//7634 2536//7634 2519//7634
f 2454//7634 1816//7634 5764//7634
f 5764//7634 1816//7634 1815//7634
f 5764//7634 1815//7634 2444//7634
f 2519//7634 1833//7634 5764//7634
f 5764//7634 1833//7634 1832//7634
f 5764//7634 1832//7634 2516//7634
f 5783//7635 5751//7635 5784//7635
f 5784//7636 5751//7636 5765//7636
f 5784//7637 5765//7637 5785//7637
f 5785//7637 5765//7637 5766//7637
f 5785//7638 5766//7638 5786//7638
f 5786//7638 5766//7638 5767//7638
f 5786//7639 5767//7639 5787//7639
f 5787//7640 5767//7640 5768//7640
f 5787//7641 5768//7641 5788//7641
f 5788//7641 5768//7641 5769//7641
f 5788//7642 5769//7642 5789//7642
f 5789//7642 5769//7642 5770//7642
f 5789//7643 5770//7643 5790//7643
f 5790//7643 5770//7643 5771//7643
f 5790//7644 5771//7644 5791//7644
f 5791//7644 5771//7644 5772//7644
f 5791//7645 5772//7645 5792//7645
f 5792//7645 5772//7645 5764//7645
f 5751//7646 5783//7646 5741//7646
f 5741//7646 5783//7646 5793//7646
f 5773//7647 5794//7647 5764//7647
f 5764//7647 5794//7647 5792//7647
f 5792//7634 5794//7634 5795//7634
f 5796//7634 5797//7634 5794//7634
f 5792//7634 5784//7634 5785//7634
f 5785//7634 5786//7634 5792//7634
f 5792//7634 5786//7634 5787//7634
f 5792//7634 5787//7634 5788//7634
f 5798//7634 5799//7634 5800//7634
f 5801//7634 5802//7634 5793//7634
f 5803//7634 5804//7634 5802//7634
f 5788//7634 5789//7634 5792//7634
f 5792//7634 5789//7634 5790//7634
f 5792//7634 5790//7634 5791//7634
f 5797//7634 5805//7634 5794//7634
f 5794//7634 5805//7634 5806//7634
f 5794//7634 5806//7634 5795//7634
f 5784//7634 5792//7634 5783//7634
f 5783//7634 5792//7634 5795//7634
f 5783//7634 5795//7634 5793//7634
f 5793//7634 5795//7634 5807//7634
f 5793//7634 5807//7634 5801//7634
f 5801//7634 5807//7634 5808//7634
f 5801//7634 5808//7634 5809//7634
f 5809//7634 5810//7634 5801//7634
f 5801//7634 5810//7634 5811//7634
f 5801//7634 5811//7634 5812//7634
f 5813//7634 5814//7634 5815//7634
f 5796//7634 5794//7634 5800//7634
f 5800//7634 5794//7634 5816//7634
f 5800//7634 5816//7634 5798//7634
f 5812//7634 5817//7634 5801//7634
f 5801//7634 5817//7634 5818//7634
f 5801//7634 5818//7634 5819//7634
f 5804//7634 5820//7634 5802//7634
f 5802//7634 5820//7634 5821//7634
f 5802//7634 5821//7634 5793//7634
f 5803//7634 5802//7634 5815//7634
f 5815//7634 5802//7634 5822//7634
f 5815//7634 5822//7634 5813//7634
f 5802//7648 5742//7648 5822//7648
f 5822//7648 5742//7648 5743//7648
f 5822//7649 5743//7649 5813//7649
f 5813//7649 5743//7649 5744//7649
f 5813//7650 5744//7650 5814//7650
f 5814//7650 5744//7650 5745//7650
f 5814//7651 5745//7651 5815//7651
f 5815//7651 5745//7651 5746//7651
f 5815//7652 5746//7652 5803//7652
f 5803//7652 5746//7652 5747//7652
f 5803//7653 5747//7653 5804//7653
f 5804//7654 5747//7654 5748//7654
f 5804//7655 5748//7655 5820//7655
f 5820//7655 5748//7655 5749//7655
f 5820//7656 5749//7656 5821//7656
f 5821//7656 5749//7656 5750//7656
f 5821//7657 5750//7657 5793//7657
f 5793//7658 5750//7658 5741//7658
f 5794//7659 5773//7659 5816//7659
f 5816//7659 5773//7659 5774//7659
f 5816//7660 5774//7660 5798//7660
f 5798//7660 5774//7660 5775//7660
f 5798//7661 5775//7661 5799//7661
f 5799//7661 5775//7661 5776//7661
f 5799//7662 5776//7662 5800//7662
f 5800//7662 5776//7662 5777//7662
f 5800//7663 5777//7663 5796//7663
f 5796//7663 5777//7663 5778//7663
f 5796//7664 5778//7664 5797//7664
f 5797//7665 5778//7665 5779//7665
f 5797//7666 5779//7666 5805//7666
f 5805//7666 5779//7666 5780//7666
f 5805//7667 5780//7667 5806//7667
f 5806//7667 5780//7667 5781//7667
f 5806//7668 5781//7668 5795//7668
f 5795//7669 5781//7669 5753//7669
f 5754//7670 5807//7670 5753//7670
f 5753//7670 5807//7670 5795//7670
f 5807//7671 5754//7671 5808//7671
f 5808//7672 5754//7672 5755//7672
f 5808//7673 5755//7673 5809//7673
f 5809//7673 5755//7673 5756//7673
f 5809//7674 5756//7674 5810//7674
f 5810//7674 5756//7674 5757//7674
f 5810//7675 5757//7675 5811//7675
f 5811//7676 5757//7676 5758//7676
f 5811//7677 5758//7677 5812//7677
f 5812//7677 5758//7677 5759//7677
f 5812//7678 5759//7678 5817//7678
f 5817//7678 5759//7678 5760//7678
f 5817//7679 5760//7679 5818//7679
f 5818//7679 5760//7679 5761//7679
f 5818//7680 5761//7680 5819//7680
f 5819//7680 5761//7680 5762//7680
f 5819//7681 5762//7681 5801//7681
f 5801//7681 5762//7681 5763//7681
f 5742//7682 5802//7682 5763//7682
f 5763//7682 5802//7682 5801//7682
